gamma,log_neg_analytic,Q_degradable_analytic_LB_on_K2way
0.0010,0.9992784721,0.9938008937
0.0020,0.9985580273,0.9886167825
0.0030,0.9978372225,0.9838117772
0.0040,0.9971160574,0.9792531087
0.0050,0.9963945317,0.9748775496
0.0060,0.9956726449,0.9706477869
0.0070,0.9949503967,0.9665391266
0.0080,0.9942277868,0.9625339946
0.0090,0.9935048147,0.9586192358
0.0100,0.9927814802,0.9547846293
0.0110,0.9920577828,0.9510220032
0.0120,0.9913337222,0.9473246729
0.0130,0.9906092981,0.9436870688
0.0140,0.9898845100,0.9401044781
0.0150,0.9891593576,0.9365728611
0.0160,0.9884338405,0.9330887165
0.0170,0.9877079584,0.9296489801
0.0180,0.9869817109,0.9262509484
0.0190,0.9862550976,0.9228922178
0.0200,0.9855281181,0.9195706375
0.0210,0.9848007722,0.9162842719
0.0220,0.9840730593,0.9130313694
0.0230,0.9833449792,0.9098103378
0.0240,0.9826165315,0.9066197231
0.0250,0.9818877158,0.9034581927
0.0260,0.9811585318,0.9003245205
0.0269,0.9804289789,0.8972175748
0.0279,0.9796990570,0.8941363077
0.0289,0.9789687656,0.8910797463
0.0299,0.9782381043,0.8880469849
0.0309,0.9775070728,0.8850371781
0.0319,0.9767756707,0.8820495354
0.0329,0.9760438976,0.8790833154
0.0339,0.9753117532,0.8761378222
0.0349,0.9745792369,0.8732124005
0.0359,0.9738463486,0.8703064329
0.0369,0.9731130878,0.8674193361
0.0379,0.9723794541,0.8645505587
0.0389,0.9716454472,0.8616995782
0.0399,0.9709110666,0.8588658991
0.0409,0.9701763120,0.8560490508
0.0419,0.9694411830,0.8532485857
0.0429,0.9687056792,0.8504640776
0.0439,0.9679698003,0.8476951204
0.0449,0.9672335458,0.8449413262
0.0459,0.9664969154,0.8422023247
0.0469,0.9657599087,0.8394777618
0.0479,0.9650225253,0.8367672984
0.0489,0.9642847648,0.8340706098
0.0499,0.9635466268,0.8313873846
0.0509,0.9628081110,0.8287173237
0.0519,0.9620692170,0.8260601401
0.0529,0.9613299443,0.8234155578
0.0539,0.9605902926,0.8207833114
0.0549,0.9598502615,0.8181631452
0.0559,0.9591098506,0.8155548131
0.0569,0.9583690595,0.8129580778
0.0579,0.9576278879,0.8103727102
0.0589,0.9568863353,0.8077984895
0.0599,0.9561444013,0.8052352021
0.0609,0.9554020856,0.8026826420
0.0619,0.9546593877,0.8001406096
0.0629,0.9539163073,0.7976089121
0.0639,0.9531728440,0.7950873628
0.0649,0.9524289973,0.7925757809
0.0659,0.9516847669,0.7900739910
0.0669,0.9509401524,0.7875818235
0.0679,0.9501951534,0.7850991136
0.0689,0.9494497695,0.7826257016
0.0699,0.9487040002,0.7801614322
0.0709,0.9479578453,0.7777061548
0.0719,0.9472113042,0.7752597232
0.0729,0.9464643767,0.7728219951
0.0739,0.9457170622,0.7703928322
0.0749,0.9449693604,0.7679721000
0.0759,0.9442212709,0.7655596677
0.0768,0.9434727933,0.7631554079
0.0778,0.9427239272,0.7607591966
0.0788,0.9419746722,0.7583709130
0.0798,0.9412250278,0.7559904393
0.0808,0.9404749938,0.7536176610
0.0818,0.9397245695,0.7512524661
0.0828,0.9389737548,0.7488947455
0.0838,0.9382225491,0.7465443930
0.0848,0.9374709520,0.7442013046
0.0858,0.9367189632,0.7418653790
0.0868,0.9359665822,0.7395365171
0.0878,0.9352138086,0.7372146225
0.0888,0.9344606421,0.7348996006
0.0898,0.9337070821,0.7325913593
0.0908,0.9329531283,0.7302898082
0.0918,0.9321987803,0.7279948592
0.0928,0.9314440377,0.7257064262
0.0938,0.9306889000,0.7234244247
0.0948,0.9299333669,0.7211487723
0.0958,0.9291774379,0.7188793882
0.0968,0.9284211126,0.7166161934
0.0978,0.9276643906,0.7143591105
0.0988,0.9269072714,0.7121080637
0.0998,0.9261497547,0.7098629787
0.1008,0.9253918401,0.7076237830
0.1018,0.9246335271,0.7053904052
0.1028,0.9238748153,0.7031627755
0.1038,0.9231157042,0.7009408255
0.1048,0.9223561936,0.6987244880
0.1058,0.9215962828,0.6965136973
0.1068,0.9208359716,0.6943083888
0.1078,0.9200752595,0.6921084992
0.1088,0.9193141461,0.6899139663
0.1098,0.9185526309,0.6877247293
0.1108,0.9177907136,0.6855407283
0.1118,0.9170283937,0.6833619045
0.1128,0.9162656707,0.6811882003
0.1138,0.9155025443,0.6790195590
0.1148,0.9147390140,0.6768559251
0.1158,0.9139750794,0.6746972439
0.1168,0.9132107401,0.6725434616
0.1178,0.9124459956,0.6703945257
0.1188,0.9116808455,0.6682503842
0.1198,0.9109152894,0.6661109862
0.1208,0.9101493268,0.6639762817
0.1218,0.9093829574,0.6618462213
0.1228,0.9086161806,0.6597207568
0.1238,0.9078489961,0.6575998403
0.1248,0.9070814035,0.6554834253
0.1258,0.9063134021,0.6533714654
0.1267,0.9055449918,0.6512639156
0.1277,0.9047761719,0.6491607310
0.1287,0.9040069422,0.6470618679
0.1297,0.9032373020,0.6449672831
0.1307,0.9024672511,0.6428769340
0.1317,0.9016967889,0.6407907788
0.1327,0.9009259150,0.6387087763
0.1337,0.9001546290,0.6366308859
0.1347,0.8993829305,0.6345570675
0.1357,0.8986108189,0.6324872820
0.1367,0.8978382939,0.6304214904
0.1377,0.8970653550,0.6283596546
0.1387,0.8962920018,0.6263017370
0.1397,0.8955182338,0.6242477004
0.1407,0.8947440506,0.6221975083
0.1417,0.8939694517,0.6201511247
0.1427,0.8931944367,0.6181085142
0.1437,0.8924190052,0.6160696416
0.1447,0.8916431566,0.6140344725
0.1457,0.8908668906,0.6120029729
0.1467,0.8900902067,0.6099751092
0.1477,0.8893131044,0.6079508484
0.1487,0.8885355833,0.6059301577
0.1497,0.8877576429,0.6039130051
0.1507,0.8869792828,0.6018993588
0.1517,0.8862005026,0.5998891874
0.1527,0.8854213017,0.5978824601
0.1537,0.8846416798,0.5958791464
0.1547,0.8838616363,0.5938792161
0.1557,0.8830811709,0.5918826396
0.1567,0.8823002830,0.5898893876
0.1577,0.8815189722,0.5878994311
0.1587,0.8807372380,0.5859127416
0.1597,0.8799550801,0.5839292908
0.1607,0.8791724978,0.5819490510
0.1617,0.8783894908,0.5799719946
0.1627,0.8776060587,0.5779980945
0.1637,0.8768222008,0.5760273239
0.1647,0.8760379168,0.5740596563
0.1657,0.8752532063,0.5720950655
0.1667,0.8744680687,0.5701335258
0.1677,0.8736825036,0.5681750116
0.1687,0.8728965104,0.5662194977
0.1697,0.8721100889,0.5642669591
0.1707,0.8713232384,0.5623173713
0.1717,0.8705359586,0.5603707100
0.1727,0.8697482488,0.5584269510
0.1737,0.8689601088,0.5564860707
0.1747,0.8681715380,0.5545480455
0.1757,0.8673825359,0.5526128522
0.1766,0.8665931020,0.5506804680
0.1776,0.8658032360,0.5487508700
0.1786,0.8650129373,0.5468240359
0.1796,0.8642222054,0.5448999435
0.1806,0.8634310399,0.5429785709
0.1816,0.8626394402,0.5410598964
0.1826,0.8618474060,0.5391438985
0.1836,0.8610549368,0.5372305560
0.1846,0.8602620319,0.5353198480
0.1856,0.8594686911,0.5334117536
0.1866,0.8586749138,0.5315062525
0.1876,0.8578806995,0.5296033242
0.1886,0.8570860477,0.5277029487
0.1896,0.8562909580,0.5258051061
0.1906,0.8554954298,0.5239097768
0.1916,0.8546994628,0.5220169412
0.1926,0.8539030563,0.5201265801
0.1936,0.8531062100,0.5182386745
0.1946,0.8523089233,0.5163532056
0.1956,0.8515111957,0.5144701545
0.1966,0.8507130268,0.5125895029
0.1976,0.8499144161,0.5107112325
0.1986,0.8491153631,0.5088353251
0.1996,0.8483158672,0.5069617629
0.2006,0.8475159280,0.5050905281
0.2016,0.8467155451,0.5032216031
0.2026,0.8459147179,0.5013549705
0.2036,0.8451134458,0.4994906131
0.2046,0.8443117286,0.4976285139
0.2056,0.8435095655,0.4957686559
0.2066,0.8427069562,0.4939110224
0.2076,0.8419039001,0.4920555969
0.2086,0.8411003968,0.4902023629
0.2096,0.8402964457,0.4883513042
0.2106,0.8394920463,0.4865024047
0.2116,0.8386871982,0.4846556484
0.2126,0.8378819008,0.4828110195
0.2136,0.8370761537,0.4809685024
0.2146,0.8362699563,0.4791280816
0.2156,0.8354633081,0.4772897416
0.2166,0.8346562087,0.4754534674
0.2176,0.8338486575,0.4736192436
0.2186,0.8330406540,0.4717870555
0.2196,0.8322321978,0.4699568882
0.2206,0.8314232882,0.4681287270
0.2216,0.8306139248,0.4663025573
0.2226,0.8298041071,0.4644783648
0.2236,0.8289938346,0.4626561351
0.2246,0.8281831068,0.4608358540
0.2256,0.8273719231,0.4590175075
0.2265,0.8265602830,0.4572010816
0.2275,0.8257481861,0.4553865626
0.2285,0.8249356318,0.4535739368
0.2295,0.8241226195,0.4517631905
0.2305,0.8233091489,0.4499543103
0.2315,0.8224952193,0.4481472829
0.2325,0.8216808303,0.4463420950
0.2335,0.8208659813,0.4445387335
0.2345,0.8200506718,0.4427371854
0.2355,0.8192349012,0.4409374378
0.2365,0.8184186692,0.4391394778
0.2375,0.8176019750,0.4373432928
0.2385,0.8167848183,0.4355488701
0.2395,0.8159671985,0.4337561974
0.2405,0.8151491151,0.4319652620
0.2415,0.8143305675,0.4301760519
0.2425,0.8135115552,0.4283885548
0.2435,0.8126920777,0.4266027585
0.2445,0.8118721344,0.4248186512
0.2455,0.8110517249,0.4230362207
0.2465,0.8102308486,0.4212554555
0.2475,0.8094095049,0.4194763436
0.2485,0.8085876934,0.4176988735
0.2495,0.8077654134,0.4159230337
0.2505,0.8069426646,0.4141488126
0.2515,0.8061194462,0.4123761989
0.2525,0.8052957579,0.4106051813
0.2535,0.8044715990,0.4088357487
0.2545,0.8036469691,0.4070678898
0.2555,0.8028218675,0.4053015936
0.2565,0.8019962937,0.4035368493
0.2575,0.8011702473,0.4017736459
0.2585,0.8003437276,0.4000119726
0.2595,0.7995167341,0.3982518187
0.2605,0.7986892663,0.3964931736
0.2615,0.7978613237,0.3947360267
0.2625,0.7970329056,0.3929803675
0.2635,0.7962040115,0.3912261856
0.2645,0.7953746410,0.3894734706
0.2655,0.7945447933,0.3877222124
0.2665,0.7937144681,0.3859724007
0.2675,0.7928836647,0.3842240254
0.2685,0.7920523826,0.3824770764
0.2695,0.7912206213,0.3807315438
0.2705,0.7903883801,0.3789874176
0.2715,0.7895556585,0.3772446879
0.2725,0.7887224561,0.3755033451
0.2735,0.7878887721,0.3737633794
0.2745,0.7870546061,0.3720247812
0.2754,0.7862199576,0.3702875408
0.2764,0.7853848258,0.3685516487
0.2774,0.7845492104,0.3668170955
0.2784,0.7837131107,0.3650838718
0.2794,0.7828765261,0.3633519683
0.2804,0.7820394562,0.3616213757
0.2814,0.7812019003,0.3598920847
0.2824,0.7803638579,0.3581640862
0.2834,0.7795253283,0.3564373712
0.2844,0.7786863112,0.3547119305
0.2854,0.7778468058,0.3529877553
0.2864,0.7770068116,0.3512648365
0.2874,0.7761663280,0.3495431654
0.2884,0.7753253545,0.3478227330
0.2894,0.7744838905,0.3461035307
0.2904,0.7736419354,0.3443855497
0.2914,0.7727994887,0.3426687814
0.2924,0.7719565498,0.3409532172
0.2934,0.7711131180,0.3392388486
0.2944,0.7702691929,0.3375256670
0.2954,0.7694247738,0.3358136640
0.2964,0.7685798602,0.3341028313
0.2974,0.7677344514,0.3323931604
0.2984,0.7668885470,0.3306846431
0.2994,0.7660421463,0.3289772711
0.3004,0.7651952488,0.3272710363
0.3014,0.7643478538,0.3255659305
0.3024,0.7634999607,0.3238619455
0.3034,0.7626515691,0.3221590734
0.3044,0.7618026783,0.3204573061
0.3054,0.7609532876,0.3187566357
0.3064,0.7601033966,0.3170570542
0.3074,0.7592530047,0.3153585538
0.3084,0.7584021111,0.3136611266
0.3094,0.7575507155,0.3119647648
0.3104,0.7566988171,0.3102694608
0.3114,0.7558464153,0.3085752068
0.3124,0.7549935096,0.3068819951
0.3134,0.7541400994,0.3051898181
0.3144,0.7532861841,0.3034986683
0.3154,0.7524317631,0.3018085381
0.3164,0.7515768357,0.3001194199
0.3174,0.7507214014,0.2984313065
0.3184,0.7498654596,0.2967441903
0.3194,0.7490090096,0.2950580639
0.3204,0.7481520509,0.2933729200
0.3214,0.7472945829,0.2916887514
0.3224,0.7464366050,0.2900055507
0.3234,0.7455781165,0.2883233107
0.3244,0.7447191168,0.2866420243
0.3253,0.7438596054,0.2849616842
0.3263,0.7429995816,0.2832822833
0.3273,0.7421390448,0.2816038147
0.3283,0.7412779945,0.2799262711
0.3293,0.7404164299,0.2782496457
0.3303,0.7395543505,0.2765739314
0.3313,0.7386917556,0.2748991212
0.3323,0.7378286447,0.2732252084
0.3333,0.7369650171,0.2715521859
0.3343,0.7361008722,0.2698800469
0.3353,0.7352362094,0.2682087847
0.3363,0.7343710281,0.2665383924
0.3373,0.7335053276,0.2648688634
0.3383,0.7326391073,0.2632001908
0.3393,0.7317723666,0.2615323680
0.3403,0.7309051049,0.2598653883
0.3413,0.7300373215,0.2581992451
0.3423,0.7291690158,0.2565339319
0.3433,0.7283001872,0.2548694419
0.3443,0.7274308351,0.2532057688
0.3453,0.7265609588,0.2515429060
0.3463,0.7256905577,0.2498808470
0.3473,0.7248196311,0.2482195854
0.3483,0.7239481785,0.2465591147
0.3493,0.7230761991,0.2448994286
0.3503,0.7222036924,0.2432405206
0.3513,0.7213306577,0.2415823845
0.3523,0.7204570944,0.2399250139
0.3533,0.7195830018,0.2382684026
0.3543,0.7187083793,0.2366125442
0.3553,0.7178332262,0.2349574326
0.3563,0.7169575420,0.2333030615
0.3573,0.7160813259,0.2316494248
0.3583,0.7152045773,0.2299965162
0.3593,0.7143272955,0.2283443298
0.3603,0.7134494800,0.2266928592
0.3613,0.7125711301,0.2250420986
0.3623,0.7116922450,0.2233920417
0.3633,0.7108128242,0.2217426826
0.3643,0.7099328671,0.2200940152
0.3653,0.7090523728,0.2184460337
0.3663,0.7081713409,0.2167987319
0.3673,0.7072897706,0.2151521039
0.3683,0.7064076613,0.2135061439
0.3693,0.7055250123,0.2118608460
0.3703,0.7046418230,0.2102162041
0.3713,0.7037580926,0.2085722126
0.3723,0.7028738206,0.2069288655
0.3733,0.7019890063,0.2052861571
0.3743,0.7011036490,0.2036440815
0.3752,0.7002177480,0.2020026330
0.3762,0.6993313027,0.2003618058
0.3772,0.6984443123,0.1987215942
0.3782,0.6975567764,0.1970819925
0.3792,0.6966686940,0.1954429950
0.3802,0.6957800647,0.1938045960
0.3812,0.6948908876,0.1921667899
0.3822,0.6940011622,0.1905295710
0.3832,0.6931108878,0.1888929337
0.3842,0.6922200636,0.1872568725
0.3852,0.6913286891,0.1856213817
0.3862,0.6904367634,0.1839864557
0.3872,0.6895442860,0.1823520891
0.3882,0.6886512562,0.1807182764
0.3892,0.6877576732,0.1790850119
0.3902,0.6868635364,0.1774522902
0.3912,0.6859688451,0.1758201059
0.3922,0.6850735986,0.1741884535
0.3932,0.6841777963,0.1725573276
0.3942,0.6832814374,0.1709267226
0.3952,0.6823845212,0.1692966333
0.3962,0.6814870470,0.1676670543
0.3972,0.6805890142,0.1660379801
0.3982,0.6796904221,0.1644094054
0.3992,0.6787912699,0.1627813248
0.4002,0.6778915570,0.1611537331
0.4012,0.6769912826,0.1595266249
0.4022,0.6760904461,0.1578999950
0.4032,0.6751890467,0.1562738379
0.4042,0.6742870838,0.1546481486
0.4052,0.6733845567,0.1530229217
0.4062,0.6724814645,0.1513981519
0.4072,0.6715778068,0.1497738341
0.4082,0.6706735826,0.1481499630
0.4092,0.6697687913,0.1465265335
0.4102,0.6688634323,0.1449035403
0.4112,0.6679575047,0.1432809784
0.4122,0.6670510079,0.1416588424
0.4132,0.6661439412,0.1400371273
0.4142,0.6652363038,0.1384158280
0.4152,0.6643280951,0.1367949393
0.4162,0.6634193142,0.1351744561
0.4172,0.6625099605,0.1335543734
0.4182,0.6616000333,0.1319346859
0.4192,0.6606895318,0.1303153888
0.4202,0.6597784553,0.1286964768
0.4212,0.6588668031,0.1270779450
0.4222,0.6579545745,0.1254597884
0.4232,0.6570417686,0.1238420018
0.4242,0.6561283849,0.1222245803
0.4251,0.6552144225,0.1206075189
0.4261,0.6542998808,0.1189908125
0.4271,0.6533847590,0.1173744563
0.4281,0.6524690563,0.1157584451
0.4291,0.6515527720,0.1141427741
0.4301,0.6506359054,0.1125274384
0.4311,0.6497184558,0.1109124328
0.4321,0.6488004223,0.1092977527
0.4331,0.6478818043,0.1076833929
0.4341,0.6469626010,0.1060693486
0.4351,0.6460428117,0.1044556149
0.4361,0.6451224356,0.1028421869
0.4371,0.6442014719,0.1012290597
0.4381,0.6432799200,0.0996162284
0.4391,0.6423577790,0.0980036881
0.4401,0.6414350483,0.0963914341
0.4411,0.6405117270,0.0947794614
0.4421,0.6395878144,0.0931677652
0.4431,0.6386633097,0.0915563406
0.4441,0.6377382122,0.0899451829
0.4451,0.6368125211,0.0883342871
0.4461,0.6358862357,0.0867236486
0.4471,0.6349593552,0.0851132625
0.4481,0.6340318788,0.0835031239
0.4491,0.6331038058,0.0818932281
0.4501,0.6321751354,0.0802835704
0.4511,0.6312458668,0.0786741458
0.4521,0.6303159992,0.0770649498
0.4531,0.6293855320,0.0754559774
0.4541,0.6284544642,0.0738472240
0.4551,0.6275227952,0.0722386847
0.4561,0.6265905241,0.0706303549
0.4571,0.6256576502,0.0690222298
0.4581,0.6247241727,0.0674143046
0.4591,0.6237900908,0.0658065747
0.4601,0.6228554038,0.0641990353
0.4611,0.6219201108,0.0625916817
0.4621,0.6209842110,0.0609845092
0.4631,0.6200477037,0.0593775131
0.4641,0.6191105881,0.0577706886
0.4651,0.6181728634,0.0561640311
0.4661,0.6172345288,0.0545575359
0.4671,0.6162955835,0.0529511983
0.4681,0.6153560268,0.0513450136
0.4691,0.6144158577,0.0497389771
0.4701,0.6134750755,0.0481330842
0.4711,0.6125336795,0.0465273302
0.4721,0.6115916688,0.0449217104
0.4731,0.6106490425,0.0433162201
0.4741,0.6097058000,0.0417108548
0.4750,0.6087619404,0.0401056097
0.4760,0.6078174629,0.0385004802
0.4770,0.6068723667,0.0368954617
0.4780,0.6059266509,0.0352905494
0.4790,0.6049803148,0.0336857388
0.4800,0.6040333575,0.0320810252
0.4810,0.6030857783,0.0304764040
0.4820,0.6021375762,0.0288718705
0.4830,0.6011887506,0.0272674201
0.4840,0.6002393005,0.0256630482
0.4850,0.5992892252,0.0240587502
0.4860,0.5983385238,0.0224545214
0.4870,0.5973871955,0.0208503572
0.4880,0.5964352395,0.0192462529
0.4890,0.5954826549,0.0176422040
0.4900,0.5945294409,0.0160382059
0.4910,0.5935755967,0.0144342539
0.4920,0.5926211214,0.0128303434
0.4930,0.5916660143,0.0112264698
0.4940,0.5907102744,0.0096226284
0.4950,0.5897539009,0.0080188148
0.4960,0.5887968931,0.0064150242
0.4970,0.5878392500,0.0048112520
0.4980,0.5868809708,0.0032074936
0.4990,0.5859220546,0.0016037445
0.5000,0.5849625007,0.0000000000
0.5010,0.5840023082,0.0000000000
0.5020,0.5830414761,0.0000000000
0.5030,0.5820800037,0.0000000000
0.5040,0.5811178902,0.0000000000
0.5050,0.5801551345,0.0000000000
0.5060,0.5791917360,0.0000000000
0.5070,0.5782276937,0.0000000000
0.5080,0.5772630068,0.0000000000
0.5090,0.5762976744,0.0000000000
0.5100,0.5753316956,0.0000000000
0.5110,0.5743650696,0.0000000000
0.5120,0.5733977955,0.0000000000
0.5130,0.5724298725,0.0000000000
0.5140,0.5714612996,0.0000000000
0.5150,0.5704920761,0.0000000000
0.5160,0.5695222010,0.0000000000
0.5170,0.5685516734,0.0000000000
0.5180,0.5675804924,0.0000000000
0.5190,0.5666086573,0.0000000000
0.5200,0.5656361671,0.0000000000
0.5210,0.5646630209,0.0000000000
0.5220,0.5636892178,0.0000000000
0.5230,0.5627147570,0.0000000000
0.5240,0.5617396375,0.0000000000
0.5250,0.5607638586,0.0000000000
0.5259,0.5597874192,0.0000000000
0.5269,0.5588103184,0.0000000000
0.5279,0.5578325555,0.0000000000
0.5289,0.5568541294,0.0000000000
0.5299,0.5558750394,0.0000000000
0.5309,0.5548952844,0.0000000000
0.5319,0.5539148636,0.0000000000
0.5329,0.5529337761,0.0000000000
0.5339,0.5519520209,0.0000000000
0.5349,0.5509695972,0.0000000000
0.5359,0.5499865041,0.0000000000
0.5369,0.5490027406,0.0000000000
0.5379,0.5480183058,0.0000000000
0.5389,0.5470331988,0.0000000000
0.5399,0.5460474187,0.0000000000
0.5409,0.5450609646,0.0000000000
0.5419,0.5440738355,0.0000000000
0.5429,0.5430860305,0.0000000000
0.5439,0.5420975488,0.0000000000
0.5449,0.5411083892,0.0000000000
0.5459,0.5401185511,0.0000000000
0.5469,0.5391280333,0.0000000000
0.5479,0.5381368350,0.0000000000
0.5489,0.5371449552,0.0000000000
0.5499,0.5361523930,0.0000000000
0.5509,0.5351591475,0.0000000000
0.5519,0.5341652177,0.0000000000
0.5529,0.5331706026,0.0000000000
0.5539,0.5321753014,0.0000000000
0.5549,0.5311793131,0.0000000000
0.5559,0.5301826367,0.0000000000
0.5569,0.5291852712,0.0000000000
0.5579,0.5281872158,0.0000000000
0.5589,0.5271884695,0.0000000000
0.5599,0.5261890312,0.0000000000
0.5609,0.5251889002,0.0000000000
0.5619,0.5241880753,0.0000000000
0.5629,0.5231865556,0.0000000000
0.5639,0.5221843402,0.0000000000
0.5649,0.5211814281,0.0000000000
0.5659,0.5201778183,0.0000000000
0.5669,0.5191735099,0.0000000000
0.5679,0.5181685018,0.0000000000
0.5689,0.5171627932,0.0000000000
0.5699,0.5161563830,0.0000000000
0.5709,0.5151492702,0.0000000000
0.5719,0.5141414539,0.0000000000
0.5729,0.5131329331,0.0000000000
0.5739,0.5121237067,0.0000000000
0.5748,0.5111137739,0.0000000000
0.5758,0.5101031336,0.0000000000
0.5768,0.5090917849,0.0000000000
0.5778,0.5080797266,0.0000000000
0.5788,0.5070669579,0.0000000000
0.5798,0.5060534778,0.0000000000
0.5808,0.5050392851,0.0000000000
0.5818,0.5040243791,0.0000000000
0.5828,0.5030087585,0.0000000000
0.5838,0.5019924225,0.0000000000
0.5848,0.5009753700,0.0000000000
0.5858,0.4999576000,0.0000000000
0.5868,0.4989391114,0.0000000000
0.5878,0.4979199034,0.0000000000
0.5888,0.4968999748,0.0000000000
0.5898,0.4958793247,0.0000000000
0.5908,0.4948579520,0.0000000000
0.5918,0.4938358557,0.0000000000
0.5928,0.4928130347,0.0000000000
0.5938,0.4917894881,0.0000000000
0.5948,0.4907652148,0.0000000000
0.5958,0.4897402138,0.0000000000
0.5968,0.4887144840,0.0000000000
0.5978,0.4876880244,0.0000000000
0.5988,0.4866608340,0.0000000000
0.5998,0.4856329117,0.0000000000
0.6008,0.4846042565,0.0000000000
0.6018,0.4835748674,0.0000000000
0.6028,0.4825447432,0.0000000000
0.6038,0.4815138830,0.0000000000
0.6048,0.4804822856,0.0000000000
0.6058,0.4794499501,0.0000000000
0.6068,0.4784168753,0.0000000000
0.6078,0.4773830603,0.0000000000
0.6088,0.4763485039,0.0000000000
0.6098,0.4753132051,0.0000000000
0.6108,0.4742771628,0.0000000000
0.6118,0.4732403760,0.0000000000
0.6128,0.4722028436,0.0000000000
0.6138,0.4711645644,0.0000000000
0.6148,0.4701255375,0.0000000000
0.6158,0.4690857618,0.0000000000
0.6168,0.4680452361,0.0000000000
0.6178,0.4670039594,0.0000000000
0.6188,0.4659619306,0.0000000000
0.6198,0.4649191487,0.0000000000
0.6208,0.4638756124,0.0000000000
0.6218,0.4628313209,0.0000000000
0.6228,0.4617862728,0.0000000000
0.6238,0.4607404672,0.0000000000
0.6248,0.4596939030,0.0000000000
0.6257,0.4586465790,0.0000000000
0.6267,0.4575984941,0.0000000000
0.6277,0.4565496473,0.0000000000
0.6287,0.4555000374,0.0000000000
0.6297,0.4544496633,0.0000000000
0.6307,0.4533985240,0.0000000000
0.6317,0.4523466182,0.0000000000
0.6327,0.4512939449,0.0000000000
0.6337,0.4502405029,0.0000000000
0.6347,0.4491862912,0.0000000000
0.6357,0.4481313085,0.0000000000
0.6367,0.4470755539,0.0000000000
0.6377,0.4460190260,0.0000000000
0.6387,0.4449617239,0.0000000000
0.6397,0.4439036464,0.0000000000
0.6407,0.4428447922,0.0000000000
0.6417,0.4417851604,0.0000000000
0.6427,0.4407247497,0.0000000000
0.6437,0.4396635590,0.0000000000
0.6447,0.4386015872,0.0000000000
0.6457,0.4375388331,0.0000000000
0.6467,0.4364752955,0.0000000000
0.6477,0.4354109734,0.0000000000
0.6487,0.4343458654,0.0000000000
0.6497,0.4332799706,0.0000000000
0.6507,0.4322132876,0.0000000000
0.6517,0.4311458154,0.0000000000
0.6527,0.4300775528,0.0000000000
0.6537,0.4290084985,0.0000000000
0.6547,0.4279386515,0.0000000000
0.6557,0.4268680106,0.0000000000
0.6567,0.4257965745,0.0000000000
0.6577,0.4247243422,0.0000000000
0.6587,0.4236513123,0.0000000000
0.6597,0.4225774837,0.0000000000
0.6607,0.4215028553,0.0000000000
0.6617,0.4204274259,0.0000000000
0.6627,0.4193511941,0.0000000000
0.6637,0.4182741589,0.0000000000
0.6647,0.4171963191,0.0000000000
0.6657,0.4161176734,0.0000000000
0.6667,0.4150382206,0.0000000000
0.6677,0.4139579596,0.0000000000
0.6687,0.4128768891,0.0000000000
0.6697,0.4117950079,0.0000000000
0.6707,0.4107123147,0.0000000000
0.6717,0.4096288085,0.0000000000
0.6727,0.4085444878,0.0000000000
0.6737,0.4074593516,0.0000000000
0.6746,0.4063733986,0.0000000000
0.6756,0.4052866276,0.0000000000
0.6766,0.4041990372,0.0000000000
0.6776,0.4031106264,0.0000000000
0.6786,0.4020213938,0.0000000000
0.6796,0.4009313382,0.0000000000
0.6806,0.3998404584,0.0000000000
0.6816,0.3987487531,0.0000000000
0.6826,0.3976562211,0.0000000000
0.6836,0.3965628611,0.0000000000
0.6846,0.3954686718,0.0000000000
0.6856,0.3943736521,0.0000000000
0.6866,0.3932778006,0.0000000000
0.6876,0.3921811160,0.0000000000
0.6886,0.3910835972,0.0000000000
0.6896,0.3899852428,0.0000000000
0.6906,0.3888860515,0.0000000000
0.6916,0.3877860222,0.0000000000
0.6926,0.3866851534,0.0000000000
0.6936,0.3855834440,0.0000000000
0.6946,0.3844808926,0.0000000000
0.6956,0.3833774980,0.0000000000
0.6966,0.3822732588,0.0000000000
0.6976,0.3811681738,0.0000000000
0.6986,0.3800622417,0.0000000000
0.6996,0.3789554611,0.0000000000
0.7006,0.3778478309,0.0000000000
0.7016,0.3767393495,0.0000000000
0.7026,0.3756300158,0.0000000000
0.7036,0.3745198285,0.0000000000
0.7046,0.3734087862,0.0000000000
0.7056,0.3722968876,0.0000000000
0.7066,0.3711841314,0.0000000000
0.7076,0.3700705163,0.0000000000
0.7086,0.3689560409,0.0000000000
0.7096,0.3678407039,0.0000000000
0.7106,0.3667245039,0.0000000000
0.7116,0.3656074398,0.0000000000
0.7126,0.3644895100,0.0000000000
0.7136,0.3633707132,0.0000000000
0.7146,0.3622510482,0.0000000000
0.7156,0.3611305135,0.0000000000
0.7166,0.3600091079,0.0000000000
0.7176,0.3588868299,0.0000000000
0.7186,0.3577636782,0.0000000000
0.7196,0.3566396514,0.0000000000
0.7206,0.3555147482,0.0000000000
0.7216,0.3543889672,0.0000000000
0.7226,0.3532623071,0.0000000000
0.7236,0.3521347664,0.0000000000
0.7246,0.3510063437,0.0000000000
0.7255,0.3498770378,0.0000000000
0.7265,0.3487468472,0.0000000000
0.7275,0.3476157705,0.0000000000
0.7285,0.3464838064,0.0000000000
0.7295,0.3453509533,0.0000000000
0.7305,0.3442172101,0.0000000000
0.7315,0.3430825752,0.0000000000
0.7325,0.3419470472,0.0000000000
0.7335,0.3408106248,0.0000000000
0.7345,0.3396733064,0.0000000000
0.7355,0.3385350908,0.0000000000
0.7365,0.3373959765,0.0000000000
0.7375,0.3362559621,0.0000000000
0.7385,0.3351150461,0.0000000000
0.7395,0.3339732272,0.0000000000
0.7405,0.3328305038,0.0000000000
0.7415,0.3316868746,0.0000000000
0.7425,0.3305423381,0.0000000000
0.7435,0.3293968929,0.0000000000
0.7445,0.3282505376,0.0000000000
0.7455,0.3271032706,0.0000000000
0.7465,0.3259550906,0.0000000000
0.7475,0.3248059960,0.0000000000
0.7485,0.3236559855,0.0000000000
0.7495,0.3225050575,0.0000000000
0.7505,0.3213532107,0.0000000000
0.7515,0.3202004434,0.0000000000
0.7525,0.3190467544,0.0000000000
0.7535,0.3178921420,0.0000000000
0.7545,0.3167366048,0.0000000000
0.7555,0.3155801413,0.0000000000
0.7565,0.3144227501,0.0000000000
0.7575,0.3132644296,0.0000000000
0.7585,0.3121051784,0.0000000000
0.7595,0.3109449949,0.0000000000
0.7605,0.3097838777,0.0000000000
0.7615,0.3086218253,0.0000000000
0.7625,0.3074588360,0.0000000000
0.7635,0.3062949086,0.0000000000
0.7645,0.3051300413,0.0000000000
0.7655,0.3039642327,0.0000000000
0.7665,0.3027974813,0.0000000000
0.7675,0.3016297856,0.0000000000
0.7685,0.3004611439,0.0000000000
0.7695,0.2992915549,0.0000000000
0.7705,0.2981210169,0.0000000000
0.7715,0.2969495284,0.0000000000
0.7725,0.2957770879,0.0000000000
0.7735,0.2946036937,0.0000000000
0.7744,0.2934293445,0.0000000000
0.7754,0.2922540385,0.0000000000
0.7764,0.2910777743,0.0000000000
0.7774,0.2899005503,0.0000000000
0.7784,0.2887223649,0.0000000000
0.7794,0.2875432165,0.0000000000
0.7804,0.2863631036,0.0000000000
0.7814,0.2851820246,0.0000000000
0.7824,0.2839999779,0.0000000000
0.7834,0.2828169619,0.0000000000
0.7844,0.2816329750,0.0000000000
0.7854,0.2804480157,0.0000000000
0.7864,0.2792620823,0.0000000000
0.7874,0.2780751732,0.0000000000
0.7884,0.2768872868,0.0000000000
0.7894,0.2756984216,0.0000000000
0.7904,0.2745085758,0.0000000000
0.7914,0.2733177480,0.0000000000
0.7924,0.2721259364,0.0000000000
0.7934,0.2709331394,0.0000000000
0.7944,0.2697393554,0.0000000000
0.7954,0.2685445828,0.0000000000
0.7964,0.2673488199,0.0000000000
0.7974,0.2661520651,0.0000000000
0.7984,0.2649543167,0.0000000000
0.7994,0.2637555731,0.0000000000
0.8004,0.2625558326,0.0000000000
0.8014,0.2613550936,0.0000000000
0.8024,0.2601533544,0.0000000000
0.8034,0.2589506134,0.0000000000
0.8044,0.2577468688,0.0000000000
0.8054,0.2565421190,0.0000000000
0.8064,0.2553363623,0.0000000000
0.8074,0.2541295970,0.0000000000
0.8084,0.2529218215,0.0000000000
0.8094,0.2517130340,0.0000000000
0.8104,0.2505032329,0.0000000000
0.8114,0.2492924164,0.0000000000
0.8124,0.2480805829,0.0000000000
0.8134,0.2468677305,0.0000000000
0.8144,0.2456538577,0.0000000000
0.8154,0.2444389627,0.0000000000
0.8164,0.2432230438,0.0000000000
0.8174,0.2420060992,0.0000000000
0.8184,0.2407881272,0.0000000000
0.8194,0.2395691261,0.0000000000
0.8204,0.2383490942,0.0000000000
0.8214,0.2371280296,0.0000000000
0.8224,0.2359059307,0.0000000000
0.8234,0.2346827956,0.0000000000
0.8244,0.2334586227,0.0000000000
0.8253,0.2322334102,0.0000000000
0.8263,0.2310071563,0.0000000000
0.8273,0.2297798592,0.0000000000
0.8283,0.2285515171,0.0000000000
0.8293,0.2273221283,0.0000000000
0.8303,0.2260916910,0.0000000000
0.8313,0.2248602034,0.0000000000
0.8323,0.2236276637,0.0000000000
0.8333,0.2223940701,0.0000000000
0.8343,0.2211594208,0.0000000000
0.8353,0.2199237140,0.0000000000
0.8363,0.2186869479,0.0000000000
0.8373,0.2174491206,0.0000000000
0.8383,0.2162102304,0.0000000000
0.8393,0.2149702753,0.0000000000
0.8403,0.2137292537,0.0000000000
0.8413,0.2124871636,0.0000000000
0.8423,0.2112440032,0.0000000000
0.8433,0.2099997706,0.0000000000
0.8443,0.2087544641,0.0000000000
0.8453,0.2075080817,0.0000000000
0.8463,0.2062606215,0.0000000000
0.8473,0.2050120818,0.0000000000
0.8483,0.2037624607,0.0000000000
0.8493,0.2025117562,0.0000000000
0.8503,0.2012599665,0.0000000000
0.8513,0.2000070898,0.0000000000
0.8523,0.1987531240,0.0000000000
0.8533,0.1974980674,0.0000000000
0.8543,0.1962419180,0.0000000000
0.8553,0.1949846739,0.0000000000
0.8563,0.1937263333,0.0000000000
0.8573,0.1924668941,0.0000000000
0.8583,0.1912063545,0.0000000000
0.8593,0.1899447126,0.0000000000
0.8603,0.1886819664,0.0000000000
0.8613,0.1874181140,0.0000000000
0.8623,0.1861531534,0.0000000000
0.8633,0.1848870827,0.0000000000
0.8643,0.1836199000,0.0000000000
0.8653,0.1823516033,0.0000000000
0.8663,0.1810821906,0.0000000000
0.8673,0.1798116600,0.0000000000
0.8683,0.1785400095,0.0000000000
0.8693,0.1772672372,0.0000000000
0.8703,0.1759933409,0.0000000000
0.8713,0.1747183189,0.0000000000
0.8723,0.1734421690,0.0000000000
0.8733,0.1721648892,0.0000000000
0.8742,0.1708864777,0.0000000000
0.8752,0.1696069323,0.0000000000
0.8762,0.1683262510,0.0000000000
0.8772,0.1670444319,0.0000000000
0.8782,0.1657614729,0.0000000000
0.8792,0.1644773719,0.0000000000
0.8802,0.1631921270,0.0000000000
0.8812,0.1619057361,0.0000000000
0.8822,0.1606181971,0.0000000000
0.8832,0.1593295081,0.0000000000
0.8842,0.1580396669,0.0000000000
0.8852,0.1567486715,0.0000000000
0.8862,0.1554565198,0.0000000000
0.8872,0.1541632097,0.0000000000
0.8882,0.1528687393,0.0000000000
0.8892,0.1515731063,0.0000000000
0.8902,0.1502763086,0.0000000000
0.8912,0.1489783443,0.0000000000
0.8922,0.1476792112,0.0000000000
0.8932,0.1463789072,0.0000000000
0.8942,0.1450774301,0.0000000000
0.8952,0.1437747779,0.0000000000
0.8962,0.1424709485,0.0000000000
0.8972,0.1411659396,0.0000000000
0.8982,0.1398597492,0.0000000000
0.8992,0.1385523752,0.0000000000
0.9002,0.1372438153,0.0000000000
0.9012,0.1359340674,0.0000000000
0.9022,0.1346231294,0.0000000000
0.9032,0.1333109991,0.0000000000
0.9042,0.1319976744,0.0000000000
0.9052,0.1306831530,0.0000000000
0.9062,0.1293674327,0.0000000000
0.9072,0.1280505115,0.0000000000
0.9082,0.1267323870,0.0000000000
0.9092,0.1254130572,0.0000000000
0.9102,0.1240925197,0.0000000000
0.9112,0.1227707724,0.0000000000
0.9122,0.1214478130,0.0000000000
0.9132,0.1201236394,0.0000000000
0.9142,0.1187982492,0.0000000000
0.9152,0.1174716403,0.0000000000
0.9162,0.1161438105,0.0000000000
0.9172,0.1148147573,0.0000000000
0.9182,0.1134844787,0.0000000000
0.9192,0.1121529724,0.0000000000
0.9202,0.1108202360,0.0000000000
0.9212,0.1094862673,0.0000000000
0.9222,0.1081510641,0.0000000000
0.9232,0.1068146240,0.0000000000
0.9242,0.1054769447,0.0000000000
0.9251,0.1041380239,0.0000000000
0.9261,0.1027978594,0.0000000000
0.9271,0.1014564489,0.0000000000
0.9281,0.1001137899,0.0000000000
0.9291,0.0987698802,0.0000000000
0.9301,0.0974247174,0.0000000000
0.9311,0.0960782993,0.0000000000
0.9321,0.0947306234,0.0000000000
0.9331,0.0933816874,0.0000000000
0.9341,0.0920314889,0.0000000000
0.9351,0.0906800257,0.0000000000
0.9361,0.0893272953,0.0000000000
0.9371,0.0879732953,0.0000000000
0.9381,0.0866180233,0.0000000000
0.9391,0.0852614770,0.0000000000
0.9401,0.0839036539,0.0000000000
0.9411,0.0825445518,0.0000000000
0.9421,0.0811841680,0.0000000000
0.9431,0.0798225003,0.0000000000
0.9441,0.0784595461,0.0000000000
0.9451,0.0770953032,0.0000000000
0.9461,0.0757297689,0.0000000000
0.9471,0.0743629409,0.0000000000
0.9481,0.0729948168,0.0000000000
0.9491,0.0716253940,0.0000000000
0.9501,0.0702546701,0.0000000000
0.9511,0.0688826426,0.0000000000
0.9521,0.0675093090,0.0000000000
0.9531,0.0661346669,0.0000000000
0.9541,0.0647587138,0.0000000000
0.9551,0.0633814471,0.0000000000
0.9561,0.0620028643,0.0000000000
0.9571,0.0606229630,0.0000000000
0.9581,0.0592417405,0.0000000000
0.9591,0.0578591944,0.0000000000
0.9601,0.0564753222,0.0000000000
0.9611,0.0550901212,0.0000000000
0.9621,0.0537035889,0.0000000000
0.9631,0.0523157228,0.0000000000
0.9641,0.0509265203,0.0000000000
0.9651,0.0495359788,0.0000000000
0.9661,0.0481440958,0.0000000000
0.9671,0.0467508686,0.0000000000
0.9681,0.0453562946,0.0000000000
0.9691,0.0439603713,0.0000000000
0.9701,0.0425630960,0.0000000000
0.9711,0.0411644661,0.0000000000
0.9721,0.0397644789,0.0000000000
0.9731,0.0383631320,0.0000000000
0.9740,0.0369604225,0.0000000000
0.9750,0.0355563478,0.0000000000
0.9760,0.0341509053,0.0000000000
0.9770,0.0327440923,0.0000000000
0.9780,0.0313359062,0.0000000000
0.9790,0.0299263442,0.0000000000
0.9800,0.0285154037,0.0000000000
0.9810,0.0271030820,0.0000000000
0.9820,0.0256893763,0.0000000000
0.9830,0.0242742839,0.0000000000
0.9840,0.0228578022,0.0000000000
0.9850,0.0214399284,0.0000000000
0.9860,0.0200206597,0.0000000000
0.9870,0.0185999934,0.0000000000
0.9880,0.0171779268,0.0000000000
0.9890,0.0157544570,0.0000000000
0.9900,0.0143295814,0.0000000000
0.9910,0.0129032970,0.0000000000
0.9920,0.0114756013,0.0000000000
0.9930,0.0100464912,0.0000000000
0.9940,0.0086159642,0.0000000000
0.9950,0.0071840172,0.0000000000
0.9960,0.0057506476,0.0000000000
0.9970,0.0043158524,0.0000000000
0.9980,0.0028796289,0.0000000000
0.9990,0.0014419742,0.0000000000
