qber,p_depol,log_neg,E_R_corrected,SP_BB84_per_signal,SP_6state_per_signal,ratio_ER_BB,ratio_ER_6st
0.00000,0.00000,1.0000000000,1.0000000000,0.5000000000,0.3333333333,2.0000,3.0000
0.00050,0.00067,0.9992784721,0.9937959407,0.4937959407,0.3299813488,2.0126,3.0117
0.00100,0.00133,0.9985565831,0.9885922423,0.4885922423,0.3271296350,2.0233,3.0220
0.00150,0.00200,0.9978343328,0.9837663486,0.4837663486,0.3244669139,2.0336,3.0319
0.00200,0.00267,0.9971117207,0.9791859287,0.4791859287,0.3219270202,2.0434,3.0416
0.00250,0.00333,0.9963887464,0.9747881341,0.4747881341,0.3194785298,2.0531,3.0512
0.00300,0.00400,0.9956654097,0.9705359482,0.4705359482,0.3171029345,2.0626,3.0606
0.00350,0.00467,0.9949417102,0.9664049114,0.4664049114,0.3147880046,2.0720,3.0700
0.00400,0.00533,0.9942176474,0.9623776397,0.4623776397,0.3125250482,2.0814,3.0794
0.00450,0.00600,0.9934932211,0.9584411348,0.4584411348,0.3103075663,2.0907,3.0887
0.00500,0.00667,0.9927684308,0.9545853077,0.4545853077,0.3081305145,2.0999,3.0980
0.00550,0.00733,0.9920432762,0.9508020985,0.4508020985,0.3059898629,2.1091,3.1073
0.00600,0.00800,0.9913177569,0.9470849197,0.4470849197,0.3038823179,2.1184,3.1166
0.00650,0.00867,0.9905918726,0.9434282857,0.4434282857,0.3018051370,2.1276,3.1260
0.00700,0.00933,0.9898656229,0.9398275580,0.4398275580,0.2997560007,2.1368,3.1353
0.00750,0.01000,0.9891390074,0.9362787621,0.4362787621,0.2977329222,2.1461,3.1447
0.00800,0.01067,0.9884120257,0.9327784552,0.4327784552,0.2957341800,2.1553,3.1541
0.00850,0.01133,0.9876846776,0.9293236255,0.4293236255,0.2937582685,2.1646,3.1636
0.00900,0.01200,0.9869569625,0.9259116163,0.4259116163,0.2918038593,2.1740,3.1731
0.00950,0.01267,0.9862288802,0.9225400665,0.4225400665,0.2898697720,2.1833,3.1826
0.01000,0.01333,0.9855004303,0.9192068641,0.4192068641,0.2879549508,2.1927,3.1922
0.01050,0.01400,0.9847716124,0.9159101084,0.4159101084,0.2860584454,2.2022,3.2018
0.01100,0.01467,0.9840424261,0.9126480801,0.4126480801,0.2841793963,2.2117,3.2115
0.01150,0.01533,0.9833128711,0.9094192163,0.4094192163,0.2823170221,2.2212,3.2213
0.01200,0.01600,0.9825829469,0.9062220902,0.4062220902,0.2804706096,2.2309,3.2311
0.01250,0.01667,0.9818526533,0.9030553939,0.4030553939,0.2786395050,2.2405,3.2409
0.01300,0.01733,0.9811219898,0.8999179246,0.3999179246,0.2768231068,2.2503,3.2509
0.01350,0.01800,0.9803909561,0.8968085716,0.3968085716,0.2750208601,2.2601,3.2609
0.01400,0.01867,0.9796595517,0.8937263069,0.3937263069,0.2732322508,2.2699,3.2709
0.01450,0.01933,0.9789277764,0.8906701759,0.3906701759,0.2714568017,2.2799,3.2811
0.01500,0.02000,0.9781956297,0.8876392899,0.3876392899,0.2696940686,2.2899,3.2913
0.01550,0.02067,0.9774631112,0.8846328194,0.3846328194,0.2679436370,2.2999,3.3016
0.01600,0.02133,0.9767302207,0.8816499886,0.3816499886,0.2662051189,2.3101,3.3119
0.01650,0.02200,0.9759969576,0.8786900701,0.3786900701,0.2644781509,2.3203,3.3224
0.01700,0.02267,0.9752633217,0.8757523807,0.3757523807,0.2627623915,2.3307,3.3329
0.01750,0.02333,0.9745293125,0.8728362773,0.3728362773,0.2610575192,2.3411,3.3435
0.01800,0.02400,0.9737949297,0.8699411538,0.3699411538,0.2593632311,2.3516,3.3541
0.01850,0.02467,0.9730601728,0.8670664376,0.3670664376,0.2576792410,2.3622,3.3649
0.01900,0.02533,0.9723250416,0.8642115871,0.3642115871,0.2560052783,2.3728,3.3758
0.01950,0.02600,0.9715895355,0.8613760893,0.3613760893,0.2543410865,2.3836,3.3867
0.02000,0.02667,0.9708536543,0.8585594575,0.3585594575,0.2526864224,2.3945,3.3977
0.02050,0.02733,0.9701173976,0.8557612292,0.3557612292,0.2510410550,2.4054,3.4088
0.02100,0.02800,0.9693807649,0.8529809648,0.3529809648,0.2494047644,2.4165,3.4201
0.02150,0.02867,0.9686437560,0.8502182453,0.3502182453,0.2477773415,2.4277,3.4314
0.02200,0.02933,0.9679063703,0.8474726715,0.3474726715,0.2461585865,2.4390,3.4428
0.02250,0.03000,0.9671686075,0.8447438621,0.3447438621,0.2445483092,2.4504,3.4543
0.02300,0.03067,0.9664304673,0.8420314530,0.3420314530,0.2429463274,2.4619,3.4659
0.02350,0.03133,0.9656919492,0.8393350957,0.3393350957,0.2413524672,2.4735,3.4776
0.02400,0.03200,0.9649530529,0.8366544568,0.3366544568,0.2397665618,2.4852,3.4895
0.02450,0.03267,0.9642137779,0.8339892166,0.3339892166,0.2381884517,2.4971,3.5014
0.02500,0.03333,0.9634741240,0.8313390685,0.3313390685,0.2366179835,2.5090,3.5134
0.02550,0.03400,0.9627340906,0.8287037182,0.3287037182,0.2350550104,2.5211,3.5256
0.02600,0.03467,0.9619936774,0.8260828831,0.3260828831,0.2334993910,2.5334,3.5378
0.02650,0.03533,0.9612528841,0.8234762911,0.3234762911,0.2319509895,2.5457,3.5502
0.02700,0.03600,0.9605117101,0.8208836808,0.3208836808,0.2304096753,2.5582,3.5627
0.02750,0.03667,0.9597701552,0.8183048002,0.3183048002,0.2288753226,2.5708,3.5753
0.02800,0.03733,0.9590282189,0.8157394067,0.3157394067,0.2273478101,2.5836,3.5881
0.02850,0.03800,0.9582859009,0.8131872660,0.3131872660,0.2258270209,2.5965,3.6009
0.02900,0.03867,0.9575432008,0.8106481525,0.3106481525,0.2243128422,2.6095,3.6139
0.02950,0.03933,0.9568001181,0.8081218481,0.3081218481,0.2228051651,2.6227,3.6270
0.03000,0.04000,0.9560566524,0.8056081422,0.3056081422,0.2213038845,2.6361,3.6403
0.03050,0.04067,0.9553128034,0.8031068311,0.3031068311,0.2198088986,2.6496,3.6537
0.03100,0.04133,0.9545685708,0.8006177179,0.3006177179,0.2183201092,2.6632,3.6672
0.03150,0.04200,0.9538239539,0.7981406120,0.2981406120,0.2168374210,2.6771,3.6808
0.03200,0.04267,0.9530789526,0.7956753290,0.2956753290,0.2153607420,2.6910,3.6946
0.03250,0.04333,0.9523335664,0.7932216901,0.2932216901,0.2138899829,2.7052,3.7085
0.03300,0.04400,0.9515877948,0.7907795221,0.2907795221,0.2124250572,2.7195,3.7226
0.03350,0.04467,0.9508416375,0.7883486570,0.2883486570,0.2109658810,2.7340,3.7369
0.03400,0.04533,0.9500950942,0.7859289319,0.2859289319,0.2095123730,2.7487,3.7512
0.03450,0.04600,0.9493481643,0.7835201886,0.2835201886,0.2080644544,2.7635,3.7658
0.03500,0.04667,0.9486008475,0.7811222735,0.2811222735,0.2066220483,2.7786,3.7804
0.03550,0.04733,0.9478531434,0.7787350374,0.2787350374,0.2051850803,2.7938,3.7953
0.03600,0.04800,0.9471050516,0.7763583355,0.2763583355,0.2037534782,2.8092,3.8103
0.03650,0.04867,0.9463565716,0.7739920268,0.2739920268,0.2023271715,2.8249,3.8254
0.03700,0.04933,0.9456077032,0.7716359742,0.2716359742,0.2009060919,2.8407,3.8408
0.03750,0.05000,0.9448584458,0.7692900443,0.2692900443,0.1994901728,2.8567,3.8563
0.03800,0.05067,0.9441087991,0.7669541074,0.2669541074,0.1980793495,2.8730,3.8720
0.03850,0.05133,0.9433587627,0.7646280372,0.2646280372,0.1966735589,2.8894,3.8878
0.03900,0.05200,0.9426083361,0.7623117104,0.2623117104,0.1952727395,2.9061,3.9038
0.03950,0.05267,0.9418575190,0.7600050073,0.2600050073,0.1938768317,2.9230,3.9200
0.04000,0.05333,0.9411063109,0.7577078109,0.2577078109,0.1924857769,2.9402,3.9364
0.04050,0.05400,0.9403547115,0.7554200073,0.2554200073,0.1910995185,2.9576,3.9530
0.04100,0.05467,0.9396027204,0.7531414853,0.2531414853,0.1897180010,2.9752,3.9698
0.04150,0.05533,0.9388503370,0.7508721366,0.2508721366,0.1883411703,2.9930,3.9868
0.04200,0.05600,0.9380975611,0.7486118553,0.2486118553,0.1869689736,3.0112,4.0039
0.04250,0.05667,0.9373443922,0.7463605382,0.2463605382,0.1856013594,3.0295,4.0213
0.04300,0.05733,0.9365908298,0.7441180844,0.2441180844,0.1842382775,3.0482,4.0389
0.04350,0.05800,0.9358368737,0.7418843954,0.2418843954,0.1828796787,3.0671,4.0567
0.04400,0.05867,0.9350825233,0.7396593750,0.2396593750,0.1815255150,3.0863,4.0747
0.04450,0.05933,0.9343277783,0.7374429292,0.2374429292,0.1801757397,3.1058,4.0929
0.04500,0.06000,0.9335726383,0.7352349661,0.2352349661,0.1788303067,3.1255,4.1114
0.04550,0.06067,0.9328171027,0.7330353957,0.2330353957,0.1774891715,3.1456,4.1300
0.04600,0.06133,0.9320611713,0.7308441303,0.2308441303,0.1761522901,3.1660,4.1489
0.04650,0.06200,0.9313048437,0.7286610839,0.2286610839,0.1748196196,3.1866,4.1681
0.04700,0.06267,0.9305481192,0.7264861723,0.2264861723,0.1734911183,3.2076,4.1875
0.04750,0.06333,0.9297909977,0.7243193132,0.2243193132,0.1721667450,3.2290,4.2071
0.04800,0.06400,0.9290334786,0.7221604260,0.2221604260,0.1708464596,3.2506,4.2270
0.04850,0.06467,0.9282755616,0.7200094319,0.2200094319,0.1695302228,3.2726,4.2471
0.04900,0.06533,0.9275172462,0.7178662535,0.2178662535,0.1682179961,3.2950,4.2675
0.04950,0.06600,0.9267585320,0.7157308153,0.2157308153,0.1669097417,3.3177,4.2881
0.05000,0.06667,0.9259994186,0.7136030429,0.2136030429,0.1656054228,3.3408,4.3091
0.05050,0.06733,0.9252399055,0.7114828638,0.2114828638,0.1643050031,3.3643,4.3303
0.05100,0.06800,0.9244799924,0.7093702067,0.2093702067,0.1630084471,3.3881,4.3517
0.05150,0.06867,0.9237196787,0.7072650018,0.2072650018,0.1617157202,3.4124,4.3735
0.05200,0.06933,0.9229589642,0.7051671806,0.2051671806,0.1604267881,3.4370,4.3956
0.05250,0.07000,0.9221978484,0.7030766761,0.2030766761,0.1591416175,3.4621,4.4179
0.05300,0.07067,0.9214363308,0.7009934223,0.2009934223,0.1578601756,3.4876,4.4406
0.05350,0.07133,0.9206744110,0.6989173546,0.1989173546,0.1565824302,3.5136,4.4636
0.05400,0.07200,0.9199120887,0.6968484096,0.1968484096,0.1553083497,3.5400,4.4869
0.05450,0.07267,0.9191493633,0.6947865252,0.1947865252,0.1540379032,3.5669,4.5105
0.05500,0.07333,0.9183862344,0.6927316401,0.1927316401,0.1527710602,3.5943,4.5344
0.05550,0.07400,0.9176227017,0.6906836946,0.1906836946,0.1515077910,3.6221,4.5587
0.05600,0.07467,0.9168587647,0.6886426296,0.1886426296,0.1502480662,3.6505,4.5834
0.05650,0.07533,0.9160944229,0.6866083873,0.1866083873,0.1489918571,3.6794,4.6084
0.05700,0.07600,0.9153296760,0.6845809111,0.1845809111,0.1477391353,3.7088,4.6337
0.05750,0.07667,0.9145645235,0.6825601450,0.1825601450,0.1464898732,3.7388,4.6594
0.05800,0.07733,0.9137989650,0.6805460342,0.1805460342,0.1452440435,3.7694,4.6855
0.05850,0.07800,0.9130330000,0.6785385249,0.1785385249,0.1440016194,3.8005,4.7120
0.05900,0.07867,0.9122666281,0.6765375641,0.1765375641,0.1427625745,3.8323,4.7389
0.05950,0.07933,0.9114998489,0.6745430998,0.1745430998,0.1415268829,3.8646,4.7662
0.06000,0.08000,0.9107326619,0.6725550808,0.1725550808,0.1402945193,3.8976,4.7939
0.06050,0.08067,0.9099650668,0.6705734569,0.1705734569,0.1390654586,3.9313,4.8220
0.06100,0.08133,0.9091970630,0.6685981784,0.1685981784,0.1378396762,3.9656,4.8505
0.06150,0.08200,0.9084286502,0.6666291968,0.1666291968,0.1366171479,4.0007,4.8795
0.06200,0.08267,0.9076598279,0.6646664641,0.1646664641,0.1353978500,4.0364,4.9090
0.06250,0.08333,0.9068905956,0.6627099334,0.1627099334,0.1341817589,4.0730,4.9389
0.06300,0.08400,0.9061209530,0.6607595582,0.1607595582,0.1329688518,4.1102,4.9693
0.06350,0.08467,0.9053508996,0.6588152930,0.1588152930,0.1317591060,4.1483,5.0001
0.06400,0.08533,0.9045804349,0.6568770929,0.1568770929,0.1305524991,4.1872,5.0315
0.06450,0.08600,0.9038095586,0.6549449137,0.1549449137,0.1293490093,4.2270,5.0634
0.06500,0.08667,0.9030382701,0.6530187119,0.1530187119,0.1281486148,4.2676,5.0958
0.06550,0.08733,0.9022665691,0.6510984448,0.1510984448,0.1269512946,4.3091,5.1287
0.06600,0.08800,0.9014944550,0.6491840701,0.1491840701,0.1257570276,4.3516,5.1622
0.06650,0.08867,0.9007219276,0.6472755464,0.1472755464,0.1245657932,4.3950,5.1963
0.06700,0.08933,0.8999489862,0.6453728328,0.1453728328,0.1233775711,4.4394,5.2309
0.06750,0.09000,0.8991756305,0.6434758890,0.1434758890,0.1221923414,4.4849,5.2661
0.06800,0.09067,0.8984018600,0.6415846754,0.1415846754,0.1210100844,4.5315,5.3019
0.06850,0.09133,0.8976276743,0.6396991528,0.1396991528,0.1198307806,4.5791,5.3384
0.06900,0.09200,0.8968530729,0.6378192827,0.1378192827,0.1186544110,4.6279,5.3754
0.06950,0.09267,0.8960780554,0.6359450273,0.1359450273,0.1174809567,4.6780,5.4132
0.07000,0.09333,0.8953026213,0.6340763491,0.1340763491,0.1163103992,4.7292,5.4516
0.07050,0.09400,0.8945267703,0.6322132112,0.1322132112,0.1151427202,4.7818,5.4907
0.07100,0.09467,0.8937505017,0.6303555774,0.1303555774,0.1139779017,4.8357,5.5305
0.07150,0.09533,0.8929738153,0.6285034117,0.1285034117,0.1128159260,4.8909,5.5711
0.07200,0.09600,0.8921967105,0.6266566789,0.1266566789,0.1116567754,4.9477,5.6123
0.07250,0.09667,0.8914191868,0.6248153442,0.1248153442,0.1105004328,5.0059,5.6544
0.07300,0.09733,0.8906412440,0.6229793732,0.1229793732,0.1093468811,5.0657,5.6973
0.07350,0.09800,0.8898628814,0.6211487320,0.1211487320,0.1081961036,5.1272,5.7410
0.07400,0.09867,0.8890840986,0.6193233873,0.1193233873,0.1070480837,5.1903,5.7855
0.07450,0.09933,0.8883048952,0.6175033061,0.1175033061,0.1059028051,5.2552,5.8308
0.07500,0.10000,0.8875252707,0.6156884559,0.1156884559,0.1047602517,5.3220,5.8771
0.07550,0.10067,0.8867452247,0.6138788046,0.1138788046,0.1036204075,5.3906,5.9243
0.07600,0.10133,0.8859647568,0.6120743206,0.1120743206,0.1024832570,5.4613,5.9724
0.07650,0.10200,0.8851838663,0.6102749727,0.1102749727,0.1013487847,5.5341,6.0215
0.07700,0.10267,0.8844025530,0.6084807301,0.1084807301,0.1002169754,5.6091,6.0716
0.07750,0.10333,0.8836208163,0.6066915624,0.1066915624,0.0990878139,5.6864,6.1228
0.07800,0.10400,0.8828386558,0.6049074395,0.1049074395,0.0979612854,5.7661,6.1750
0.07850,0.10467,0.8820560710,0.6031283318,0.1031283318,0.0968373753,5.8483,6.2283
0.07900,0.10533,0.8812730614,0.6013542102,0.1013542102,0.0957160691,5.9332,6.2827
0.07950,0.10600,0.8804896267,0.5995850457,0.0995850457,0.0945973526,6.0208,6.3383
0.08000,0.10667,0.8797057663,0.5978208098,0.0978208098,0.0934812115,6.1114,6.3951
0.08050,0.10733,0.8789214797,0.5960614744,0.0960614744,0.0923676321,6.2050,6.4531
0.08100,0.10800,0.8781367666,0.5943070117,0.0943070117,0.0912566006,6.3018,6.5125
0.08150,0.10867,0.8773516264,0.5925573943,0.0925573943,0.0901481034,6.4021,6.5732
0.08200,0.10933,0.8765660588,0.5908125950,0.0908125950,0.0890421271,6.5058,6.6352
0.08250,0.11000,0.8757800631,0.5890725871,0.0890725871,0.0879386585,6.6134,6.6987
0.08300,0.11067,0.8749936389,0.5873373441,0.0873373441,0.0868376845,6.7249,6.7636
0.08350,0.11133,0.8742067859,0.5856068399,0.0856068399,0.0857391923,6.8407,6.8301
0.08400,0.11200,0.8734195034,0.5838810487,0.0838810487,0.0846431690,6.9608,6.8981
0.08450,0.11267,0.8726317911,0.5821599451,0.0821599451,0.0835496021,7.0857,6.9678
0.08500,0.11333,0.8718436485,0.5804435038,0.0804435038,0.0824584791,7.2155,7.0392
0.08550,0.11400,0.8710550751,0.5787316999,0.0787316999,0.0813697878,7.3507,7.1124
0.08600,0.11467,0.8702660704,0.5770245088,0.0770245088,0.0802835160,7.4914,7.1873
0.08650,0.11533,0.8694766340,0.5753219062,0.0753219062,0.0791996518,7.6382,7.2642
0.08700,0.11600,0.8686867653,0.5736238681,0.0736238681,0.0781181832,7.7913,7.3430
0.08750,0.11667,0.8678964640,0.5719303708,0.0719303708,0.0770390985,7.9512,7.4239
0.08800,0.11733,0.8671057295,0.5702413907,0.0702413907,0.0759623863,8.1183,7.5069
0.08850,0.11800,0.8663145614,0.5685569047,0.0685569047,0.0748880349,8.2932,7.5921
0.08900,0.11867,0.8655229591,0.5668768898,0.0668768898,0.0738160332,8.4764,7.6796
0.08950,0.11933,0.8647309223,0.5652013234,0.0652013234,0.0727463700,8.6686,7.7695
0.09000,0.12000,0.8639384504,0.5635301829,0.0635301829,0.0716790341,8.8703,7.8619
0.09050,0.12067,0.8631455430,0.5618634464,0.0618634464,0.0706140147,9.0823,7.9568
0.09100,0.12133,0.8623521995,0.5602010917,0.0602010917,0.0695513010,9.3055,8.0545
0.09150,0.12200,0.8615584196,0.5585430973,0.0585430973,0.0684908823,9.5407,8.1550
0.09200,0.12267,0.8607642026,0.5568894418,0.0568894418,0.0674327481,9.7890,8.2584
0.09250,0.12333,0.8599695482,0.5552401038,0.0552401038,0.0663768878,10.0514,8.3650
0.09300,0.12400,0.8591744559,0.5535950624,0.0535950624,0.0653232912,10.3292,8.4747
0.09350,0.12467,0.8583789251,0.5519542970,0.0519542970,0.0642719481,10.6238,8.5878
0.09400,0.12533,0.8575829554,0.5503177869,0.0503177869,0.0632228484,10.9368,8.7044
0.09450,0.12600,0.8567865463,0.5486855119,0.0486855119,0.0621759821,11.2700,8.8247
0.09500,0.12667,0.8559896973,0.5470574518,0.0470574518,0.0611313393,11.6253,8.9489
0.09550,0.12733,0.8551924080,0.5454335869,0.0454335869,0.0600889102,12.0051,9.0771
0.09600,0.12800,0.8543946778,0.5438138974,0.0438138974,0.0590486853,12.4119,9.2096
0.09650,0.12867,0.8535965062,0.5421983640,0.0421983640,0.0580106548,12.8488,9.3465
0.09700,0.12933,0.8527978928,0.5405869673,0.0405869673,0.0569748095,13.3192,9.4882
0.09750,0.13000,0.8519988371,0.5389796883,0.0389796883,0.0559411398,13.8272,9.6348
0.09800,0.13067,0.8511993386,0.5373765082,0.0373765082,0.0549096366,14.3774,9.7866
0.09850,0.13133,0.8503993968,0.5357774084,0.0357774084,0.0538802907,14.9753,9.9438
0.09900,0.13200,0.8495990112,0.5341823703,0.0341823703,0.0528530931,15.6274,10.1069
0.09950,0.13267,0.8487981812,0.5325913756,0.0325913756,0.0518280347,16.3415,10.2761
0.10000,0.13333,0.8479969066,0.5310044064,0.0310044064,0.0508051067,17.1267,10.4518
0.10050,0.13400,0.8471951866,0.5294214447,0.0294214447,0.0497843004,17.9944,10.6343
0.10100,0.13467,0.8463930209,0.5278424728,0.0278424728,0.0487656069,18.9582,10.8241
0.10150,0.13533,0.8455904088,0.5262674731,0.0262674731,0.0477490178,20.0349,11.0215
0.10200,0.13600,0.8447873501,0.5246964282,0.0246964282,0.0467345245,21.2458,11.2272
0.10250,0.13667,0.8439838440,0.5231293211,0.0231293211,0.0457221186,22.6176,11.4415
0.10300,0.13733,0.8431798903,0.5215661345,0.0215661345,0.0447117918,24.1845,11.6651
0.10350,0.13800,0.8423754882,0.5200068518,0.0200068518,0.0437035357,25.9914,11.8985
0.10400,0.13867,0.8415706374,0.5184514562,0.0184514562,0.0426973422,28.0981,12.1425
0.10450,0.13933,0.8407653373,0.5168999311,0.0168999311,0.0416932033,30.5859,12.3977
0.10500,0.14000,0.8399595875,0.5153522603,0.0153522603,0.0406911108,33.5685,12.6650
0.10550,0.14067,0.8391533874,0.5138084274,0.0138084274,0.0396910570,37.2098,12.9452
0.10600,0.14133,0.8383467365,0.5122684165,0.0122684165,0.0386930338,41.7551,13.2393
0.10650,0.14200,0.8375396344,0.5107322116,0.0107322116,0.0376970336,47.5887,13.5483
0.10700,0.14267,0.8367320805,0.5091997969,0.0091997969,0.0367030486,55.3490,13.8735
0.10750,0.14333,0.8359240743,0.5076711570,0.0076711570,0.0357110713,66.1792,14.2161
0.10800,0.14400,0.8351156153,0.5061462763,0.0061462763,0.0347210940,82.3501,14.5775
0.10850,0.14467,0.8343067030,0.5046251395,0.0046251395,0.0337331094,109.1048,14.9593
0.10900,0.14533,0.8334973369,0.5031077315,0.0031077315,0.0327471099,161.8891,15.3634
0.10950,0.14600,0.8326875164,0.5015940372,0.0015940372,0.0317630882,314.6690,15.7917
0.11000,0.14667,0.8318772412,0.5000840418,0.0000840418,0.0307810372,5950.4179,16.2465
0.11050,0.14733,0.8310665106,0.4985777305,-0.0014222695,0.0298009495,inf,16.7303
0.11100,0.14800,0.8302553242,0.4970750888,-0.0029249112,0.0288228181,inf,17.2459
0.11150,0.14867,0.8294436814,0.4955761020,-0.0044238980,0.0278466359,inf,17.7966
0.11200,0.14933,0.8286315817,0.4940807559,-0.0059192441,0.0268723959,inf,18.3862
0.11250,0.15000,0.8278190246,0.4925890363,-0.0074109637,0.0259000912,inf,19.0188
0.11300,0.15067,0.8270060096,0.4911009291,-0.0088990709,0.0249297149,inf,19.6994
0.11350,0.15133,0.8261925362,0.4896164204,-0.0103835796,0.0239612603,inf,20.4337
0.11400,0.15200,0.8253786039,0.4881354962,-0.0118645038,0.0229947205,inf,21.2282
0.11450,0.15267,0.8245642121,0.4866581429,-0.0133418571,0.0220300889,inf,22.0906
0.11500,0.15333,0.8237493603,0.4851843470,-0.0148156530,0.0210673589,inf,23.0301
0.11550,0.15400,0.8229340480,0.4837140949,-0.0162859051,0.0201065240,inf,24.0576
0.11600,0.15467,0.8221182747,0.4822473733,-0.0177526267,0.0191475776,inf,25.1858
0.11650,0.15533,0.8213020399,0.4807841689,-0.0192158311,0.0181905134,inf,26.4305
0.11700,0.15600,0.8204853430,0.4793244687,-0.0206755313,0.0172353249,inf,27.8106
0.11750,0.15667,0.8196681835,0.4778682597,-0.0221317403,0.0162820058,inf,29.3495
0.11800,0.15733,0.8188505609,0.4764155289,-0.0235844711,0.0153305499,inf,31.0762
0.11850,0.15800,0.8180324747,0.4749662637,-0.0250337363,0.0143809510,inf,33.0275
0.11900,0.15867,0.8172139243,0.4735204512,-0.0264795488,0.0134332028,inf,35.2500
0.11950,0.15933,0.8163949092,0.4720780791,-0.0279219209,0.0124872994,inf,37.8047
0.12000,0.16000,0.8155754289,0.4706391347,-0.0293608653,0.0115432347,inf,40.7719
0.12050,0.16067,0.8147554828,0.4692036058,-0.0307963942,0.0106010027,inf,44.2603
0.12100,0.16133,0.8139350705,0.4677714802,-0.0322285198,0.0096605974,inf,48.4206
0.12150,0.16200,0.8131141913,0.4663427457,-0.0336572543,0.0087220131,inf,53.4673
0.12200,0.16267,0.8122928449,0.4649173903,-0.0350826097,0.0077852437,inf,59.7178
0.12250,0.16333,0.8114710305,0.4634954019,-0.0365045981,0.0068502837,inf,67.6608
0.12300,0.16400,0.8106487478,0.4620767689,-0.0379232311,0.0059171272,inf,78.0914
0.12350,0.16467,0.8098259961,0.4606614795,-0.0393385205,0.0049857685,inf,92.3953
0.12400,0.16533,0.8090027749,0.4592495220,-0.0407504780,0.0040562021,inf,113.2216
0.12450,0.16600,0.8081790838,0.4578408849,-0.0421591151,0.0031284223,inf,146.3488
0.12500,0.16667,0.8073549221,0.4564355568,-0.0435644432,0.0022024237,inf,207.2424
0.12550,0.16733,0.8065302893,0.4550335263,-0.0449664737,0.0012782006,inf,355.9954
0.12600,0.16800,0.8057051848,0.4536347820,-0.0463652180,0.0003557478,inf,1275.1584
0.12650,0.16867,0.8048796083,0.4522393130,-0.0477606870,-0.0005649402,inf,inf
0.12700,0.16933,0.8040535590,0.4508471080,-0.0491528920,-0.0014838688,inf,inf
0.12750,0.17000,0.8032270364,0.4494581562,-0.0505418438,-0.0024010433,inf,inf
0.12800,0.17067,0.8024000401,0.4480724465,-0.0519275535,-0.0033164689,inf,inf
0.12850,0.17133,0.8015725695,0.4466899683,-0.0533100317,-0.0042301508,inf,inf
0.12900,0.17200,0.8007446239,0.4453107107,-0.0546892893,-0.0051420942,inf,inf
0.12950,0.17267,0.7999162030,0.4439346631,-0.0560653369,-0.0060523042,inf,inf
0.13000,0.17333,0.7990873061,0.4425618150,-0.0574381850,-0.0069607860,inf,inf
0.13050,0.17400,0.7982579326,0.4411921558,-0.0588078442,-0.0078675445,inf,inf
0.13100,0.17467,0.7974280822,0.4398256753,-0.0601743247,-0.0087725847,inf,inf
0.13150,0.17533,0.7965977540,0.4384623630,-0.0615376370,-0.0096759117,inf,inf
0.13200,0.17600,0.7957669478,0.4371022089,-0.0628977911,-0.0105775303,inf,inf
0.13250,0.17667,0.7949356628,0.4357452026,-0.0642547974,-0.0114774455,inf,inf
0.13300,0.17733,0.7941038986,0.4343913341,-0.0656086659,-0.0123756620,inf,inf
0.13350,0.17800,0.7932716545,0.4330405935,-0.0669594065,-0.0132721847,inf,inf
0.13400,0.17867,0.7924389301,0.4316929708,-0.0683070292,-0.0141670182,inf,inf
0.13450,0.17933,0.7916057247,0.4303484562,-0.0696515438,-0.0150601675,inf,inf
0.13500,0.18000,0.7907720379,0.4290070399,-0.0709929601,-0.0159516370,inf,inf
0.13550,0.18067,0.7899378690,0.4276687123,-0.0723312877,-0.0168414316,inf,inf
0.13600,0.18133,0.7891032175,0.4263334636,-0.0736665364,-0.0177295557,inf,inf
0.13650,0.18200,0.7882680829,0.4250012844,-0.0749987156,-0.0186160140,inf,inf
0.13700,0.18267,0.7874324645,0.4236721652,-0.0763278348,-0.0195008110,inf,inf
0.13750,0.18333,0.7865963619,0.4223460966,-0.0776539034,-0.0203839511,inf,inf
0.13800,0.18400,0.7857597744,0.4210230693,-0.0789769307,-0.0212654390,inf,inf
0.13850,0.18467,0.7849227016,0.4197030740,-0.0802969260,-0.0221452789,inf,inf
0.13900,0.18533,0.7840851427,0.4183861014,-0.0816138986,-0.0230234753,inf,inf
0.13950,0.18600,0.7832470974,0.4170721426,-0.0829278574,-0.0239000326,inf,inf
0.14000,0.18667,0.7824085649,0.4157611884,-0.0842388116,-0.0247749550,inf,inf
0.14050,0.18733,0.7815695448,0.4144532298,-0.0855467702,-0.0256482469,inf,inf
0.14100,0.18800,0.7807300365,0.4131482579,-0.0868517421,-0.0265199126,inf,inf
0.14150,0.18867,0.7798900393,0.4118462639,-0.0881537361,-0.0273899561,inf,inf
0.14200,0.18933,0.7790495528,0.4105472389,-0.0894527611,-0.0282583818,inf,inf
0.14250,0.19000,0.7782085764,0.4092511742,-0.0907488258,-0.0291251939,inf,inf
0.14300,0.19067,0.7773671095,0.4079580613,-0.0920419387,-0.0299903963,inf,inf
0.14350,0.19133,0.7765251514,0.4066678913,-0.0933321087,-0.0308539933,inf,inf
0.14400,0.19200,0.7756827017,0.4053806559,-0.0946193441,-0.0317159889,inf,inf
0.14450,0.19267,0.7748397598,0.4040963465,-0.0959036535,-0.0325763870,inf,inf
0.14500,0.19333,0.7739963251,0.4028149547,-0.0971850453,-0.0334351919,inf,inf
0.14550,0.19400,0.7731523970,0.4015364722,-0.0984635278,-0.0342924073,inf,inf
0.14600,0.19467,0.7723079750,0.4002608907,-0.0997391093,-0.0351480373,inf,inf
0.14650,0.19533,0.7714630584,0.3989882018,-0.1010117982,-0.0360020857,inf,inf
0.14700,0.19600,0.7706176467,0.3977183974,-0.1022816026,-0.0368545564,inf,inf
0.14750,0.19667,0.7697717392,0.3964514695,-0.1035485305,-0.0377054534,inf,inf
0.14800,0.19733,0.7689253356,0.3951874099,-0.1048125901,-0.0385547804,inf,inf
0.14850,0.19800,0.7680784350,0.3939262106,-0.1060737894,-0.0394025411,inf,inf
0.14900,0.19867,0.7672310370,0.3926678636,-0.1073321364,-0.0402487395,inf,inf
0.14950,0.19933,0.7663831410,0.3914123612,-0.1085876388,-0.0410933792,inf,inf
0.15000,0.20000,0.7655347464,0.3901596953,-0.1098403047,-0.0419364639,inf,inf
0.15050,0.20067,0.7646858525,0.3889098582,-0.1110901418,-0.0427779973,inf,inf
0.15100,0.20133,0.7638364589,0.3876628423,-0.1123371577,-0.0436179831,inf,inf
0.15150,0.20200,0.7629865649,0.3864186397,-0.1135813603,-0.0444564249,inf,inf
0.15200,0.20267,0.7621361699,0.3851772429,-0.1148227571,-0.0452933263,inf,inf
0.15250,0.20333,0.7612852734,0.3839386442,-0.1160613558,-0.0461286908,inf,inf
0.15300,0.20400,0.7604338747,0.3827028362,-0.1172971638,-0.0469625221,inf,inf
0.15350,0.20467,0.7595819732,0.3814698114,-0.1185301886,-0.0477948237,inf,inf
0.15400,0.20533,0.7587295685,0.3802395623,-0.1197604377,-0.0486255989,inf,inf
0.15450,0.20600,0.7578766597,0.3790120816,-0.1209879184,-0.0494548514,inf,inf
0.15500,0.20667,0.7570232465,0.3777873620,-0.1222126380,-0.0502825846,inf,inf
0.15550,0.20733,0.7561693281,0.3765653961,-0.1234346039,-0.0511088018,inf,inf
0.15600,0.20800,0.7553149040,0.3753461767,-0.1246538233,-0.0519335066,inf,inf
0.15650,0.20867,0.7544599736,0.3741296967,-0.1258703033,-0.0527567021,inf,inf
0.15700,0.20933,0.7536045363,0.3729159490,-0.1270840510,-0.0535783919,inf,inf
0.15750,0.21000,0.7527485914,0.3717049263,-0.1282950737,-0.0543985792,inf,inf
0.15800,0.21067,0.7518921384,0.3704966218,-0.1295033782,-0.0552172673,inf,inf
0.15850,0.21133,0.7510351767,0.3692910283,-0.1307089717,-0.0560344596,inf,inf
0.15900,0.21200,0.7501777056,0.3680881390,-0.1319118610,-0.0568501591,inf,inf
0.15950,0.21267,0.7493197246,0.3668879470,-0.1331120530,-0.0576643693,inf,inf
0.16000,0.21333,0.7484612330,0.3656904454,-0.1343095546,-0.0584770932,inf,inf
0.16050,0.21400,0.7476022303,0.3644956273,-0.1355043727,-0.0592883341,inf,inf
0.16100,0.21467,0.7467427158,0.3633034861,-0.1366965139,-0.0600980951,inf,inf
0.16150,0.21533,0.7458826889,0.3621140150,-0.1378859850,-0.0609063794,inf,inf
0.16200,0.21600,0.7450221490,0.3609272072,-0.1390727928,-0.0617131900,inf,inf
0.16250,0.21667,0.7441610956,0.3597430563,-0.1402569437,-0.0625185301,inf,inf
0.16300,0.21733,0.7432995279,0.3585615556,-0.1414384444,-0.0633224028,inf,inf
0.16350,0.21800,0.7424374454,0.3573826985,-0.1426173015,-0.0641248110,inf,inf
0.16400,0.21867,0.7415748474,0.3562064785,-0.1437935215,-0.0649257579,inf,inf
0.16450,0.21933,0.7407117334,0.3550328892,-0.1449671108,-0.0657252464,inf,inf
0.16500,0.22000,0.7398481027,0.3538619241,-0.1461380759,-0.0665232795,inf,inf
0.16550,0.22067,0.7389839547,0.3526935769,-0.1473064231,-0.0673198602,inf,inf
0.16600,0.22133,0.7381192888,0.3515278412,-0.1484721588,-0.0681149913,inf,inf
0.16650,0.22200,0.7372541043,0.3503647107,-0.1496352893,-0.0689086760,inf,inf
0.16700,0.22267,0.7363884007,0.3492041791,-0.1507958209,-0.0697009169,inf,inf
0.16750,0.22333,0.7355221773,0.3480462402,-0.1519537598,-0.0704917171,inf,inf
0.16800,0.22400,0.7346554335,0.3468908879,-0.1531091121,-0.0712810794,inf,inf
0.16850,0.22467,0.7337881686,0.3457381159,-0.1542618841,-0.0720690066,inf,inf
0.16900,0.22533,0.7329203821,0.3445879182,-0.1554120818,-0.0728555015,inf,inf
0.16950,0.22600,0.7320520733,0.3434402886,-0.1565597114,-0.0736405670,inf,inf
0.17000,0.22667,0.7311832416,0.3422952213,-0.1577047787,-0.0744242058,inf,inf
0.17050,0.22733,0.7303138863,0.3411527100,-0.1588472900,-0.0752064208,inf,inf
0.17100,0.22800,0.7294440068,0.3400127490,-0.1599872510,-0.0759872145,inf,inf
0.17150,0.22867,0.7285736026,0.3388753323,-0.1611246677,-0.0767665899,inf,inf
0.17200,0.22933,0.7277026728,0.3377404540,-0.1622595460,-0.0775445495,inf,inf
0.17250,0.23000,0.7268312170,0.3366081082,-0.1633918918,-0.0783210961,inf,inf
0.17300,0.23067,0.7259592345,0.3354782891,-0.1645217109,-0.0790962323,inf,inf
0.17350,0.23133,0.7250867246,0.3343509909,-0.1656490091,-0.0798699608,inf,inf
0.17400,0.23200,0.7242136868,0.3332262080,-0.1667737920,-0.0806422842,inf,inf
0.17450,0.23267,0.7233401203,0.3321039346,-0.1678960654,-0.0814132052,inf,inf
0.17500,0.23333,0.7224660245,0.3309841649,-0.1690158351,-0.0821827263,inf,inf
0.17550,0.23400,0.7215913988,0.3298668935,-0.1701331065,-0.0829508501,inf,inf
0.17600,0.23467,0.7207162425,0.3287521146,-0.1712478854,-0.0837175792,inf,inf
0.17650,0.23533,0.7198405551,0.3276398227,-0.1723601773,-0.0844829161,inf,inf
0.17700,0.23600,0.7189643358,0.3265300123,-0.1734699877,-0.0852468634,inf,inf
0.17750,0.23667,0.7180875840,0.3254226778,-0.1745773222,-0.0860094235,inf,inf
0.17800,0.23733,0.7172102990,0.3243178138,-0.1756821862,-0.0867705990,inf,inf
0.17850,0.23800,0.7163324803,0.3232154149,-0.1767845851,-0.0875303923,inf,inf
0.17900,0.23867,0.7154541271,0.3221154755,-0.1778845245,-0.0882888060,inf,inf
0.17950,0.23933,0.7145752389,0.3210179905,-0.1789820095,-0.0890458423,inf,inf
0.18000,0.24000,0.7136958148,0.3199229543,-0.1800770457,-0.0898015038,inf,inf
0.18050,0.24067,0.7128158544,0.3188303617,-0.1811696383,-0.0905557929,inf,inf
0.18100,0.24133,0.7119353570,0.3177402074,-0.1822597926,-0.0913087119,inf,inf
0.18150,0.24200,0.7110543218,0.3166524862,-0.1833475138,-0.0920602633,inf,inf
0.18200,0.24267,0.7101727483,0.3155671928,-0.1844328072,-0.0928104494,inf,inf
0.18250,0.24333,0.7092906357,0.3144843221,-0.1855156779,-0.0935592725,inf,inf
0.18300,0.24400,0.7084079835,0.3134038688,-0.1865961312,-0.0943067351,inf,inf
0.18350,0.24467,0.7075247909,0.3123258279,-0.1876741721,-0.0950528393,inf,inf
0.18400,0.24533,0.7066410573,0.3112501943,-0.1887498057,-0.0957975875,inf,inf
0.18450,0.24600,0.7057567820,0.3101769629,-0.1898230371,-0.0965409820,inf,inf
0.18500,0.24667,0.7048719645,0.3091061286,-0.1908938714,-0.0972830251,inf,inf
0.18550,0.24733,0.7039866039,0.3080376864,-0.1919623136,-0.0980237189,inf,inf
0.18600,0.24800,0.7031006996,0.3069716314,-0.1930283686,-0.0987630658,inf,inf
0.18650,0.24867,0.7022142510,0.3059079586,-0.1940920414,-0.0995010680,inf,inf
0.18700,0.24933,0.7013272574,0.3048466630,-0.1951533370,-0.1002377276,inf,inf
0.18750,0.25000,0.7004397181,0.3037877399,-0.1962122601,-0.1009730469,inf,inf
0.18800,0.25067,0.6995516325,0.3027311842,-0.1972688158,-0.1017070281,inf,inf
0.18850,0.25133,0.6986629999,0.3016769912,-0.1983230088,-0.1024396732,inf,inf
0.18900,0.25200,0.6977738196,0.3006251560,-0.1993748440,-0.1031709846,inf,inf
0.18950,0.25267,0.6968840909,0.2995756739,-0.2004243261,-0.1039009642,inf,inf
0.19000,0.25333,0.6959938131,0.2985285401,-0.2014714599,-0.1046296142,inf,inf
0.19050,0.25400,0.6951029856,0.2974837499,-0.2025162501,-0.1053569368,inf,inf
0.19100,0.25467,0.6942116078,0.2964412985,-0.2035587015,-0.1060829340,inf,inf
0.19150,0.25533,0.6933196788,0.2954011812,-0.2045988188,-0.1068076079,inf,inf
0.19200,0.25600,0.6924271981,0.2943633935,-0.2056366065,-0.1075309605,inf,inf
0.19250,0.25667,0.6915341649,0.2933279307,-0.2066720693,-0.1082529940,inf,inf
0.19300,0.25733,0.6906405786,0.2922947882,-0.2077052118,-0.1089737104,inf,inf
0.19350,0.25800,0.6897464385,0.2912639614,-0.2087360386,-0.1096931116,inf,inf
0.19400,0.25867,0.6888517439,0.2902354457,-0.2097645543,-0.1104111997,inf,inf
0.19450,0.25933,0.6879564940,0.2892092367,-0.2107907633,-0.1111279767,inf,inf
0.19500,0.26000,0.6870606883,0.2881853298,-0.2118146702,-0.1118434447,inf,inf
0.19550,0.26067,0.6861643261,0.2871637205,-0.2128362795,-0.1125576054,inf,inf
0.19600,0.26133,0.6852674065,0.2861444045,-0.2138555955,-0.1132704610,inf,inf
0.19650,0.26200,0.6843699290,0.2851273772,-0.2148726228,-0.1139820133,inf,inf
0.19700,0.26267,0.6834718929,0.2841126343,-0.2158873657,-0.1146922644,inf,inf
0.19750,0.26333,0.6825732973,0.2831001714,-0.2168998286,-0.1154012160,inf,inf
0.19800,0.26400,0.6816741418,0.2820899841,-0.2179100159,-0.1161088702,inf,inf
0.19850,0.26467,0.6807744255,0.2810820682,-0.2189179318,-0.1168152288,inf,inf
0.19900,0.26533,0.6798741477,0.2800764192,-0.2199235808,-0.1175202937,inf,inf
0.19950,0.26600,0.6789733079,0.2790730329,-0.2209269671,-0.1182240667,inf,inf
0.20000,0.26667,0.6780719051,0.2780719051,-0.2219280949,-0.1189265498,inf,inf
