eta_arm,log_neg_two_arm_bits,pirandola_bits,ratio
0.001000,0.00288395,0.00144342,1.99800100
0.001499,0.00432268,0.00216458,1.99700375
0.001998,0.00576070,0.00288611,1.99600699
0.002498,0.00719799,0.00360800,1.99501073
0.002997,0.00863458,0.00433025,1.99401496
0.003496,0.01007045,0.00505286,1.99301969
0.003995,0.01150560,0.00577583,1.99202492
0.004495,0.01294004,0.00649917,1.99103063
0.004994,0.01437377,0.00722287,1.99003684
0.005493,0.01580678,0.00794693,1.98904354
0.005992,0.01723909,0.00867135,1.98805074
0.006492,0.01867068,0.00939614,1.98705842
0.006991,0.02010157,0.01012129,1.98606660
0.007490,0.02153174,0.01084681,1.98507527
0.007989,0.02296121,0.01157270,1.98408442
0.008489,0.02438996,0.01229894,1.98309406
0.008988,0.02581802,0.01302556,1.98210419
0.009487,0.02724536,0.01375254,1.98111481
0.009986,0.02867200,0.01447989,1.98012592
0.010486,0.03009793,0.01520760,1.97913751
0.010985,0.03152316,0.01593568,1.97814959
0.011484,0.03294769,0.01666413,1.97716215
0.011983,0.03437151,0.01739295,1.97617520
0.012483,0.03579463,0.01812213,1.97518873
0.012982,0.03721705,0.01885169,1.97420274
0.013481,0.03863877,0.01958161,1.97321724
0.013980,0.04005979,0.02031190,1.97223222
0.014480,0.04148011,0.02104256,1.97124768
0.014979,0.04289973,0.02177360,1.97026362
0.015478,0.04431865,0.02250500,1.96928004
0.015977,0.04573687,0.02323677,1.96829694
0.016477,0.04715440,0.02396892,1.96731432
0.016976,0.04857123,0.02470144,1.96633218
0.017475,0.04998737,0.02543433,1.96535052
0.017974,0.05140281,0.02616759,1.96436933
0.018474,0.05281756,0.02690122,1.96338862
0.018973,0.05423161,0.02763523,1.96240838
0.019472,0.05564497,0.02836961,1.96142863
0.019971,0.05705764,0.02910437,1.96044934
0.020471,0.05846962,0.02983950,1.95947053
0.020970,0.05988091,0.03057500,1.95849220
0.021469,0.06129151,0.03131088,1.95751433
0.021968,0.06270141,0.03204714,1.95653694
0.022468,0.06411063,0.03278377,1.95556003
0.022967,0.06551917,0.03352078,1.95458358
0.023466,0.06692701,0.03425816,1.95360760
0.023965,0.06833417,0.03499593,1.95263210
0.024465,0.06974064,0.03573406,1.95165706
0.024964,0.07114643,0.03647258,1.95068249
0.025463,0.07255153,0.03721148,1.94970839
0.025962,0.07395595,0.03795075,1.94873476
0.026462,0.07535968,0.03869040,1.94776160
0.026961,0.07676273,0.03943044,1.94678890
0.027460,0.07816511,0.04017085,1.94581667
0.027959,0.07956679,0.04091164,1.94484491
0.028459,0.08096780,0.04165281,1.94387361
0.028958,0.08236813,0.04239437,1.94290277
0.029457,0.08376778,0.04313630,1.94193240
0.029956,0.08516675,0.04387862,1.94096249
0.030456,0.08656505,0.04462132,1.93999304
0.030955,0.08796266,0.04536440,1.93902406
0.031454,0.08935960,0.04610786,1.93805554
0.031953,0.09075586,0.04685171,1.93708747
0.032453,0.09215145,0.04759594,1.93611987
0.032952,0.09354636,0.04834056,1.93515273
0.033451,0.09494060,0.04908556,1.93418605
0.033950,0.09633417,0.04983094,1.93321983
0.034450,0.09772706,0.05057671,1.93225406
0.034949,0.09911928,0.05132287,1.93128875
0.035448,0.10051083,0.05206941,1.93032390
0.035947,0.10190171,0.05281634,1.92935951
0.036447,0.10329192,0.05356366,1.92839557
0.036946,0.10468146,0.05431136,1.92743208
0.037445,0.10607033,0.05505945,1.92646906
0.037944,0.10745853,0.05580793,1.92550648
0.038444,0.10884606,0.05655680,1.92454436
0.038943,0.11023293,0.05730605,1.92358269
0.039442,0.11161913,0.05805570,1.92262148
0.039941,0.11300467,0.05880573,1.92166071
0.040441,0.11438954,0.05955616,1.92070040
0.040940,0.11577374,0.06030697,1.91974054
0.041439,0.11715729,0.06105818,1.91878113
0.041938,0.11854017,0.06180978,1.91782217
0.042438,0.11992238,0.06256177,1.91686365
0.042937,0.12130394,0.06331415,1.91590559
0.043436,0.12268483,0.06406693,1.91494797
0.043935,0.12406507,0.06482009,1.91399080
0.044435,0.12544464,0.06557366,1.91303408
0.044934,0.12682355,0.06632761,1.91207781
0.045433,0.12820181,0.06708196,1.91112198
0.045932,0.12957941,0.06783670,1.91016659
0.046432,0.13095635,0.06859184,1.90921165
0.046931,0.13233263,0.06934738,1.90825716
0.047430,0.13370826,0.07010331,1.90730311
0.047929,0.13508323,0.07085963,1.90634950
0.048429,0.13645754,0.07161636,1.90539633
0.048928,0.13783121,0.07237348,1.90444361
0.049427,0.13920421,0.07313100,1.90349133
0.049926,0.14057657,0.07388891,1.90253948
0.050426,0.14194827,0.07464723,1.90158808
0.050925,0.14331933,0.07540594,1.90063712
0.051424,0.14468973,0.07616505,1.89968660
0.051923,0.14605948,0.07692456,1.89873651
0.052423,0.14742857,0.07768447,1.89778687
0.052922,0.14879703,0.07844479,1.89683766
0.053421,0.15016483,0.07920550,1.89588889
0.053920,0.15153198,0.07996661,1.89494055
0.054420,0.15289849,0.08072813,1.89399265
0.054919,0.15426435,0.08149005,1.89304519
0.055418,0.15562956,0.08225237,1.89209816
0.055917,0.15699413,0.08301509,1.89115157
0.056417,0.15835805,0.08377822,1.89020541
0.056916,0.15972133,0.08454175,1.88925968
0.057415,0.16108396,0.08530569,1.88831439
0.057914,0.16244595,0.08607003,1.88736953
0.058414,0.16380730,0.08683478,1.88642510
0.058913,0.16516801,0.08759993,1.88548110
0.059412,0.16652807,0.08836548,1.88453753
0.059911,0.16788750,0.08913145,1.88359439
0.060411,0.16924628,0.08989782,1.88265168
0.060910,0.17060442,0.09066460,1.88170940
0.061409,0.17196193,0.09143178,1.88076755
0.061908,0.17331880,0.09219938,1.87982613
0.062408,0.17467503,0.09296738,1.87888513
0.062907,0.17603062,0.09373579,1.87794456
0.063406,0.17738557,0.09450461,1.87700442
0.063905,0.17873989,0.09527384,1.87606470
0.064405,0.18009358,0.09604348,1.87512541
0.064904,0.18144663,0.09681354,1.87418655
0.065403,0.18279904,0.09758400,1.87324811
0.065902,0.18415082,0.09835487,1.87231009
0.066402,0.18550197,0.09912616,1.87137249
0.066901,0.18685249,0.09989786,1.87043532
0.067400,0.18820237,0.10066997,1.86949857
0.067899,0.18955163,0.10144250,1.86856224
0.068399,0.19090025,0.10221544,1.86762633
0.068898,0.19224824,0.10298880,1.86669085
0.069397,0.19359561,0.10376256,1.86575578
0.069896,0.19494234,0.10453675,1.86482113
0.070396,0.19628845,0.10531135,1.86388691
0.070895,0.19763392,0.10608637,1.86295310
0.071394,0.19897877,0.10686180,1.86201970
0.071893,0.20032300,0.10763765,1.86108673
0.072393,0.20166660,0.10841392,1.86015417
0.072892,0.20300957,0.10919060,1.85922203
0.073391,0.20435192,0.10996770,1.85829031
0.073890,0.20569364,0.11074523,1.85735900
0.074390,0.20703474,0.11152317,1.85642811
0.074889,0.20837522,0.11230153,1.85549763
0.075388,0.20971508,0.11308031,1.85456756
0.075887,0.21105431,0.11385951,1.85363791
0.076387,0.21239292,0.11463914,1.85270867
0.076886,0.21373091,0.11541918,1.85177984
0.077385,0.21506828,0.11619965,1.85085143
0.077884,0.21640504,0.11698054,1.84992343
0.078384,0.21774117,0.11776185,1.84899583
0.078883,0.21907668,0.11854358,1.84806865
0.079382,0.22041158,0.11932574,1.84714188
0.079881,0.22174586,0.12010833,1.84621552
0.080381,0.22307952,0.12089134,1.84528956
0.080880,0.22441257,0.12167477,1.84436402
0.081379,0.22574500,0.12245863,1.84343888
0.081878,0.22707681,0.12324291,1.84251415
0.082378,0.22840801,0.12402763,1.84158982
0.082877,0.22973860,0.12481276,1.84066591
0.083376,0.23106857,0.12559833,1.83974240
0.083875,0.23239793,0.12638432,1.83881929
0.084375,0.23372668,0.12717075,1.83789659
0.084874,0.23505482,0.12795760,1.83697429
0.085373,0.23638235,0.12874488,1.83605240
0.085872,0.23770926,0.12953259,1.83513091
0.086372,0.23903557,0.13032073,1.83420982
0.086871,0.24036126,0.13110931,1.83328913
0.087370,0.24168635,0.13189831,1.83236885
0.087869,0.24301083,0.13268774,1.83144897
0.088369,0.24433470,0.13347761,1.83052949
0.088868,0.24565797,0.13426791,1.82961041
0.089367,0.24698063,0.13505864,1.82869173
0.089866,0.24830268,0.13584981,1.82777345
0.090366,0.24962412,0.13664141,1.82685556
0.090865,0.25094497,0.13743345,1.82593808
0.091364,0.25226520,0.13822592,1.82502099
0.091863,0.25358484,0.13901882,1.82410430
0.092363,0.25490387,0.13981217,1.82318801
0.092862,0.25622229,0.14060595,1.82227212
0.093361,0.25754012,0.14140016,1.82135662
0.093860,0.25885734,0.14219481,1.82044151
0.094360,0.26017396,0.14298990,1.81952680
0.094859,0.26148999,0.14378543,1.81861249
0.095358,0.26280541,0.14458140,1.81769857
0.095857,0.26412023,0.14537781,1.81678504
0.096357,0.26543445,0.14617466,1.81587191
0.096856,0.26674808,0.14697195,1.81495916
0.097355,0.26806111,0.14776968,1.81404681
0.097854,0.26937354,0.14856785,1.81313485
0.098354,0.27068537,0.14936646,1.81222329
0.098853,0.27199661,0.15016551,1.81131211
0.099352,0.27330725,0.15096501,1.81040132
0.099851,0.27461730,0.15176495,1.80949093
0.100351,0.27592675,0.15256533,1.80858092
0.100850,0.27723561,0.15336616,1.80767130
0.101349,0.27854387,0.15416744,1.80676207
0.101848,0.27985155,0.15496915,1.80585322
0.102348,0.28115863,0.15577132,1.80494477
0.102847,0.28246511,0.15657393,1.80403670
0.103346,0.28377101,0.15737699,1.80312901
0.103845,0.28507632,0.15818049,1.80222171
0.104345,0.28638103,0.15898444,1.80131480
0.104844,0.28768516,0.15978884,1.80040827
0.105343,0.28898869,0.16059369,1.79950213
0.105842,0.29029164,0.16139899,1.79859637
0.106342,0.29159400,0.16220474,1.79769099
0.106841,0.29289577,0.16301094,1.79678600
0.107340,0.29419696,0.16381759,1.79588139
0.107839,0.29549756,0.16462469,1.79497716
0.108339,0.29679757,0.16543224,1.79407331
0.108838,0.29809700,0.16624025,1.79316984
0.109337,0.29939584,0.16704871,1.79226676
0.109836,0.30069410,0.16785762,1.79136405
0.110336,0.30199177,0.16866698,1.79046172
0.110835,0.30328886,0.16947680,1.78955977
0.111334,0.30458537,0.17028707,1.78865821
0.111833,0.30588130,0.17109780,1.78775701
0.112333,0.30717664,0.17190899,1.78685620
0.112832,0.30847140,0.17272063,1.78595576
0.113331,0.30976559,0.17353273,1.78505571
0.113830,0.31105919,0.17434528,1.78415602
0.114330,0.31235221,0.17515830,1.78325671
0.114829,0.31364465,0.17597177,1.78235778
0.115328,0.31493652,0.17678570,1.78145922
0.115827,0.31622780,0.17760009,1.78056104
0.116327,0.31751851,0.17841494,1.77966323
0.116826,0.31880864,0.17923025,1.77876580
0.117325,0.32009820,0.18004602,1.77786873
0.117824,0.32138718,0.18086226,1.77697204
0.118324,0.32267558,0.18167895,1.77607573
0.118823,0.32396341,0.18249611,1.77517978
0.119322,0.32525066,0.18331373,1.77428421
0.119821,0.32653734,0.18413182,1.77338900
0.120321,0.32782344,0.18495037,1.77249417
0.120820,0.32910898,0.18576938,1.77159970
0.121319,0.33039394,0.18658886,1.77070561
0.121818,0.33167833,0.18740880,1.76981188
0.122318,0.33296214,0.18822921,1.76891852
0.122817,0.33424539,0.18905009,1.76802553
0.123316,0.33552806,0.18987144,1.76713291
0.123815,0.33681017,0.19069325,1.76624065
0.124315,0.33809171,0.19151553,1.76534877
0.124814,0.33937267,0.19233828,1.76445724
0.125313,0.34065307,0.19316150,1.76356608
0.125812,0.34193290,0.19398519,1.76267529
0.126312,0.34321217,0.19480935,1.76178487
0.126811,0.34449086,0.19563398,1.76089480
0.127310,0.34576899,0.19645909,1.76000510
0.127809,0.34704656,0.19728466,1.75911577
0.128309,0.34832356,0.19811071,1.75822679
0.128808,0.34959999,0.19893723,1.75733818
0.129307,0.35087586,0.19976422,1.75644993
0.129806,0.35215116,0.20059169,1.75556205
0.130306,0.35342591,0.20141964,1.75467452
0.130805,0.35470009,0.20224806,1.75378736
0.131304,0.35597370,0.20307695,1.75290055
0.131803,0.35724676,0.20390632,1.75201410
0.132303,0.35851925,0.20473617,1.75112802
0.132802,0.35979118,0.20556650,1.75024229
0.133301,0.36106255,0.20639731,1.74935692
0.133800,0.36233337,0.20722859,1.74847191
0.134300,0.36360362,0.20806035,1.74758726
0.134799,0.36487331,0.20889259,1.74670296
0.135298,0.36614245,0.20972532,1.74581902
0.135797,0.36741103,0.21055852,1.74493544
0.136297,0.36867905,0.21139221,1.74405221
0.136796,0.36994651,0.21222637,1.74316934
0.137295,0.37121341,0.21306102,1.74228682
0.137794,0.37247976,0.21389616,1.74140465
0.138294,0.37374556,0.21473177,1.74052284
0.138793,0.37501080,0.21556788,1.73964139
0.139292,0.37627548,0.21640446,1.73876028
0.139791,0.37753961,0.21724153,1.73787953
0.140291,0.37880319,0.21807909,1.73699914
0.140790,0.38006622,0.21891713,1.73611909
0.141289,0.38132869,0.21975567,1.73523939
0.141788,0.38259061,0.22059468,1.73436005
0.142288,0.38385197,0.22143419,1.73348105
0.142787,0.38511279,0.22227419,1.73260241
0.143286,0.38637306,0.22311467,1.73172411
0.143785,0.38763277,0.22395565,1.73084617
0.144285,0.38889194,0.22479711,1.72996857
0.144784,0.39015055,0.22563907,1.72909132
0.145283,0.39140862,0.22648152,1.72821442
0.145782,0.39266614,0.22732446,1.72733787
0.146282,0.39392311,0.22816789,1.72646166
0.146781,0.39517954,0.22901182,1.72558580
0.147280,0.39643542,0.22985624,1.72471028
0.147779,0.39769075,0.23070115,1.72383511
0.148279,0.39894553,0.23154656,1.72296029
0.148778,0.40019977,0.23239247,1.72208581
0.149277,0.40145347,0.23323887,1.72121168
0.149776,0.40270662,0.23408577,1.72033788
0.150276,0.40395922,0.23493317,1.71946444
0.150775,0.40521129,0.23578106,1.71859133
0.151274,0.40646281,0.23662945,1.71771857
0.151773,0.40771378,0.23747835,1.71684615
0.152273,0.40896422,0.23832774,1.71597407
0.152772,0.41021411,0.23917763,1.71510233
0.153271,0.41146346,0.24002802,1.71423093
0.153770,0.41271228,0.24087892,1.71335988
0.154270,0.41396055,0.24173032,1.71248916
0.154769,0.41520828,0.24258222,1.71161878
0.155268,0.41645547,0.24343462,1.71074875
0.155767,0.41770212,0.24428753,1.70987905
0.156267,0.41894824,0.24514094,1.70900969
0.156766,0.42019382,0.24599486,1.70814066
0.157265,0.42143886,0.24684928,1.70727198
0.157764,0.42268336,0.24770421,1.70640363
0.158264,0.42392732,0.24855964,1.70553562
0.158763,0.42517075,0.24941559,1.70466794
0.159262,0.42641365,0.25027204,1.70380060
0.159761,0.42765601,0.25112900,1.70293359
0.160261,0.42889783,0.25198647,1.70206692
0.160760,0.43013912,0.25284445,1.70120059
0.161259,0.43137988,0.25370294,1.70033458
0.161758,0.43262010,0.25456194,1.69946891
0.162258,0.43385979,0.25542145,1.69860358
0.162757,0.43509895,0.25628148,1.69773857
0.163256,0.43633757,0.25714201,1.69687390
0.163755,0.43757567,0.25800307,1.69600956
0.164255,0.43881323,0.25886463,1.69514556
0.164754,0.44005027,0.25972671,1.69428188
0.165253,0.44128677,0.26058931,1.69341853
0.165752,0.44252274,0.26145242,1.69255552
0.166252,0.44375818,0.26231605,1.69169283
0.166751,0.44499310,0.26318020,1.69083047
0.167250,0.44622749,0.26404486,1.68996845
0.167749,0.44746135,0.26491005,1.68910675
0.168249,0.44869468,0.26577575,1.68824537
0.168748,0.44992748,0.26664197,1.68738433
0.169247,0.45115976,0.26750871,1.68652361
0.169746,0.45239151,0.26837597,1.68566322
0.170246,0.45362274,0.26924376,1.68480316
0.170745,0.45485344,0.27011207,1.68394342
0.171244,0.45608362,0.27098090,1.68308401
0.171743,0.45731327,0.27185025,1.68222492
0.172243,0.45854240,0.27272013,1.68136616
0.172742,0.45977100,0.27359053,1.68050772
0.173241,0.46099908,0.27446146,1.67964961
0.173740,0.46222664,0.27533291,1.67879182
0.174240,0.46345368,0.27620489,1.67793435
0.174739,0.46468020,0.27707740,1.67707720
0.175238,0.46590619,0.27795044,1.67622038
0.175737,0.46713167,0.27882400,1.67536388
0.176237,0.46835662,0.27969810,1.67450770
0.176736,0.46958105,0.28057272,1.67365184
0.177235,0.47080497,0.28144788,1.67279630
0.177734,0.47202836,0.28232356,1.67194109
0.178234,0.47325124,0.28319978,1.67108619
0.178733,0.47447360,0.28407653,1.67023161
0.179232,0.47569544,0.28495381,1.66937735
0.179731,0.47691677,0.28583163,1.66852341
0.180231,0.47813758,0.28670998,1.66766978
0.180730,0.47935787,0.28758887,1.66681648
0.181229,0.48057764,0.28846829,1.66596349
0.181728,0.48179690,0.28934825,1.66511082
0.182228,0.48301565,0.29022875,1.66425846
0.182727,0.48423388,0.29110978,1.66340642
0.183226,0.48545159,0.29199135,1.66255470
0.183725,0.48666880,0.29287346,1.66170329
0.184225,0.48788549,0.29375611,1.66085220
0.184724,0.48910166,0.29463930,1.66000142
0.185223,0.49031733,0.29552304,1.65915095
0.185722,0.49153248,0.29640731,1.65830080
0.186222,0.49274712,0.29729213,1.65745096
0.186721,0.49396125,0.29817749,1.65660144
0.187220,0.49517487,0.29906339,1.65575222
0.187719,0.49638798,0.29994983,1.65490332
0.188219,0.49760058,0.30083683,1.65405473
0.188718,0.49881267,0.30172436,1.65320645
0.189217,0.50002425,0.30261245,1.65235849
0.189716,0.50123532,0.30350108,1.65151083
0.190216,0.50244588,0.30439026,1.65066348
0.190715,0.50365594,0.30527999,1.64981644
0.191214,0.50486549,0.30617026,1.64896972
0.191713,0.50607453,0.30706109,1.64812330
0.192213,0.50728307,0.30795246,1.64727718
0.192712,0.50849110,0.30884439,1.64643138
0.193211,0.50969862,0.30973687,1.64558589
0.193710,0.51090564,0.31062990,1.64474070
0.194210,0.51211215,0.31152349,1.64389581
0.194709,0.51331816,0.31241762,1.64305124
0.195208,0.51452367,0.31331232,1.64220697
0.195707,0.51572867,0.31420757,1.64136300
0.196207,0.51693317,0.31510337,1.64051935
0.196706,0.51813717,0.31599973,1.63967599
0.197205,0.51934067,0.31689665,1.63883294
0.197704,0.52054366,0.31779412,1.63799020
0.198204,0.52174615,0.31869216,1.63714775
0.198703,0.52294814,0.31959075,1.63630561
0.199202,0.52414963,0.32048991,1.63546378
0.199701,0.52535062,0.32138962,1.63462224
0.200201,0.52655111,0.32228990,1.63378101
0.200700,0.52775110,0.32319073,1.63294008
0.201199,0.52895060,0.32409214,1.63209945
0.201698,0.53014959,0.32499410,1.63125912
0.202198,0.53134809,0.32589663,1.63041909
0.202697,0.53254609,0.32679972,1.62957937
0.203196,0.53374359,0.32770338,1.62873994
0.203695,0.53494059,0.32860761,1.62790081
0.204195,0.53613710,0.32951240,1.62706198
0.204694,0.53733311,0.33041776,1.62622345
0.205193,0.53852863,0.33132369,1.62538521
0.205692,0.53972365,0.33223019,1.62454728
0.206192,0.54091818,0.33313726,1.62370964
0.206691,0.54211221,0.33404490,1.62287229
0.207190,0.54330575,0.33495311,1.62203525
0.207689,0.54449879,0.33586189,1.62119850
0.208189,0.54569134,0.33677125,1.62036204
0.208688,0.54688340,0.33768117,1.61952589
0.209187,0.54807497,0.33859168,1.61869002
0.209686,0.54926605,0.33950276,1.61785445
0.210186,0.55045663,0.34041441,1.61701918
0.210685,0.55164672,0.34132664,1.61618419
0.211184,0.55283632,0.34223945,1.61534951
0.211683,0.55402544,0.34315283,1.61451511
0.212183,0.55521406,0.34406680,1.61368101
0.212682,0.55640219,0.34498134,1.61284720
0.213181,0.55758983,0.34589646,1.61201368
0.213680,0.55877699,0.34681217,1.61118045
0.214180,0.55996365,0.34772846,1.61034752
0.214679,0.56114983,0.34864532,1.60951487
0.215178,0.56233552,0.34956278,1.60868251
0.215677,0.56352073,0.35048081,1.60785045
0.216177,0.56470545,0.35139943,1.60701867
0.216676,0.56588968,0.35231864,1.60618718
0.217175,0.56707342,0.35323843,1.60535599
0.217674,0.56825668,0.35415880,1.60452508
0.218174,0.56943946,0.35507977,1.60369445
0.218673,0.57062175,0.35600132,1.60286412
0.219172,0.57180355,0.35692347,1.60203407
0.219671,0.57298488,0.35784620,1.60120431
0.220171,0.57416571,0.35876952,1.60037484
0.220670,0.57534607,0.35969344,1.59954565
0.221169,0.57652594,0.36061794,1.59871674
0.221668,0.57770533,0.36154304,1.59788813
0.222168,0.57888424,0.36246873,1.59705979
0.222667,0.58006267,0.36339502,1.59623175
0.223166,0.58124062,0.36432190,1.59540398
0.223665,0.58241808,0.36524938,1.59457650
0.224165,0.58359507,0.36617746,1.59374930
0.224664,0.58477157,0.36710613,1.59292239
0.225163,0.58594760,0.36803540,1.59209576
0.225662,0.58712315,0.36896527,1.59126941
0.226162,0.58829821,0.36989574,1.59044334
0.226661,0.58947280,0.37082681,1.58961755
0.227160,0.59064691,0.37175848,1.58879205
0.227659,0.59182055,0.37269075,1.58796682
0.228159,0.59299371,0.37362363,1.58714188
0.228658,0.59416639,0.37455711,1.58631722
0.229157,0.59533859,0.37549119,1.58549283
0.229656,0.59651032,0.37642588,1.58466872
0.230156,0.59768157,0.37736117,1.58384490
0.230655,0.59885235,0.37829708,1.58302135
0.231154,0.60002265,0.37923358,1.58219808
0.231653,0.60119248,0.38017070,1.58137508
0.232153,0.60236183,0.38110843,1.58055237
0.232652,0.60353071,0.38204676,1.57972993
0.233151,0.60469912,0.38298571,1.57890777
0.233650,0.60586705,0.38392527,1.57808588
0.234150,0.60703451,0.38486544,1.57726427
0.234649,0.60820150,0.38580623,1.57644294
0.235148,0.60936802,0.38674762,1.57562187
0.235647,0.61053406,0.38768964,1.57480109
0.236147,0.61169964,0.38863226,1.57398058
0.236646,0.61286474,0.38957551,1.57316034
0.237145,0.61402937,0.39051937,1.57234038
0.237644,0.61519354,0.39146385,1.57152068
0.238144,0.61635723,0.39240895,1.57070127
0.238643,0.61752046,0.39335466,1.56988212
0.239142,0.61868321,0.39430100,1.56906325
0.239641,0.61984550,0.39524796,1.56824464
0.240141,0.62100732,0.39619554,1.56742631
0.240640,0.62216867,0.39714375,1.56660825
0.241139,0.62332956,0.39809257,1.56579046
0.241638,0.62448997,0.39904203,1.56497294
0.242138,0.62564993,0.39999210,1.56415569
0.242637,0.62680941,0.40094281,1.56333871
0.243136,0.62796843,0.40189414,1.56252200
0.243635,0.62912699,0.40284610,1.56170556
0.244135,0.63028508,0.40379868,1.56088938
0.244634,0.63144270,0.40475190,1.56007348
0.245133,0.63259986,0.40570574,1.55925784
0.245632,0.63375656,0.40666022,1.55844247
0.246132,0.63491279,0.40761533,1.55762736
0.246631,0.63606856,0.40857107,1.55681252
0.247130,0.63722387,0.40952745,1.55599795
0.247629,0.63837871,0.41048446,1.55518364
0.248129,0.63953310,0.41144210,1.55436960
0.248628,0.64068702,0.41240038,1.55355582
0.249127,0.64184048,0.41335930,1.55274231
0.249626,0.64299347,0.41431886,1.55192906
0.250126,0.64414601,0.41527905,1.55111608
0.250625,0.64529809,0.41623989,1.55030336
0.251124,0.64644971,0.41720136,1.54949090
0.251623,0.64760087,0.41816348,1.54867870
0.252123,0.64875157,0.41912623,1.54786677
0.252622,0.64990181,0.42008963,1.54705510
0.253121,0.65105159,0.42105368,1.54624369
0.253620,0.65220092,0.42201837,1.54543254
0.254120,0.65334978,0.42298370,1.54462166
0.254619,0.65449819,0.42394968,1.54381103
0.255118,0.65564615,0.42491631,1.54300066
0.255617,0.65679364,0.42588359,1.54219056
0.256117,0.65794068,0.42685151,1.54138071
0.256616,0.65908727,0.42782008,1.54057112
0.257115,0.66023340,0.42878931,1.53976179
0.257614,0.66137907,0.42975919,1.53895272
0.258114,0.66252429,0.43072972,1.53814391
0.258613,0.66366906,0.43170090,1.53733535
0.259112,0.66481337,0.43267274,1.53652705
0.259611,0.66595722,0.43364523,1.53571901
0.260111,0.66710063,0.43461838,1.53491123
0.260610,0.66824358,0.43559218,1.53410370
0.261109,0.66938608,0.43656665,1.53329642
0.261608,0.67052812,0.43754177,1.53248941
0.262108,0.67166972,0.43851755,1.53168264
0.262607,0.67281086,0.43949399,1.53087614
0.263106,0.67395155,0.44047109,1.53006988
0.263605,0.67509179,0.44144886,1.52926388
0.264105,0.67623158,0.44242728,1.52845814
0.264604,0.67737092,0.44340638,1.52765264
0.265103,0.67850981,0.44438613,1.52684740
0.265602,0.67964826,0.44536656,1.52604242
0.266102,0.68078625,0.44634765,1.52523768
0.266601,0.68192379,0.44732940,1.52443320
0.267100,0.68306089,0.44831183,1.52362896
0.267599,0.68419754,0.44929492,1.52282498
0.268099,0.68533374,0.45027869,1.52202125
0.268598,0.68646949,0.45126313,1.52121777
0.269097,0.68760479,0.45224824,1.52041454
0.269596,0.68873965,0.45323402,1.51961156
0.270096,0.68987407,0.45422047,1.51880883
0.270595,0.69100803,0.45520760,1.51800635
0.271094,0.69214156,0.45619541,1.51720411
0.271593,0.69327463,0.45718390,1.51640213
0.272093,0.69440726,0.45817306,1.51560039
0.272592,0.69553945,0.45916290,1.51479890
0.273091,0.69667120,0.46015342,1.51399766
0.273590,0.69780250,0.46114462,1.51319666
0.274090,0.69893335,0.46213650,1.51239591
0.274589,0.70006376,0.46312906,1.51159541
0.275088,0.70119374,0.46412231,1.51079515
0.275587,0.70232326,0.46511624,1.50999513
0.276087,0.70345235,0.46611086,1.50919536
0.276586,0.70458099,0.46710616,1.50839584
0.277085,0.70570920,0.46810215,1.50759656
0.277584,0.70683696,0.46909883,1.50679753
0.278084,0.70796428,0.47009620,1.50599873
0.278583,0.70909116,0.47109426,1.50520018
0.279082,0.71021760,0.47209301,1.50440188
0.279581,0.71134361,0.47309245,1.50360381
0.280081,0.71246917,0.47409258,1.50280599
0.280580,0.71359429,0.47509341,1.50200841
0.281079,0.71471898,0.47609493,1.50121107
0.281578,0.71584323,0.47709715,1.50041398
0.282078,0.71696703,0.47810006,1.49961712
0.282577,0.71809041,0.47910367,1.49882050
0.283076,0.71921334,0.48010798,1.49802413
0.283575,0.72033584,0.48111299,1.49722799
0.284075,0.72145790,0.48211870,1.49643209
0.284574,0.72257952,0.48312512,1.49563643
0.285073,0.72370071,0.48413223,1.49484101
0.285572,0.72482147,0.48514005,1.49404583
0.286072,0.72594179,0.48614857,1.49325089
0.286571,0.72706167,0.48715780,1.49245618
0.287070,0.72818112,0.48816774,1.49166171
0.287569,0.72930013,0.48917838,1.49086748
0.288069,0.73041871,0.49018973,1.49007348
0.288568,0.73153686,0.49120179,1.48927972
0.289067,0.73265458,0.49221456,1.48848619
0.289566,0.73377186,0.49322804,1.48769290
0.290066,0.73488871,0.49424224,1.48689985
0.290565,0.73600512,0.49525714,1.48610703
0.291064,0.73712111,0.49627277,1.48531444
0.291563,0.73823666,0.49728911,1.48452209
0.292063,0.73935179,0.49830616,1.48372997
0.292562,0.74046648,0.49932393,1.48293809
0.293061,0.74158074,0.50034242,1.48214644
0.293560,0.74269457,0.50136163,1.48135502
0.294060,0.74380797,0.50238156,1.48056383
0.294559,0.74492094,0.50340222,1.47977287
0.295058,0.74603349,0.50442359,1.47898215
0.295557,0.74714560,0.50544569,1.47819166
0.296057,0.74825729,0.50646851,1.47740139
0.296556,0.74936854,0.50749206,1.47661136
0.297055,0.75047937,0.50851634,1.47582156
0.297554,0.75158978,0.50954134,1.47503199
0.298054,0.75269975,0.51056707,1.47424265
0.298553,0.75380930,0.51159353,1.47345353
0.299052,0.75491842,0.51262073,1.47266465
0.299551,0.75602712,0.51364865,1.47187599
0.300051,0.75713539,0.51467731,1.47108756
0.300550,0.75824323,0.51570670,1.47029936
0.301049,0.75935065,0.51673683,1.46951139
0.301548,0.76045764,0.51776769,1.46872364
0.302048,0.76156421,0.51879929,1.46793612
0.302547,0.76267036,0.51983163,1.46714882
0.303046,0.76377608,0.52086470,1.46636175
0.303545,0.76488138,0.52189852,1.46557491
0.304045,0.76598625,0.52293308,1.46478829
0.304544,0.76709070,0.52396838,1.46400190
0.305043,0.76819473,0.52500442,1.46321573
0.305542,0.76929834,0.52604121,1.46242979
0.306042,0.77040153,0.52707875,1.46164407
0.306541,0.77150429,0.52811703,1.46085857
0.307040,0.77260663,0.52915606,1.46007330
0.307539,0.77370855,0.53019584,1.45928824
0.308039,0.77481005,0.53123636,1.45850341
0.308538,0.77591113,0.53227764,1.45771881
0.309037,0.77701179,0.53331967,1.45693442
0.309536,0.77811203,0.53436246,1.45615026
0.310036,0.77921185,0.53540600,1.45536631
0.310535,0.78031126,0.53645029,1.45458259
0.311034,0.78141024,0.53749534,1.45379909
0.311533,0.78250880,0.53854115,1.45301581
0.312033,0.78360695,0.53958772,1.45223274
0.312532,0.78470468,0.54063504,1.45144990
0.313031,0.78580199,0.54168313,1.45066728
0.313530,0.78689888,0.54273198,1.44988487
0.314030,0.78799536,0.54378159,1.44910268
0.314529,0.78909142,0.54483197,1.44832071
0.315028,0.79018707,0.54588311,1.44753896
0.315527,0.79128230,0.54693502,1.44675742
0.316027,0.79237711,0.54798769,1.44597610
0.316526,0.79347151,0.54904114,1.44519500
0.317025,0.79456549,0.55009535,1.44441412
0.317524,0.79565906,0.55115034,1.44363345
0.318024,0.79675221,0.55220609,1.44285299
0.318523,0.79784495,0.55326262,1.44207275
0.319022,0.79893728,0.55431993,1.44129273
0.319521,0.80002919,0.55537801,1.44051291
0.320021,0.80112069,0.55643686,1.43973332
0.320520,0.80221178,0.55749650,1.43895393
0.321019,0.80330245,0.55855691,1.43817476
0.321518,0.80439272,0.55961810,1.43739581
0.322018,0.80548257,0.56068008,1.43661706
0.322517,0.80657201,0.56174283,1.43583853
0.323016,0.80766104,0.56280637,1.43506021
0.323515,0.80874965,0.56387070,1.43428210
0.324015,0.80983786,0.56493581,1.43350421
0.324514,0.81092566,0.56600171,1.43272652
0.325013,0.81201304,0.56706839,1.43194905
0.325512,0.81310002,0.56813587,1.43117178
0.326012,0.81418659,0.56920413,1.43039472
0.326511,0.81527275,0.57027319,1.42961788
0.327010,0.81635850,0.57134304,1.42884124
0.327509,0.81744384,0.57241368,1.42806481
0.328009,0.81852877,0.57348512,1.42728860
0.328508,0.81961330,0.57455735,1.42651258
0.329007,0.82069741,0.57563039,1.42573678
0.329506,0.82178113,0.57670422,1.42496119
0.330006,0.82286443,0.57777885,1.42418580
0.330505,0.82394733,0.57885428,1.42341061
0.331004,0.82502982,0.57993051,1.42263564
0.331503,0.82611190,0.58100755,1.42186087
0.332003,0.82719358,0.58208539,1.42108631
0.332502,0.82827486,0.58316404,1.42031195
0.333001,0.82935573,0.58424350,1.41953780
0.333500,0.83043619,0.58532376,1.41876385
0.333999,0.83151625,0.58640483,1.41799010
0.334499,0.83259591,0.58748672,1.41721656
0.334998,0.83367516,0.58856941,1.41644323
0.335497,0.83475401,0.58965292,1.41567009
0.335996,0.83583245,0.59073724,1.41489716
0.336496,0.83691050,0.59182238,1.41412444
0.336995,0.83798813,0.59290834,1.41335191
0.337494,0.83906537,0.59399511,1.41257959
0.337993,0.84014221,0.59508271,1.41180747
0.338493,0.84121864,0.59617112,1.41103555
0.338992,0.84229467,0.59726035,1.41026383
0.339491,0.84337030,0.59835041,1.40949231
0.339990,0.84444553,0.59944129,1.40872099
0.340490,0.84552036,0.60053300,1.40794987
0.340989,0.84659479,0.60162554,1.40717896
0.341488,0.84766882,0.60271890,1.40640824
0.341987,0.84874245,0.60381309,1.40563772
0.342487,0.84981568,0.60490811,1.40486739
0.342986,0.85088852,0.60600397,1.40409727
0.343485,0.85196095,0.60710065,1.40332734
0.343984,0.85303298,0.60819818,1.40255762
0.344484,0.85410462,0.60929653,1.40178809
0.344983,0.85517586,0.61039573,1.40101875
0.345482,0.85624670,0.61149576,1.40024961
0.345981,0.85731714,0.61259663,1.39948067
0.346481,0.85838719,0.61369834,1.39871193
0.346980,0.85945684,0.61480090,1.39794338
0.347479,0.86052609,0.61590429,1.39717502
0.347978,0.86159495,0.61700853,1.39640686
0.348478,0.86266341,0.61811362,1.39563889
0.348977,0.86373148,0.61921956,1.39487112
0.349476,0.86479915,0.62032634,1.39410354
0.349975,0.86586642,0.62143397,1.39333616
0.350475,0.86693330,0.62254246,1.39256897
0.350974,0.86799979,0.62365179,1.39180197
0.351473,0.86906588,0.62476198,1.39103516
0.351972,0.87013158,0.62587303,1.39026855
0.352472,0.87119689,0.62698493,1.38950212
0.352971,0.87226180,0.62809769,1.38873589
0.353470,0.87332632,0.62921130,1.38796985
0.353969,0.87439045,0.63032578,1.38720400
0.354469,0.87545418,0.63144112,1.38643834
0.354968,0.87651753,0.63255732,1.38567287
0.355467,0.87758048,0.63367439,1.38490759
0.355966,0.87864304,0.63479232,1.38414250
0.356466,0.87970521,0.63591112,1.38337760
0.356965,0.88076698,0.63703079,1.38261289
0.357464,0.88182837,0.63815133,1.38184837
0.357963,0.88288937,0.63927274,1.38108403
0.358463,0.88394997,0.64039502,1.38031988
0.358962,0.88501019,0.64151817,1.37955592
0.359461,0.88607002,0.64264220,1.37879214
0.359960,0.88712946,0.64376711,1.37802856
0.360460,0.88818851,0.64489289,1.37726515
0.360959,0.88924717,0.64601955,1.37650194
0.361458,0.89030544,0.64714710,1.37573891
0.361957,0.89136332,0.64827552,1.37497606
0.362457,0.89242082,0.64940483,1.37421340
0.362956,0.89347793,0.65053502,1.37345093
0.363455,0.89453465,0.65166610,1.37268863
0.363954,0.89559099,0.65279807,1.37192653
0.364454,0.89664694,0.65393093,1.37116460
0.364953,0.89770250,0.65506467,1.37040286
0.365452,0.89875768,0.65619931,1.36964130
0.365951,0.89981247,0.65733484,1.36887993
0.366451,0.90086687,0.65847126,1.36811873
0.366950,0.90192089,0.65960859,1.36735772
0.367449,0.90297453,0.66074680,1.36659689
0.367948,0.90402778,0.66188592,1.36583624
0.368448,0.90508065,0.66302594,1.36507578
0.368947,0.90613313,0.66416686,1.36431549
0.369446,0.90718523,0.66530868,1.36355538
0.369945,0.90823694,0.66645140,1.36279545
0.370445,0.90928827,0.66759504,1.36203570
0.370944,0.91033922,0.66873958,1.36127613
0.371443,0.91138979,0.66988502,1.36051674
0.371942,0.91243997,0.67103138,1.35975753
0.372442,0.91348978,0.67217865,1.35899850
0.372941,0.91453920,0.67332683,1.35823964
0.373440,0.91558824,0.67447593,1.35748096
0.373939,0.91663689,0.67562594,1.35672246
0.374439,0.91768517,0.67677688,1.35596413
0.374938,0.91873306,0.67792873,1.35520598
0.375437,0.91978058,0.67908150,1.35444801
0.375936,0.92082771,0.68023519,1.35369021
0.376436,0.92187447,0.68138980,1.35293259
0.376935,0.92292085,0.68254534,1.35217514
0.377434,0.92396684,0.68370181,1.35141787
0.377933,0.92501246,0.68485920,1.35066077
0.378433,0.92605770,0.68601753,1.34990385
0.378932,0.92710256,0.68717678,1.34914710
0.379431,0.92814704,0.68833697,1.34839052
0.379930,0.92919114,0.68949809,1.34763411
0.380430,0.93023487,0.69066014,1.34687788
0.380929,0.93127822,0.69182313,1.34612182
0.381428,0.93232119,0.69298706,1.34536594
0.381927,0.93336378,0.69415193,1.34461022
0.382427,0.93440600,0.69531775,1.34385467
0.382926,0.93544784,0.69648450,1.34309930
0.383425,0.93648931,0.69765220,1.34234410
0.383924,0.93753040,0.69882084,1.34158906
0.384424,0.93857111,0.69999043,1.34083420
0.384923,0.93961145,0.70116098,1.34007950
0.385422,0.94065142,0.70233247,1.33932498
0.385921,0.94169101,0.70350491,1.33857062
0.386421,0.94273022,0.70467831,1.33781644
0.386920,0.94376906,0.70585266,1.33706242
0.387419,0.94480753,0.70702797,1.33630857
0.387918,0.94584562,0.70820424,1.33555488
0.388418,0.94688334,0.70938146,1.33480136
0.388917,0.94792069,0.71055965,1.33404801
0.389416,0.94895766,0.71173880,1.33329483
0.389915,0.94999427,0.71291892,1.33254181
0.390415,0.95103050,0.71410000,1.33178896
0.390914,0.95206635,0.71528205,1.33103627
0.391413,0.95310184,0.71646507,1.33028375
0.391912,0.95413695,0.71764906,1.32953139
0.392412,0.95517170,0.71883402,1.32877920
0.392911,0.95620607,0.72001996,1.32802717
0.393410,0.95724007,0.72120687,1.32727531
0.393909,0.95827370,0.72239476,1.32652361
0.394409,0.95930696,0.72358363,1.32577207
0.394908,0.96033985,0.72477347,1.32502069
0.395407,0.96137237,0.72596431,1.32426948
0.395906,0.96240452,0.72715612,1.32351843
0.396406,0.96343631,0.72834892,1.32276754
0.396905,0.96446772,0.72954271,1.32201681
0.397404,0.96549877,0.73073748,1.32126624
0.397903,0.96652944,0.73193325,1.32051584
0.398403,0.96755975,0.73313001,1.31976559
0.398902,0.96858970,0.73432776,1.31901550
0.399401,0.96961927,0.73552650,1.31826557
0.399900,0.97064848,0.73672625,1.31751581
0.400400,0.97167732,0.73792699,1.31676620
0.400899,0.97270579,0.73912873,1.31601675
0.401398,0.97373389,0.74033148,1.31526745
0.401897,0.97476164,0.74153522,1.31451832
0.402397,0.97578901,0.74273998,1.31376934
0.402896,0.97681602,0.74394574,1.31302052
0.403395,0.97784266,0.74515250,1.31227186
0.403894,0.97886894,0.74636028,1.31152335
0.404394,0.97989485,0.74756907,1.31077500
0.404893,0.98092040,0.74877888,1.31002681
0.405392,0.98194559,0.74998970,1.30927877
0.405891,0.98297041,0.75120153,1.30853088
0.406391,0.98399486,0.75241439,1.30778315
0.406890,0.98501895,0.75362826,1.30703558
0.407389,0.98604268,0.75484316,1.30628816
0.407888,0.98706605,0.75605908,1.30554089
0.408388,0.98808905,0.75727603,1.30479377
0.408887,0.98911169,0.75849401,1.30404681
0.409386,0.99013397,0.75971301,1.30330000
0.409885,0.99115589,0.76093305,1.30255335
0.410385,0.99217744,0.76215411,1.30180684
0.410884,0.99319864,0.76337622,1.30106049
0.411383,0.99421947,0.76459935,1.30031429
0.411882,0.99523994,0.76582353,1.29956824
0.412382,0.99626005,0.76704875,1.29882234
0.412881,0.99727980,0.76827500,1.29807659
0.413380,0.99829919,0.76950230,1.29733099
0.413879,0.99931822,0.77073065,1.29658554
0.414379,1.00033689,0.77196004,1.29584024
0.414878,1.00135520,0.77319048,1.29509509
0.415377,1.00237315,0.77442197,1.29435009
0.415876,1.00339074,0.77565451,1.29360523
0.416376,1.00440797,0.77688811,1.29286052
0.416875,1.00542484,0.77812276,1.29211596
0.417374,1.00644136,0.77935847,1.29137155
0.417873,1.00745752,0.78059524,1.29062728
0.418373,1.00847332,0.78183307,1.28988316
0.418872,1.00948876,0.78307197,1.28913919
0.419371,1.01050385,0.78431193,1.28839536
0.419870,1.01151858,0.78555295,1.28765168
0.420370,1.01253295,0.78679504,1.28690814
0.420869,1.01354696,0.78803821,1.28616475
0.421368,1.01456062,0.78928244,1.28542150
0.421867,1.01557393,0.79052775,1.28467840
0.422367,1.01658687,0.79177414,1.28393544
0.422866,1.01759947,0.79302160,1.28319262
0.423365,1.01861170,0.79427015,1.28244994
0.423864,1.01962358,0.79551977,1.28170741
0.424364,1.02063511,0.79677048,1.28096502
0.424863,1.02164628,0.79802227,1.28022277
0.425362,1.02265710,0.79927515,1.27948067
0.425861,1.02366757,0.80052912,1.27873870
0.426361,1.02467768,0.80178418,1.27799688
0.426860,1.02568743,0.80304033,1.27725519
0.427359,1.02669684,0.80429758,1.27651365
0.427858,1.02770589,0.80555592,1.27577225
0.428358,1.02871459,0.80681537,1.27503098
0.428857,1.02972293,0.80807591,1.27428986
0.429356,1.03073093,0.80933755,1.27354887
0.429855,1.03173857,0.81060030,1.27280802
0.430355,1.03274586,0.81186416,1.27206731
0.430854,1.03375280,0.81312912,1.27132674
0.431353,1.03475938,0.81439520,1.27058630
0.431852,1.03576562,0.81566238,1.26984600
0.432352,1.03677150,0.81693068,1.26910584
0.432851,1.03777704,0.81820010,1.26836582
0.433350,1.03878222,0.81947063,1.26762593
0.433849,1.03978706,0.82074229,1.26688617
0.434349,1.04079154,0.82201506,1.26614656
0.434848,1.04179567,0.82328896,1.26540707
0.435347,1.04279946,0.82456399,1.26466772
0.435846,1.04380290,0.82584014,1.26392851
0.436346,1.04480598,0.82711742,1.26318943
0.436845,1.04580872,0.82839584,1.26245048
0.437344,1.04681111,0.82967539,1.26171166
0.437843,1.04781316,0.83095607,1.26097298
0.438343,1.04881485,0.83223790,1.26023443
0.438842,1.04981620,0.83352086,1.25949601
0.439341,1.05081720,0.83480496,1.25875773
0.439840,1.05181785,0.83609021,1.25801957
0.440340,1.05281815,0.83737660,1.25728155
0.440839,1.05381811,0.83866415,1.25654366
0.441338,1.05481773,0.83995284,1.25580589
0.441837,1.05581699,0.84124268,1.25506826
0.442337,1.05681591,0.84253368,1.25433076
0.442836,1.05781449,0.84382584,1.25359338
0.443335,1.05881272,0.84511915,1.25285614
0.443834,1.05981060,0.84641363,1.25211902
0.444334,1.06080814,0.84770926,1.25138203
0.444833,1.06180533,0.84900606,1.25064517
0.445332,1.06280218,0.85030403,1.24990844
0.445831,1.06379869,0.85160317,1.24917183
0.446331,1.06479485,0.85290348,1.24843535
0.446830,1.06579067,0.85420496,1.24769900
0.447329,1.06678614,0.85550761,1.24696277
0.447828,1.06778127,0.85681144,1.24622667
0.448328,1.06877606,0.85811646,1.24549069
0.448827,1.06977050,0.85942265,1.24475484
0.449326,1.07076460,0.86073003,1.24401911
0.449825,1.07175836,0.86203859,1.24328351
0.450325,1.07275178,0.86334834,1.24254803
0.450824,1.07374486,0.86465929,1.24181267
0.451323,1.07473759,0.86597142,1.24107744
0.451822,1.07572998,0.86728475,1.24034233
0.452322,1.07672203,0.86859927,1.23960734
0.452821,1.07771375,0.86991500,1.23887248
0.453320,1.07870511,0.87123192,1.23813773
0.453819,1.07969614,0.87255005,1.23740311
0.454319,1.08068683,0.87386938,1.23666861
0.454818,1.08167718,0.87518992,1.23593423
0.455317,1.08266719,0.87651167,1.23519997
0.455816,1.08365686,0.87783464,1.23446582
0.456316,1.08464619,0.87915882,1.23373180
0.456815,1.08563518,0.88048421,1.23299790
0.457314,1.08662383,0.88181082,1.23226412
0.457813,1.08761215,0.88313865,1.23153045
0.458313,1.08860012,0.88446771,1.23079690
0.458812,1.08958776,0.88579799,1.23006347
0.459311,1.09057506,0.88712950,1.22933016
0.459810,1.09156202,0.88846224,1.22859697
0.460310,1.09254864,0.88979622,1.22786389
0.460809,1.09353493,0.89113142,1.22713093
0.461308,1.09452088,0.89246787,1.22639808
0.461807,1.09550649,0.89380555,1.22566535
0.462307,1.09649177,0.89514447,1.22493273
0.462806,1.09747671,0.89648464,1.22420023
0.463305,1.09846131,0.89782606,1.22346784
0.463804,1.09944558,0.89916872,1.22273557
0.464304,1.10042951,0.90051263,1.22200341
0.464803,1.10141311,0.90185780,1.22127137
0.465302,1.10239637,0.90320422,1.22053943
0.465801,1.10337930,0.90455190,1.21980761
0.466301,1.10436189,0.90590084,1.21907590
0.466800,1.10534415,0.90725104,1.21834431
0.467299,1.10632607,0.90860251,1.21761282
0.467798,1.10730766,0.90995525,1.21688145
0.468298,1.10828891,0.91130925,1.21615019
0.468797,1.10926983,0.91266452,1.21541903
0.469296,1.11025042,0.91402107,1.21468799
0.469795,1.11123068,0.91537890,1.21395706
0.470295,1.11221060,0.91673801,1.21322623
0.470794,1.11319019,0.91809840,1.21249552
0.471293,1.11416945,0.91946007,1.21176491
0.471792,1.11514837,0.92082302,1.21103441
0.472292,1.11612697,0.92218727,1.21030402
0.472791,1.11710523,0.92355281,1.20957374
0.473290,1.11808316,0.92491964,1.20884356
0.473789,1.11906075,0.92628777,1.20811349
0.474289,1.12003802,0.92765720,1.20738353
0.474788,1.12101496,0.92902792,1.20665367
0.475287,1.12199156,0.93039996,1.20592392
0.475786,1.12296784,0.93177329,1.20519428
0.476286,1.12394378,0.93314794,1.20446473
0.476785,1.12491940,0.93452390,1.20373530
0.477284,1.12589468,0.93590117,1.20300596
0.477783,1.12686964,0.93727975,1.20227673
0.478283,1.12784427,0.93865966,1.20154761
0.478782,1.12881856,0.94004089,1.20081858
0.479281,1.12979253,0.94142344,1.20008966
0.479780,1.13076617,0.94280731,1.19936084
0.480280,1.13173948,0.94419252,1.19863212
0.480779,1.13271247,0.94557905,1.19790351
0.481278,1.13368512,0.94696692,1.19717499
0.481777,1.13465745,0.94835613,1.19644658
0.482277,1.13562945,0.94974668,1.19571827
0.482776,1.13660112,0.95113856,1.19499005
0.483275,1.13757247,0.95253179,1.19426194
0.483774,1.13854348,0.95392637,1.19353392
0.484274,1.13951418,0.95532230,1.19280601
0.484773,1.14048454,0.95671958,1.19207819
0.485272,1.14145458,0.95811821,1.19135047
0.485771,1.14242429,0.95951820,1.19062285
0.486271,1.14339368,0.96091955,1.18989532
0.486770,1.14436274,0.96232227,1.18916789
0.487269,1.14533148,0.96372635,1.18844056
0.487768,1.14629989,0.96513179,1.18771332
0.488268,1.14726798,0.96653861,1.18698618
0.488767,1.14823574,0.96794680,1.18625914
0.489266,1.14920318,0.96935637,1.18553219
0.489765,1.15017029,0.97076731,1.18480533
0.490265,1.15113708,0.97217964,1.18407857
0.490764,1.15210354,0.97359335,1.18335190
0.491263,1.15306968,0.97500844,1.18262533
0.491762,1.15403550,0.97642493,1.18189885
0.492262,1.15500100,0.97784281,1.18117246
0.492761,1.15596617,0.97926208,1.18044617
0.493260,1.15693102,0.98068275,1.17971996
0.493759,1.15789554,0.98210482,1.17899385
0.494259,1.15885975,0.98352830,1.17826783
0.494758,1.15982363,0.98495318,1.17754190
0.495257,1.16078719,0.98637946,1.17681606
0.495756,1.16175043,0.98780716,1.17609031
0.496256,1.16271335,0.98923628,1.17536464
0.496755,1.16367594,0.99066681,1.17463907
0.497254,1.16463822,0.99209876,1.17391359
0.497753,1.16560017,0.99353214,1.17318819
0.498253,1.16656181,0.99496693,1.17246289
0.498752,1.16752312,0.99640316,1.17173767
0.499251,1.16848411,0.99784082,1.17101254
0.499750,1.16944478,0.99927991,1.17028749
0.500250,1.17040514,1.00072044,1.16956253
0.500749,1.17136517,1.00216241,1.16883766
0.501248,1.17232489,1.00360583,1.16811287
0.501747,1.17328428,1.00505069,1.16738817
0.502247,1.17424336,1.00649699,1.16666355
0.502746,1.17520212,1.00794475,1.16593902
0.503245,1.17616056,1.00939396,1.16521457
0.503744,1.17711868,1.01084463,1.16449021
0.504244,1.17807648,1.01229676,1.16376593
0.504743,1.17903396,1.01375035,1.16304173
0.505242,1.17999113,1.01520541,1.16231761
0.505741,1.18094798,1.01666194,1.16159358
0.506241,1.18190451,1.01811994,1.16086963
0.506740,1.18286073,1.01957942,1.16014576
0.507239,1.18381663,1.02104037,1.15942197
0.507738,1.18477221,1.02250280,1.15869826
0.508238,1.18572748,1.02396672,1.15797463
0.508737,1.18668243,1.02543212,1.15725108
0.509236,1.18763706,1.02689902,1.15652761
0.509735,1.18859138,1.02836741,1.15580421
0.510235,1.18954538,1.02983729,1.15508090
0.510734,1.19049907,1.03130867,1.15435767
0.511233,1.19145244,1.03278156,1.15363451
0.511732,1.19240550,1.03425595,1.15291143
0.512232,1.19335824,1.03573185,1.15218843
0.512731,1.19431067,1.03720926,1.15146550
0.513230,1.19526279,1.03868818,1.15074265
0.513729,1.19621459,1.04016862,1.15001987
0.514229,1.19716607,1.04165058,1.14929717
0.514728,1.19811724,1.04313407,1.14857455
0.515227,1.19906810,1.04461908,1.14785200
0.515726,1.20001865,1.04610563,1.14712952
0.516226,1.20096888,1.04759371,1.14640712
0.516725,1.20191880,1.04908332,1.14568479
0.517224,1.20286841,1.05057447,1.14496253
0.517723,1.20381770,1.05206717,1.14424035
0.518223,1.20476669,1.05356141,1.14351824
0.518722,1.20571536,1.05505720,1.14279620
0.519221,1.20666372,1.05655454,1.14207423
0.519720,1.20761176,1.05805344,1.14135233
0.520220,1.20855950,1.05955390,1.14063050
0.520719,1.20950692,1.06105592,1.13990874
0.521218,1.21045404,1.06255951,1.13918705
0.521717,1.21140084,1.06406466,1.13846543
0.522217,1.21234733,1.06557139,1.13774388
0.522716,1.21329351,1.06707969,1.13702240
0.523215,1.21423939,1.06858957,1.13630099
0.523714,1.21518495,1.07010103,1.13557964
0.524214,1.21613020,1.07161408,1.13485836
0.524713,1.21707514,1.07312872,1.13413715
0.525212,1.21801977,1.07464495,1.13341600
0.525711,1.21896410,1.07616277,1.13269492
0.526211,1.21990811,1.07768219,1.13197390
0.526710,1.22085182,1.07920321,1.13125295
0.527209,1.22179522,1.08072584,1.13053207
0.527708,1.22273831,1.08225008,1.12981124
0.528208,1.22368109,1.08377593,1.12909048
0.528707,1.22462356,1.08530339,1.12836979
0.529206,1.22556573,1.08683248,1.12764916
0.529705,1.22650758,1.08836318,1.12692859
0.530205,1.22744913,1.08989551,1.12620808
0.530704,1.22839038,1.09142948,1.12548763
0.531203,1.22933131,1.09296507,1.12476725
0.531702,1.23027194,1.09450230,1.12404692
0.532202,1.23121227,1.09604117,1.12332666
0.532701,1.23215228,1.09758168,1.12260646
0.533200,1.23309199,1.09912384,1.12188631
0.533699,1.23403140,1.10066765,1.12116623
0.534199,1.23497050,1.10221312,1.12044620
0.534698,1.23590929,1.10376024,1.11972623
0.535197,1.23684778,1.10530902,1.11900632
0.535696,1.23778596,1.10685947,1.11828647
0.536196,1.23872384,1.10841158,1.11756667
0.536695,1.23966141,1.10996537,1.11684693
0.537194,1.24059868,1.11152083,1.11612725
0.537693,1.24153565,1.11307797,1.11540762
0.538193,1.24247231,1.11463679,1.11468805
0.538692,1.24340866,1.11619730,1.11396853
0.539191,1.24434472,1.11775950,1.11324906
0.539690,1.24528046,1.11932339,1.11252965
0.540190,1.24621591,1.12088898,1.11181030
0.540689,1.24715105,1.12245627,1.11109099
0.541188,1.24808589,1.12402527,1.11037174
0.541687,1.24902043,1.12559597,1.10965254
0.542187,1.24995466,1.12716838,1.10893340
0.542686,1.25088859,1.12874251,1.10821430
0.543185,1.25182222,1.13031836,1.10749525
0.543684,1.25275555,1.13189594,1.10677626
0.544184,1.25368858,1.13347524,1.10605732
0.544683,1.25462130,1.13505627,1.10533842
0.545182,1.25555372,1.13663903,1.10461957
0.545681,1.25648584,1.13822354,1.10390078
0.546181,1.25741767,1.13980978,1.10318203
0.546680,1.25834918,1.14139777,1.10246333
0.547179,1.25928040,1.14298751,1.10174467
0.547678,1.26021132,1.14457901,1.10102606
0.548178,1.26114194,1.14617226,1.10030750
0.548677,1.26207226,1.14776728,1.09958899
0.549176,1.26300228,1.14936406,1.09887052
0.549675,1.26393200,1.15096260,1.09815209
0.550175,1.26486141,1.15256293,1.09743371
0.550674,1.26579053,1.15416503,1.09671538
0.551173,1.26671935,1.15576891,1.09599709
0.551672,1.26764788,1.15737457,1.09527884
0.552172,1.26857610,1.15898203,1.09456063
0.552671,1.26950402,1.16059127,1.09384247
0.553170,1.27043165,1.16220232,1.09312435
0.553669,1.27135898,1.16381516,1.09240627
0.554169,1.27228601,1.16542981,1.09168823
0.554668,1.27321274,1.16704627,1.09097023
0.555167,1.27413918,1.16866455,1.09025227
0.555666,1.27506531,1.17028464,1.08953435
0.556166,1.27599116,1.17190655,1.08881647
0.556665,1.27691670,1.17353029,1.08809863
0.557164,1.27784195,1.17515585,1.08738083
0.557663,1.27876690,1.17678325,1.08666306
0.558163,1.27969155,1.17841249,1.08594534
0.558662,1.28061591,1.18004357,1.08522765
0.559161,1.28153997,1.18167650,1.08450999
0.559660,1.28246373,1.18331127,1.08379237
0.560160,1.28338720,1.18494790,1.08307479
0.560659,1.28431038,1.18658639,1.08235724
0.561158,1.28523326,1.18822675,1.08163973
0.561657,1.28615584,1.18986897,1.08092225
0.562157,1.28707813,1.19151306,1.08020480
0.562656,1.28800012,1.19315903,1.07948739
0.563155,1.28892182,1.19480687,1.07877001
0.563654,1.28984323,1.19645660,1.07805266
0.564154,1.29076434,1.19810822,1.07733535
0.564653,1.29168516,1.19976174,1.07661806
0.565152,1.29260568,1.20141715,1.07590081
0.565651,1.29352591,1.20307446,1.07518359
0.566151,1.29444585,1.20473368,1.07446639
0.566650,1.29536549,1.20639481,1.07374923
0.567149,1.29628484,1.20805785,1.07303209
0.567648,1.29720390,1.20972281,1.07231499
0.568148,1.29812267,1.21138970,1.07159791
0.568647,1.29904114,1.21305851,1.07088086
0.569146,1.29995932,1.21472926,1.07016383
0.569645,1.30087721,1.21640195,1.06944683
0.570145,1.30179481,1.21807657,1.06872986
0.570644,1.30271211,1.21975314,1.06801291
0.571143,1.30362912,1.22143167,1.06729599
0.571642,1.30454584,1.22311214,1.06657910
0.572142,1.30546228,1.22479458,1.06586222
0.572641,1.30637841,1.22647898,1.06514537
0.573140,1.30729426,1.22816535,1.06442855
0.573639,1.30820982,1.22985370,1.06371174
0.574139,1.30912509,1.23154402,1.06299496
0.574638,1.31004007,1.23323633,1.06227820
0.575137,1.31095475,1.23493062,1.06156146
0.575636,1.31186915,1.23662690,1.06084475
0.576136,1.31278326,1.23832518,1.06012805
0.576635,1.31369708,1.24002547,1.05941137
0.577134,1.31461061,1.24172776,1.05869471
0.577633,1.31552385,1.24343206,1.05797807
0.578133,1.31643680,1.24513837,1.05726145
0.578632,1.31734946,1.24684671,1.05654484
0.579131,1.31826184,1.24855707,1.05582826
0.579630,1.31917392,1.25026946,1.05511169
0.580130,1.32008572,1.25198389,1.05439513
0.580629,1.32099723,1.25370036,1.05367859
0.581128,1.32190845,1.25541887,1.05296207
0.581627,1.32281938,1.25713943,1.05224556
0.582127,1.32373003,1.25886204,1.05152907
0.582626,1.32464039,1.26058672,1.05081259
0.583125,1.32555046,1.26231345,1.05009612
0.583624,1.32646024,1.26404226,1.04937966
0.584124,1.32736974,1.26577314,1.04866322
0.584623,1.32827895,1.26750611,1.04794679
0.585122,1.32918788,1.26924115,1.04723037
0.585621,1.33009652,1.27097828,1.04651396
0.586121,1.33100487,1.27271751,1.04579756
0.586620,1.33191293,1.27445884,1.04508117
0.587119,1.33282072,1.27620227,1.04436479
0.587618,1.33372821,1.27794781,1.04364841
0.588118,1.33463542,1.27969547,1.04293205
0.588617,1.33554235,1.28144525,1.04221569
0.589116,1.33644899,1.28319715,1.04149934
0.589615,1.33735534,1.28495118,1.04078300
0.590115,1.33826141,1.28670734,1.04006666
0.590614,1.33916720,1.28846565,1.03935033
0.591113,1.34007270,1.29022610,1.03863400
0.591612,1.34097792,1.29198870,1.03791768
0.592112,1.34188285,1.29375346,1.03720136
0.592611,1.34278750,1.29552038,1.03648505
0.593110,1.34369187,1.29728947,1.03576873
0.593609,1.34459595,1.29906072,1.03505242
0.594109,1.34549975,1.30083416,1.03433612
0.594608,1.34640327,1.30260978,1.03361981
0.595107,1.34730650,1.30438758,1.03290350
0.595606,1.34820946,1.30616758,1.03218720
0.596106,1.34911212,1.30794978,1.03147089
0.596605,1.35001451,1.30973419,1.03075458
0.597104,1.35091662,1.31152080,1.03003827
0.597603,1.35181844,1.31330963,1.02932196
0.598103,1.35271998,1.31510068,1.02860565
0.598602,1.35362124,1.31689395,1.02788933
0.599101,1.35452222,1.31868946,1.02717301
0.599600,1.35542291,1.32048720,1.02645668
0.600100,1.35632333,1.32228719,1.02574035
0.600599,1.35722346,1.32408943,1.02502402
0.601098,1.35812332,1.32589392,1.02430768
0.601597,1.35902289,1.32770067,1.02359133
0.602097,1.35992219,1.32950968,1.02287498
0.602596,1.36082120,1.33132097,1.02215862
0.603095,1.36171993,1.33313453,1.02144225
0.603594,1.36261838,1.33495038,1.02072587
0.604094,1.36351656,1.33676851,1.02000948
0.604593,1.36441445,1.33858894,1.01929309
0.605092,1.36531207,1.34041167,1.01857668
0.605591,1.36620940,1.34223670,1.01786026
0.606091,1.36710646,1.34406405,1.01714383
0.606590,1.36800324,1.34589371,1.01642739
0.607089,1.36889973,1.34772570,1.01571094
0.607588,1.36979595,1.34956002,1.01499447
0.608088,1.37069190,1.35139667,1.01427799
0.608587,1.37158756,1.35323566,1.01356150
0.609086,1.37248295,1.35507700,1.01284499
0.609585,1.37337806,1.35692069,1.01212846
0.610085,1.37427289,1.35876675,1.01141192
0.610584,1.37516744,1.36061516,1.01069537
0.611083,1.37606172,1.36246595,1.00997879
0.611582,1.37695572,1.36431912,1.00926220
0.612082,1.37784944,1.36617467,1.00854559
0.612581,1.37874288,1.36803261,1.00782896
0.613080,1.37963605,1.36989294,1.00711232
0.613579,1.38052894,1.37175568,1.00639565
0.614079,1.38142156,1.37362082,1.00567896
0.614578,1.38231390,1.37548838,1.00496225
0.615077,1.38320597,1.37735836,1.00424552
0.615576,1.38409775,1.37923077,1.00352877
0.616076,1.38498927,1.38110561,1.00281199
0.616575,1.38588050,1.38298289,1.00209519
0.617074,1.38677147,1.38486261,1.00137837
0.617573,1.38766215,1.38674479,1.00066152
0.618073,1.38855257,1.38862943,0.99994465
0.618572,1.38944270,1.39051653,0.99922775
0.619071,1.39033257,1.39240611,0.99851082
0.619570,1.39122216,1.39429816,0.99779387
0.620070,1.39211147,1.39619269,0.99707689
0.620569,1.39300051,1.39808972,0.99635988
0.621068,1.39388928,1.39998925,0.99564285
0.621567,1.39477777,1.40189128,0.99492578
0.622067,1.39566599,1.40379582,0.99420868
0.622566,1.39655394,1.40570288,0.99349156
0.623065,1.39744161,1.40761246,0.99277440
0.623564,1.39832901,1.40952457,0.99205721
0.624064,1.39921614,1.41143922,0.99133999
0.624563,1.40010300,1.41335642,0.99062273
0.625062,1.40098958,1.41527616,0.98990544
0.625561,1.40187589,1.41719847,0.98918812
0.626061,1.40276193,1.41912334,0.98847076
0.626560,1.40364769,1.42105078,0.98775337
0.627059,1.40453319,1.42298080,0.98703594
0.627558,1.40541841,1.42491340,0.98631847
0.628058,1.40630336,1.42684860,0.98560097
0.628557,1.40718804,1.42878640,0.98488342
0.629056,1.40807245,1.43072680,0.98416584
0.629555,1.40895658,1.43266981,0.98344822
0.630055,1.40984045,1.43461545,0.98273056
0.630554,1.41072405,1.43656372,0.98201286
0.631053,1.41160737,1.43851461,0.98129512
0.631552,1.41249043,1.44046815,0.98057734
0.632052,1.41337321,1.44242434,0.97985951
0.632551,1.41425573,1.44438319,0.97914164
0.633050,1.41513797,1.44634470,0.97842373
0.633549,1.41601995,1.44830887,0.97770577
0.634049,1.41690165,1.45027573,0.97698777
0.634548,1.41778309,1.45224527,0.97626972
0.635047,1.41866426,1.45421751,0.97555163
0.635546,1.41954515,1.45619244,0.97483349
0.636046,1.42042578,1.45817008,0.97411530
0.636545,1.42130614,1.46015044,0.97339706
0.637044,1.42218624,1.46213352,0.97267877
0.637543,1.42306606,1.46411932,0.97196044
0.638043,1.42394562,1.46610787,0.97124205
0.638542,1.42482490,1.46809916,0.97052362
0.639041,1.42570392,1.47009320,0.96980513
0.639540,1.42658267,1.47209000,0.96908659
0.640040,1.42746116,1.47408957,0.96836799
0.640539,1.42833938,1.47609192,0.96764935
0.641038,1.42921733,1.47809704,0.96693064
0.641537,1.43009501,1.48010496,0.96621189
0.642037,1.43097242,1.48211568,0.96549308
0.642536,1.43184957,1.48412920,0.96477421
0.643035,1.43272646,1.48614554,0.96405528
0.643534,1.43360307,1.48816470,0.96333630
0.644034,1.43447942,1.49018669,0.96261726
0.644533,1.43535551,1.49221151,0.96189816
0.645032,1.43623132,1.49423919,0.96117900
0.645531,1.43710688,1.49626971,0.96045978
0.646031,1.43798216,1.49830310,0.95974050
0.646530,1.43885718,1.50033936,0.95902115
0.647029,1.43973194,1.50237850,0.95830175
0.647528,1.44060643,1.50442052,0.95758228
0.648028,1.44148066,1.50646544,0.95686275
0.648527,1.44235462,1.50851326,0.95614315
0.649026,1.44322831,1.51056399,0.95542349
0.649525,1.44410175,1.51261764,0.95470376
0.650025,1.44497491,1.51467422,0.95398396
0.650524,1.44584782,1.51673373,0.95326410
0.651023,1.44672046,1.51879619,0.95254417
0.651522,1.44759283,1.52086160,0.95182417
0.652022,1.44846494,1.52292997,0.95110410
0.652521,1.44933679,1.52500131,0.95038397
0.653020,1.45020838,1.52707563,0.94966376
0.653519,1.45107970,1.52915293,0.94894347
0.654019,1.45195076,1.53123324,0.94822312
0.654518,1.45282155,1.53331654,0.94750269
0.655017,1.45369209,1.53540286,0.94678219
0.655516,1.45456236,1.53749220,0.94606162
0.656016,1.45543237,1.53958457,0.94534097
0.656515,1.45630211,1.54167998,0.94462024
0.657014,1.45717160,1.54377843,0.94389944
0.657513,1.45804082,1.54587995,0.94317856
0.658013,1.45890978,1.54798453,0.94245760
0.658512,1.45977848,1.55009218,0.94173656
0.659011,1.46064691,1.55220292,0.94101544
0.659510,1.46151509,1.55431675,0.94029424
0.660010,1.46238300,1.55643368,0.93957296
0.660509,1.46325066,1.55855372,0.93885160
0.661008,1.46411805,1.56067688,0.93813016
0.661507,1.46498518,1.56280318,0.93740863
0.662007,1.46585205,1.56493261,0.93668702
0.662506,1.46671867,1.56706518,0.93596532
0.663005,1.46758502,1.56920092,0.93524354
0.663504,1.46845111,1.57133982,0.93452167
0.664004,1.46931694,1.57348190,0.93379971
0.664503,1.47018251,1.57562716,0.93307766
0.665002,1.47104782,1.57777562,0.93235553
0.665501,1.47191287,1.57992728,0.93163331
0.666001,1.47277767,1.58208215,0.93091099
0.666500,1.47364220,1.58424025,0.93018859
0.666999,1.47450648,1.58640158,0.92946609
0.667498,1.47537049,1.58856616,0.92874350
0.667997,1.47623425,1.59073398,0.92802082
0.668497,1.47709775,1.59290507,0.92729804
0.668996,1.47796099,1.59507943,0.92657517
0.669495,1.47882397,1.59725708,0.92585220
0.669994,1.47968670,1.59943801,0.92512913
0.670494,1.48054916,1.60162225,0.92440597
0.670993,1.48141137,1.60380980,0.92368270
0.671492,1.48227332,1.60600067,0.92295934
0.671991,1.48313502,1.60819487,0.92223588
0.672491,1.48399646,1.61039242,0.92151232
0.672990,1.48485764,1.61259332,0.92078866
0.673489,1.48571856,1.61479758,0.92006489
0.673988,1.48657922,1.61700521,0.91934102
0.674488,1.48743963,1.61921623,0.91861705
0.674987,1.48829979,1.62143064,0.91789297
0.675486,1.48915968,1.62364846,0.91716879
0.675985,1.49001932,1.62586969,0.91644449
0.676485,1.49087871,1.62809434,0.91572010
0.676984,1.49173783,1.63032243,0.91499559
0.677483,1.49259671,1.63255397,0.91427097
0.677982,1.49345532,1.63478896,0.91354625
0.678482,1.49431369,1.63702742,0.91282141
0.678981,1.49517179,1.63926936,0.91209646
0.679480,1.49602964,1.64151479,0.91137140
0.679979,1.49688724,1.64376372,0.91064623
0.680479,1.49774458,1.64601617,0.90992094
0.680978,1.49860167,1.64827213,0.90919554
0.681477,1.49945850,1.65053162,0.90847002
0.681976,1.50031508,1.65279467,0.90774439
0.682476,1.50117140,1.65506126,0.90701863
0.682975,1.50202747,1.65733142,0.90629276
0.683474,1.50288329,1.65960517,0.90556677
0.683973,1.50373885,1.66188250,0.90484066
0.684473,1.50459416,1.66416343,0.90411442
0.684972,1.50544921,1.66644797,0.90338807
0.685471,1.50630401,1.66873613,0.90266159
0.685970,1.50715856,1.67102793,0.90193499
0.686470,1.50801286,1.67332338,0.90120826
0.686969,1.50886690,1.67562249,0.90048141
0.687468,1.50972069,1.67792526,0.89975443
0.687967,1.51057423,1.68023172,0.89902732
0.688467,1.51142751,1.68254187,0.89830009
0.688966,1.51228054,1.68485572,0.89757273
0.689465,1.51313332,1.68717329,0.89684523
0.689964,1.51398585,1.68949459,0.89611761
0.690464,1.51483813,1.69181964,0.89538985
0.690963,1.51569015,1.69414843,0.89466196
0.691462,1.51654193,1.69648099,0.89393393
0.691961,1.51739345,1.69881733,0.89320578
0.692461,1.51824472,1.70115746,0.89247748
0.692960,1.51909574,1.70350138,0.89174905
0.693459,1.51994651,1.70584913,0.89102048
0.693958,1.52079703,1.70820070,0.89029177
0.694458,1.52164729,1.71055611,0.88956292
0.694957,1.52249731,1.71291537,0.88883394
0.695456,1.52334708,1.71527849,0.88810481
0.695955,1.52419659,1.71764550,0.88737554
0.696455,1.52504586,1.72001639,0.88664612
0.696954,1.52589488,1.72239119,0.88591656
0.697453,1.52674364,1.72476990,0.88518686
0.697952,1.52759216,1.72715254,0.88445701
0.698452,1.52844043,1.72953912,0.88372701
0.698951,1.52928845,1.73192965,0.88299686
0.699450,1.53013622,1.73432416,0.88226657
0.699949,1.53098374,1.73672264,0.88153612
0.700449,1.53183101,1.73912512,0.88080552
0.700948,1.53267803,1.74153160,0.88007477
0.701447,1.53352480,1.74394211,0.87934387
0.701946,1.53437133,1.74635665,0.87861281
0.702446,1.53521761,1.74877524,0.87788160
0.702945,1.53606364,1.75119789,0.87715023
0.703444,1.53690942,1.75362461,0.87641871
0.703943,1.53775495,1.75605543,0.87568702
0.704443,1.53860024,1.75849034,0.87495518
0.704942,1.53944527,1.76092938,0.87422318
0.705441,1.54029006,1.76337254,0.87349101
0.705940,1.54113461,1.76581985,0.87275868
0.706440,1.54197890,1.76827132,0.87202619
0.706939,1.54282295,1.77072695,0.87129354
0.707438,1.54366676,1.77318678,0.87056072
0.707937,1.54451031,1.77565081,0.86982773
0.708437,1.54535362,1.77811905,0.86909457
0.708936,1.54619668,1.78059152,0.86836125
0.709435,1.54703950,1.78306824,0.86762776
0.709934,1.54788207,1.78554922,0.86689409
0.710434,1.54872440,1.78803447,0.86616026
0.710933,1.54956647,1.79052401,0.86542625
0.711432,1.55040831,1.79301785,0.86469206
0.711931,1.55124989,1.79551601,0.86395771
0.712431,1.55209124,1.79801851,0.86322317
0.712930,1.55293233,1.80052535,0.86248846
0.713429,1.55377318,1.80303655,0.86175357
0.713928,1.55461379,1.80555214,0.86101850
0.714428,1.55545415,1.80807212,0.86028325
0.714927,1.55629427,1.81059651,0.85954782
0.715426,1.55713414,1.81312532,0.85881220
0.715925,1.55797377,1.81565857,0.85807640
0.716425,1.55881316,1.81819628,0.85734042
0.716924,1.55965230,1.82073846,0.85660424
0.717423,1.56049119,1.82328513,0.85586789
0.717922,1.56132984,1.82583630,0.85513134
0.718422,1.56216825,1.82839199,0.85439460
0.718921,1.56300642,1.83095222,0.85365768
0.719420,1.56384434,1.83351700,0.85292056
0.719919,1.56468202,1.83608635,0.85218324
0.720419,1.56551945,1.83866027,0.85144574
0.720918,1.56635664,1.84123881,0.85070803
0.721417,1.56719359,1.84382195,0.84997013
0.721916,1.56803030,1.84640973,0.84923204
0.722416,1.56886676,1.84900216,0.84849374
0.722915,1.56970298,1.85159926,0.84775524
0.723414,1.57053896,1.85420104,0.84701655
0.723913,1.57137470,1.85680752,0.84627765
0.724413,1.57221020,1.85941872,0.84553854
0.724912,1.57304545,1.86203466,0.84479923
0.725411,1.57388046,1.86465534,0.84405972
0.725910,1.57471523,1.86728080,0.84331999
0.726410,1.57554976,1.86991104,0.84258006
0.726909,1.57638405,1.87254609,0.84183992
0.727408,1.57721809,1.87518595,0.84109957
0.727907,1.57805190,1.87783066,0.84035900
0.728407,1.57888546,1.88048022,0.83961822
0.728906,1.57971879,1.88313466,0.83887723
0.729405,1.58055187,1.88579399,0.83813602
0.729904,1.58138471,1.88845824,0.83739459
0.730404,1.58221731,1.89112741,0.83665294
0.730903,1.58304968,1.89380153,0.83591108
0.731402,1.58388180,1.89648061,0.83516899
0.731901,1.58471368,1.89916468,0.83442668
0.732401,1.58554532,1.90185375,0.83368415
0.732900,1.58637672,1.90454785,0.83294139
0.733399,1.58720789,1.90724698,0.83219840
0.733898,1.58803881,1.90995118,0.83145519
0.734398,1.58886950,1.91266045,0.83071174
0.734897,1.58969994,1.91537482,0.82996807
0.735396,1.59053015,1.91809430,0.82922416
0.735895,1.59136011,1.92081893,0.82848003
0.736395,1.59218984,1.92354870,0.82773565
0.736894,1.59301933,1.92628366,0.82699105
0.737393,1.59384859,1.92902380,0.82624620
0.737892,1.59467760,1.93176916,0.82550112
0.738392,1.59550638,1.93451976,0.82475579
0.738891,1.59633491,1.93727561,0.82401023
0.739390,1.59716321,1.94003673,0.82326442
0.739889,1.59799128,1.94280315,0.82251837
0.740389,1.59881910,1.94557488,0.82177207
0.740888,1.59964669,1.94835195,0.82102553
0.741387,1.60047404,1.95113438,0.82027873
0.741886,1.60130115,1.95392218,0.81953169
0.742386,1.60212803,1.95671538,0.81878440
0.742885,1.60295466,1.95951399,0.81803686
0.743384,1.60378107,1.96231805,0.81728906
0.743883,1.60460723,1.96512757,0.81654100
0.744383,1.60543316,1.96794257,0.81579269
0.744882,1.60625885,1.97076307,0.81504412
0.745381,1.60708431,1.97358910,0.81429529
0.745880,1.60790953,1.97642067,0.81354620
0.746380,1.60873451,1.97925781,0.81279685
0.746879,1.60955926,1.98210055,0.81204723
0.747378,1.61038378,1.98494889,0.81129735
0.747877,1.61120805,1.98780287,0.81054720
0.748377,1.61203209,1.99066251,0.80979678
0.748876,1.61285590,1.99352782,0.80904609
0.749375,1.61367947,1.99639884,0.80829514
0.749874,1.61450281,1.99927559,0.80754390
0.750374,1.61532591,2.00215808,0.80679240
0.750873,1.61614878,2.00504634,0.80604061
0.751372,1.61697141,2.00794040,0.80528855
0.751871,1.61779381,2.01084027,0.80453621
0.752371,1.61861597,2.01374598,0.80378359
0.752870,1.61943790,2.01665756,0.80303068
0.753369,1.62025960,2.01957503,0.80227750
0.753868,1.62108106,2.02249840,0.80152402
0.754368,1.62190228,2.02542772,0.80077026
0.754867,1.62272328,2.02836299,0.80001621
0.755366,1.62354404,2.03130425,0.79926187
0.755865,1.62436457,2.03425151,0.79850724
0.756365,1.62518486,2.03720481,0.79775232
0.756864,1.62600492,2.04016417,0.79699710
0.757363,1.62682475,2.04312961,0.79624158
0.757862,1.62764434,2.04610116,0.79548576
0.758362,1.62846370,2.04907884,0.79472965
0.758861,1.62928283,2.05206268,0.79397323
0.759360,1.63010173,2.05505270,0.79321651
0.759859,1.63092039,2.05804894,0.79245948
0.760359,1.63173883,2.06105141,0.79170215
0.760858,1.63255703,2.06406014,0.79094451
0.761357,1.63337499,2.06707516,0.79018655
0.761856,1.63419273,2.07009649,0.78942829
0.762356,1.63501024,2.07312416,0.78866971
0.762855,1.63582751,2.07615820,0.78791082
0.763354,1.63664455,2.07919864,0.78715161
0.763853,1.63746136,2.08224549,0.78639208
0.764353,1.63827794,2.08529880,0.78563223
0.764852,1.63909429,2.08835858,0.78487205
0.765351,1.63991041,2.09142486,0.78411156
0.765850,1.64072629,2.09449768,0.78335073
0.766350,1.64154195,2.09757705,0.78258958
0.766849,1.64235737,2.10066301,0.78182810
0.767348,1.64317257,2.10375559,0.78106629
0.767847,1.64398753,2.10685480,0.78030414
0.768347,1.64480227,2.10996069,0.77954166
0.768846,1.64561677,2.11307329,0.77877884
0.769345,1.64643105,2.11619261,0.77801569
0.769844,1.64724509,2.11931869,0.77725219
0.770344,1.64805891,2.12245156,0.77648835
0.770843,1.64887249,2.12559124,0.77572417
0.771342,1.64968585,2.12873778,0.77495963
0.771841,1.65049898,2.13189119,0.77419475
0.772341,1.65131188,2.13505151,0.77342952
0.772840,1.65212455,2.13821877,0.77266394
0.773339,1.65293699,2.14139300,0.77189801
0.773838,1.65374920,2.14457422,0.77113171
0.774338,1.65456118,2.14776248,0.77036506
0.774837,1.65537294,2.15095780,0.76959805
0.775336,1.65618446,2.15416021,0.76883068
0.775835,1.65699576,2.15736974,0.76806295
0.776335,1.65780683,2.16058643,0.76729484
0.776834,1.65861767,2.16381031,0.76652637
0.777333,1.65942829,2.16704141,0.76575753
0.777832,1.66023868,2.17027976,0.76498832
0.778332,1.66104884,2.17352540,0.76421874
0.778831,1.66185877,2.17677836,0.76344877
0.779330,1.66266847,2.18003867,0.76267843
0.779829,1.66347795,2.18330636,0.76190771
0.780329,1.66428720,2.18658147,0.76113661
0.780828,1.66509622,2.18986403,0.76036512
0.781327,1.66590502,2.19315408,0.75959324
0.781826,1.66671359,2.19645164,0.75882098
0.782326,1.66752193,2.19975676,0.75804833
0.782825,1.66833005,2.20306948,0.75727528
0.783324,1.66913794,2.20638981,0.75650184
0.783823,1.66994561,2.20971781,0.75572800
0.784323,1.67075305,2.21305350,0.75495376
0.784822,1.67156026,2.21639691,0.75417911
0.785321,1.67236725,2.21974810,0.75340407
0.785820,1.67317401,2.22310709,0.75262861
0.786320,1.67398054,2.22647392,0.75185275
0.786819,1.67478686,2.22984862,0.75107648
0.787318,1.67559294,2.23323124,0.75029980
0.787817,1.67639880,2.23662180,0.74952270
0.788317,1.67720444,2.24002035,0.74874518
0.788816,1.67800985,2.24342693,0.74796724
0.789315,1.67881503,2.24684157,0.74718888
0.789814,1.67961999,2.25026431,0.74641009
0.790314,1.68042473,2.25369519,0.74563088
0.790813,1.68122924,2.25713425,0.74485124
0.791312,1.68203353,2.26058153,0.74407116
0.791811,1.68283759,2.26403706,0.74329066
0.792311,1.68364143,2.26750089,0.74250971
0.792810,1.68444505,2.27097306,0.74172833
0.793309,1.68524844,2.27445360,0.74094650
0.793808,1.68605161,2.27794256,0.74016423
0.794308,1.68685455,2.28143998,0.73938152
0.794807,1.68765728,2.28494590,0.73859835
0.795306,1.68845977,2.28846036,0.73781474
0.795805,1.68926205,2.29198340,0.73703067
0.796305,1.69006410,2.29551506,0.73624614
0.796804,1.69086593,2.29905540,0.73546115
0.797303,1.69166754,2.30260444,0.73467570
0.797802,1.69246892,2.30616223,0.73388979
0.798302,1.69327008,2.30972882,0.73310341
0.798801,1.69407102,2.31330425,0.73231657
0.799300,1.69487174,2.31688856,0.73152925
0.799799,1.69567223,2.32048179,0.73074145
0.800299,1.69647251,2.32408400,0.72995318
0.800798,1.69727256,2.32769523,0.72916443
0.801297,1.69807239,2.33131552,0.72837519
0.801796,1.69887199,2.33494492,0.72758547
0.802296,1.69967138,2.33858346,0.72679526
0.802795,1.70047054,2.34223121,0.72600456
0.803294,1.70126949,2.34588821,0.72521337
0.803793,1.70206821,2.34955450,0.72442168
0.804293,1.70286671,2.35323013,0.72362949
0.804792,1.70366499,2.35691515,0.72283679
0.805291,1.70446305,2.36060960,0.72204360
0.805790,1.70526089,2.36431354,0.72124989
0.806290,1.70605851,2.36802702,0.72045568
0.806789,1.70685590,2.37175007,0.71966095
0.807288,1.70765308,2.37548276,0.71886570
0.807787,1.70845004,2.37922514,0.71806993
0.808287,1.70924677,2.38297724,0.71727365
0.808786,1.71004329,2.38673913,0.71647683
0.809285,1.71083959,2.39051086,0.71567949
0.809784,1.71163567,2.39429247,0.71488162
0.810284,1.71243152,2.39808402,0.71408321
0.810783,1.71322716,2.40188556,0.71328426
0.811282,1.71402258,2.40569714,0.71248477
0.811781,1.71481778,2.40951882,0.71168474
0.812281,1.71561276,2.41335065,0.71088416
0.812780,1.71640752,2.41719269,0.71008304
0.813279,1.71720207,2.42104498,0.70928136
0.813778,1.71799639,2.42490759,0.70847912
0.814278,1.71879050,2.42878057,0.70767632
0.814777,1.71958438,2.43266397,0.70687296
0.815276,1.72037805,2.43655785,0.70606903
0.815775,1.72117150,2.44046228,0.70526454
0.816275,1.72196474,2.44437730,0.70445947
0.816774,1.72275775,2.44830297,0.70365383
0.817273,1.72355055,2.45223935,0.70284760
0.817772,1.72434313,2.45618650,0.70204080
0.818272,1.72513549,2.46014448,0.70123340
0.818771,1.72592763,2.46411335,0.70042542
0.819270,1.72671956,2.46809317,0.69961685
0.819769,1.72751126,2.47208400,0.69880767
0.820269,1.72830276,2.47608589,0.69799790
0.820768,1.72909403,2.48009892,0.69718753
0.821267,1.72988509,2.48412315,0.69637654
0.821766,1.73067593,2.48815862,0.69556495
0.822266,1.73146655,2.49220542,0.69475274
0.822765,1.73225696,2.49626361,0.69393992
0.823264,1.73304715,2.50033324,0.69312647
0.823763,1.73383713,2.50441438,0.69231240
0.824263,1.73462689,2.50850710,0.69149770
0.824762,1.73541643,2.51261146,0.69068237
0.825261,1.73620576,2.51672753,0.68986640
0.825760,1.73699487,2.52085538,0.68904979
0.826260,1.73778376,2.52499508,0.68823253
0.826759,1.73857244,2.52914669,0.68741463
0.827258,1.73936090,2.53331027,0.68659608
0.827757,1.74014915,2.53748591,0.68577687
0.828257,1.74093719,2.54167367,0.68495700
0.828756,1.74172500,2.54587363,0.68413647
0.829255,1.74251261,2.55008584,0.68331527
0.829754,1.74329999,2.55431039,0.68249340
0.830254,1.74408717,2.55854734,0.68167086
0.830753,1.74487413,2.56279678,0.68084763
0.831252,1.74566087,2.56705877,0.68002373
0.831751,1.74644740,2.57133339,0.67919913
0.832251,1.74723371,2.57562071,0.67837384
0.832750,1.74801981,2.57992081,0.67754786
0.833249,1.74880570,2.58423376,0.67672117
0.833748,1.74959137,2.58855965,0.67589378
0.834248,1.75037683,2.59289854,0.67506569
0.834747,1.75116208,2.59725053,0.67423687
0.835246,1.75194711,2.60161568,0.67340735
0.835745,1.75273193,2.60599408,0.67257709
0.836245,1.75351653,2.61038581,0.67174612
0.836744,1.75430092,2.61479095,0.67091441
0.837243,1.75508510,2.61920958,0.67008196
0.837742,1.75586907,2.62364178,0.66924878
0.838242,1.75665282,2.62808765,0.66841485
0.838741,1.75743636,2.63254725,0.66758017
0.839240,1.75821968,2.63702069,0.66674474
0.839739,1.75900280,2.64150804,0.66590855
0.840239,1.75978570,2.64600939,0.66507160
0.840738,1.76056839,2.65052483,0.66423388
0.841237,1.76135086,2.65505444,0.66339538
0.841736,1.76213313,2.65959833,0.66255611
0.842236,1.76291518,2.66415656,0.66171606
0.842735,1.76369702,2.66872925,0.66087522
0.843234,1.76447865,2.67331648,0.66003358
0.843733,1.76526007,2.67791833,0.65919115
0.844233,1.76604127,2.68253492,0.65834792
0.844732,1.76682227,2.68716632,0.65750387
0.845231,1.76760305,2.69181264,0.65665902
0.845730,1.76838362,2.69647397,0.65581335
0.846230,1.76916398,2.70115042,0.65496685
0.846729,1.76994413,2.70584206,0.65411953
0.847228,1.77072407,2.71054902,0.65327137
0.847727,1.77150380,2.71527138,0.65242237
0.848227,1.77228332,2.72000926,0.65157253
0.848726,1.77306262,2.72476274,0.65072184
0.849225,1.77384172,2.72953194,0.64987029
0.849724,1.77462061,2.73431695,0.64901789
0.850224,1.77539928,2.73911789,0.64816461
0.850723,1.77617775,2.74393486,0.64731046
0.851222,1.77695600,2.74876796,0.64645544
0.851721,1.77773405,2.75361731,0.64559953
0.852221,1.77851188,2.75848302,0.64474273
0.852720,1.77928951,2.76336519,0.64388504
0.853219,1.78006693,2.76826394,0.64302645
0.853718,1.78084414,2.77317938,0.64216695
0.854218,1.78162113,2.77811163,0.64130653
0.854717,1.78239792,2.78306079,0.64044520
0.855216,1.78317450,2.78802699,0.63958294
0.855715,1.78395087,2.79301035,0.63871975
0.856215,1.78472704,2.79801098,0.63785562
0.856714,1.78550299,2.80302900,0.63699055
0.857213,1.78627873,2.80806454,0.63612453
0.857712,1.78705427,2.81311771,0.63525755
0.858212,1.78782960,2.81818865,0.63438961
0.858711,1.78860472,2.82327747,0.63352070
0.859210,1.78937963,2.82838431,0.63265081
0.859709,1.79015433,2.83350928,0.63177994
0.860209,1.79092883,2.83865253,0.63090808
0.860708,1.79170312,2.84381418,0.63003523
0.861207,1.79247720,2.84899436,0.62916137
0.861706,1.79325107,2.85419321,0.62828650
0.862206,1.79402473,2.85941087,0.62741062
0.862705,1.79479819,2.86464746,0.62653371
0.863204,1.79557144,2.86990313,0.62565577
0.863703,1.79634448,2.87517801,0.62477679
0.864203,1.79711732,2.88047225,0.62389677
0.864702,1.79788995,2.88578599,0.62301569
0.865201,1.79866237,2.89111938,0.62213355
0.865700,1.79943459,2.89647255,0.62125035
0.866200,1.80020660,2.90184566,0.62036607
0.866699,1.80097840,2.90723886,0.61948071
0.867198,1.80174999,2.91265230,0.61859426
0.867697,1.80252138,2.91808612,0.61770671
0.868197,1.80329257,2.92354049,0.61681806
0.868696,1.80406355,2.92901556,0.61592829
0.869195,1.80483432,2.93451148,0.61503740
0.869694,1.80560488,2.94002842,0.61414538
0.870194,1.80637524,2.94556654,0.61325223
0.870693,1.80714540,2.95112600,0.61235793
0.871192,1.80791535,2.95670697,0.61146247
0.871691,1.80868509,2.96230961,0.61056585
0.872191,1.80945463,2.96793410,0.60966806
0.872690,1.81022396,2.97358059,0.60876909
0.873189,1.81099309,2.97924928,0.60786894
0.873688,1.81176201,2.98494032,0.60696758
0.874188,1.81253073,2.99065390,0.60606502
0.874687,1.81329924,2.99639020,0.60516125
0.875186,1.81406755,3.00214940,0.60425625
0.875685,1.81483566,3.00793169,0.60335002
0.876185,1.81560355,3.01373724,0.60244255
0.876684,1.81637125,3.01956625,0.60153383
0.877183,1.81713874,3.02541890,0.60062385
0.877682,1.81790603,3.03129540,0.59971260
0.878182,1.81867311,3.03719593,0.59880006
0.878681,1.81943999,3.04312069,0.59788624
0.879180,1.82020667,3.04906988,0.59697112
0.879679,1.82097314,3.05504371,0.59605469
0.880179,1.82173941,3.06104237,0.59513695
0.880678,1.82250547,3.06706608,0.59421787
0.881177,1.82327133,3.07311505,0.59329745
0.881676,1.82403699,3.07918949,0.59237569
0.882176,1.82480245,3.08528961,0.59145256
0.882675,1.82556770,3.09141564,0.59052807
0.883174,1.82633275,3.09756778,0.58960219
0.883673,1.82709759,3.10374628,0.58867492
0.884173,1.82786224,3.10995135,0.58774625
0.884672,1.82862668,3.11618322,0.58681616
0.885171,1.82939092,3.12244213,0.58588465
0.885670,1.83015495,3.12872831,0.58495170
0.886170,1.83091879,3.13504200,0.58401731
0.886669,1.83168242,3.14138344,0.58308145
0.887168,1.83244585,3.14775288,0.58214413
0.887667,1.83320908,3.15415057,0.58120532
0.888167,1.83397210,3.16057675,0.58026501
0.888666,1.83473493,3.16703169,0.57932320
0.889165,1.83549755,3.17351563,0.57837987
0.889664,1.83625997,3.18002885,0.57743500
0.890164,1.83702219,3.18657161,0.57648860
0.890663,1.83778421,3.19314417,0.57554063
0.891162,1.83854603,3.19974682,0.57459110
0.891661,1.83930764,3.20637982,0.57363998
0.892161,1.84006906,3.21304346,0.57268726
0.892660,1.84083027,3.21973802,0.57173294
0.893159,1.84159129,3.22646378,0.57077699
0.893658,1.84235210,3.23322106,0.56981941
0.894158,1.84311271,3.24001013,0.56886017
0.894657,1.84387312,3.24683129,0.56789927
0.895156,1.84463334,3.25368487,0.56693669
0.895655,1.84539335,3.26057115,0.56597242
0.896155,1.84615316,3.26749047,0.56500644
0.896654,1.84691277,3.27444313,0.56403874
0.897153,1.84767218,3.28142946,0.56306930
0.897652,1.84843139,3.28844978,0.56209811
0.898152,1.84919041,3.29550444,0.56112515
0.898651,1.84994922,3.30259376,0.56015040
0.899150,1.85070783,3.30971808,0.55917386
0.899649,1.85146624,3.31687777,0.55819550
0.900149,1.85222446,3.32407316,0.55721531
0.900648,1.85298247,3.33130462,0.55623327
0.901147,1.85374029,3.33857251,0.55524937
0.901646,1.85449790,3.34587720,0.55426359
0.902146,1.85525532,3.35321907,0.55327591
0.902645,1.85601254,3.36059848,0.55228631
0.903144,1.85676956,3.36801584,0.55129478
0.903643,1.85752638,3.37547153,0.55030130
0.904143,1.85828301,3.38296595,0.54930586
0.904642,1.85903943,3.39049950,0.54830842
0.905141,1.85979566,3.39807260,0.54730898
0.905640,1.86055169,3.40568567,0.54630752
0.906140,1.86130752,3.41333912,0.54530401
0.906639,1.86206315,3.42103339,0.54429844
0.907138,1.86281859,3.42876891,0.54329079
0.907637,1.86357382,3.43654613,0.54228104
0.908137,1.86432886,3.44436551,0.54126917
0.908636,1.86508370,3.45222750,0.54025516
0.909135,1.86583835,3.46013257,0.53923898
0.909634,1.86659280,3.46808119,0.53822062
0.910134,1.86734705,3.47607385,0.53720005
0.910633,1.86810110,3.48411103,0.53617726
0.911132,1.86885495,3.49219324,0.53515222
0.911631,1.86960861,3.50032098,0.53412490
0.912131,1.87036208,3.50849478,0.53309530
0.912630,1.87111534,3.51671514,0.53206338
0.913129,1.87186841,3.52498262,0.53102912
0.913628,1.87262128,3.53329774,0.52999249
0.914128,1.87337396,3.54166107,0.52895348
0.914627,1.87412644,3.55007316,0.52791206
0.915126,1.87487872,3.55853459,0.52686820
0.915625,1.87563081,3.56704594,0.52582188
0.916125,1.87638270,3.57560780,0.52477308
0.916624,1.87713440,3.58422078,0.52372176
0.917123,1.87788590,3.59288548,0.52266790
0.917622,1.87863720,3.60160254,0.52161147
0.918122,1.87938831,3.61037259,0.52055245
0.918621,1.88013922,3.61919628,0.51949081
0.919120,1.88088994,3.62807426,0.51842653
0.919619,1.88164046,3.63700722,0.51735956
0.920119,1.88239079,3.64599584,0.51628989
0.920618,1.88314092,3.65504081,0.51521748
0.921117,1.88389086,3.66414284,0.51414231
0.921616,1.88464060,3.67330266,0.51306434
0.922116,1.88539015,3.68252102,0.51198354
0.922615,1.88613950,3.69179865,0.51089988
0.923114,1.88688866,3.70113633,0.50981334
0.923613,1.88763762,3.71053485,0.50872386
0.924113,1.88838639,3.71999499,0.50763143
0.924612,1.88913497,3.72951758,0.50653601
0.925111,1.88988335,3.73910343,0.50543757
0.925610,1.89063154,3.74875341,0.50433606
0.926110,1.89137953,3.75846837,0.50323146
0.926609,1.89212733,3.76824919,0.50212373
0.927108,1.89287493,3.77809677,0.50101282
0.927607,1.89362235,3.78801204,0.49989871
0.928107,1.89436956,3.79799592,0.49878136
0.928606,1.89511659,3.80804937,0.49766072
0.929105,1.89586342,3.81817338,0.49653676
0.929604,1.89661006,3.82836893,0.49540943
0.930104,1.89735650,3.83863704,0.49427869
0.930603,1.89810275,3.84897876,0.49314451
0.931102,1.89884881,3.85939515,0.49200684
0.931601,1.89959468,3.86988730,0.49086563
0.932101,1.90034035,3.88045631,0.48972085
0.932600,1.90108583,3.89110332,0.48857244
0.933099,1.90183112,3.90182948,0.48742036
0.933598,1.90257622,3.91263599,0.48626456
0.934098,1.90332112,3.92352406,0.48510500
0.934597,1.90406583,3.93449493,0.48394162
0.935096,1.90481035,3.94554986,0.48277437
0.935595,1.90555468,3.95669016,0.48160321
0.936095,1.90629881,3.96791716,0.48042808
0.936594,1.90704276,3.97923220,0.47924893
0.937093,1.90778651,3.99063669,0.47806570
0.937592,1.90853007,4.00213206,0.47687833
0.938092,1.90927344,4.01371975,0.47568678
0.938591,1.91001661,4.02540127,0.47449098
0.939090,1.91075960,4.03717815,0.47329088
0.939589,1.91150239,4.04905196,0.47208641
0.940089,1.91224499,4.06102430,0.47087751
0.940588,1.91298741,4.07309683,0.46966411
0.941087,1.91372963,4.08527123,0.46844616
0.941586,1.91447166,4.09754925,0.46722359
0.942086,1.91521350,4.10993266,0.46599632
0.942585,1.91595515,4.12242327,0.46476429
0.943084,1.91669660,4.13502298,0.46352744
0.943583,1.91743787,4.14773370,0.46228567
0.944083,1.91817895,4.16055739,0.46103893
0.944582,1.91891983,4.17349610,0.45978714
0.945081,1.91966053,4.18655190,0.45853021
0.945580,1.92040104,4.19972693,0.45726807
0.946080,1.92114135,4.21302338,0.45600064
0.946579,1.92188148,4.22644352,0.45472783
0.947078,1.92262142,4.23998967,0.45344955
0.947577,1.92336116,4.25366422,0.45216572
0.948077,1.92410072,4.26746962,0.45087626
0.948576,1.92484009,4.28140841,0.44958105
0.949075,1.92557927,4.29548318,0.44828002
0.949574,1.92631826,4.30969662,0.44697305
0.950074,1.92705706,4.32405148,0.44566006
0.950573,1.92779567,4.33855061,0.44434094
0.951072,1.92853409,4.35319694,0.44301559
0.951571,1.92927232,4.36799349,0.44168388
0.952071,1.93001037,4.38294336,0.44034572
0.952570,1.93074822,4.39804978,0.43900099
0.953069,1.93148589,4.41331605,0.43764957
0.953568,1.93222337,4.42874559,0.43629134
0.954068,1.93296066,4.44434194,0.43492618
0.954567,1.93369776,4.46010874,0.43355395
0.955066,1.93443467,4.47604975,0.43217452
0.955565,1.93517140,4.49216888,0.43078777
0.956065,1.93590793,4.50847014,0.42939354
0.956564,1.93664428,4.52495769,0.42799169
0.957063,1.93738044,4.54163585,0.42658207
0.957562,1.93811642,4.55850908,0.42516454
0.958062,1.93885220,4.57558199,0.42373893
0.958561,1.93958780,4.59285936,0.42230507
0.959060,1.94032321,4.61034615,0.42086281
0.959559,1.94105843,4.62804749,0.41941195
0.960059,1.94179347,4.64596873,0.41795233
0.960558,1.94252832,4.66411539,0.41648376
0.961057,1.94326298,4.68249322,0.41500604
0.961556,1.94399746,4.70110817,0.41351898
0.962056,1.94473174,4.71996646,0.41202236
0.962555,1.94546584,4.73907452,0.41051598
0.963054,1.94619976,4.75843907,0.40899962
0.963553,1.94693349,4.77806707,0.40747303
0.964053,1.94766703,4.79796580,0.40593600
0.964552,1.94840038,4.81814284,0.40438826
0.965051,1.94913355,4.83860607,0.40282956
0.965550,1.94986653,4.85936373,0.40125964
0.966050,1.95059933,4.88042442,0.39967822
0.966549,1.95133194,4.90179712,0.39808501
0.967048,1.95206436,4.92349121,0.39647971
0.967547,1.95279660,4.94551651,0.39486201
0.968047,1.95352865,4.96788328,0.39323159
0.968546,1.95426052,4.99060228,0.39158811
0.969045,1.95499220,5.01368478,0.38993122
0.969544,1.95572369,5.03714261,0.38826054
0.970044,1.95645500,5.06098816,0.38657569
0.970543,1.95718613,5.08523448,0.38487628
0.971042,1.95791707,5.10989527,0.38316188
0.971541,1.95864782,5.13498494,0.38143205
0.972041,1.95937839,5.16051867,0.37968633
0.972540,1.96010878,5.18651247,0.37792424
0.973039,1.96083898,5.21298323,0.37614527
0.973538,1.96156899,5.23994876,0.37434889
0.974038,1.96229882,5.26742792,0.37253454
0.974537,1.96302847,5.29544066,0.37070163
0.975036,1.96375793,5.32400811,0.36884954
0.975535,1.96448720,5.35315269,0.36697761
0.976035,1.96521630,5.38289819,0.36508517
0.976534,1.96594520,5.41326992,0.36317147
0.977033,1.96667393,5.44429481,0.36123575
0.977532,1.96740247,5.47600157,0.35927719
0.978032,1.96813083,5.50842086,0.35729493
0.978531,1.96885900,5.54158543,0.35528803
0.979030,1.96958699,5.57553036,0.35325554
0.979529,1.97031479,5.61029326,0.35119640
0.980029,1.97104241,5.64591453,0.34910950
0.980528,1.97176985,5.68243762,0.34699366
0.981027,1.97249711,5.71990940,0.34484761
0.981526,1.97322418,5.75838047,0.34266999
0.982026,1.97395107,5.79790557,0.34045933
0.982525,1.97467777,5.83854412,0.33821407
0.983024,1.97540429,5.88036065,0.33593251
0.983523,1.97613063,5.92342551,0.33361281
0.984023,1.97685679,5.96781552,0.33125300
0.984522,1.97758276,6.01361484,0.32885092
0.985021,1.97830856,6.06091589,0.32640423
0.985520,1.97903416,6.10982051,0.32391036
0.986020,1.97975959,6.16044124,0.32136652
0.986519,1.98048483,6.21290292,0.31876964
0.987018,1.98120990,6.26734453,0.31611632
0.987517,1.98193478,6.32392139,0.31340282
0.988017,1.98265947,6.38280785,0.31062497
0.988516,1.98338399,6.44420054,0.30777813
0.989015,1.98410832,6.50832231,0.30485711
0.989514,1.98483248,6.57542712,0.30185605
0.990014,1.98555645,6.64580612,0.29876834
0.990513,1.98628023,6.71979529,0.29558642
0.991012,1.98700384,6.79778512,0.29230165
0.991511,1.98772727,6.88023311,0.28890406
0.992011,1.98845051,6.96768001,0.28538201
0.992510,1.98917357,7.06077135,0.28172185
0.993009,1.98989646,7.16028638,0.27790738
0.993508,1.99061916,7.26717776,0.27391915
0.994008,1.99134168,7.38262718,0.26973347
0.994507,1.99206402,7.50812522,0.26532110
0.995006,1.99278618,7.64558933,0.26064520
0.995505,1.99350815,7.79754425,0.25565846
0.996005,1.99422995,7.96740904,0.25029843
0.996504,1.99495157,8.15997671,0.24448006
0.997003,1.99567300,8.38226592,0.23808276
0.997502,1.99639426,8.64515585,0.23092635
0.998002,1.99711533,8.96686725,0.22272163
0.998501,1.99783623,9.38154367,0.21295389
0.999000,1.99855694,9.96578428,0.20054186
