loss_dB,cui_rate,mu_opt,plob_ub,path_alpha_scaling_ub
0.00,6.667088e-02,1.6379e-01,inf,inf
1.00,5.659802e-02,1.6379e-01,2.281584e+00,3.200925e+00
2.00,4.852459e-02,1.3257e-01,1.438141e+00,2.281584e+00
3.00,4.185134e-02,1.3257e-01,1.003430e+00,1.775692e+00
4.00,3.624563e-02,1.3257e-01,7.324215e-01,1.438141e+00
5.00,3.150206e-02,1.3257e-01,5.484123e-01,1.192122e+00
6.00,2.746285e-02,1.3257e-01,4.173258e-01,1.003430e+00
7.00,2.400481e-02,1.3257e-01,3.210740e-01,8.538234e-01
8.00,2.103041e-02,1.3257e-01,2.489465e-01,7.324215e-01
9.00,1.846151e-02,1.3257e-01,1.941174e-01,6.322116e-01
10.00,1.623486e-02,1.3257e-01,1.520031e-01,5.484123e-01
11.00,1.429877e-02,1.3257e-01,1.194051e-01,4.776194e-01
12.00,1.261062e-02,1.3257e-01,9.402646e-02,4.173258e-01
13.00,1.113504e-02,1.3257e-01,7.418089e-02,3.656337e-01
14.00,9.842469e-03,1.3257e-01,5.860926e-02,3.210740e-01
15.00,8.708025e-03,1.3257e-01,4.635895e-02,2.824878e-01
16.00,7.710666e-03,1.3257e-01,3.670177e-02,2.489465e-01
17.00,6.832501e-03,1.3257e-01,2.907660e-02,2.196962e-01
18.00,6.058247e-03,1.3257e-01,2.304831e-02,1.941174e-01
19.00,5.374795e-03,1.3257e-01,1.827775e-02,1.716964e-01
20.00,4.770911e-03,1.0730e-01,1.449957e-02,1.520031e-01
21.00,4.238252e-03,1.0730e-01,1.150549e-02,1.346752e-01
22.00,3.766411e-03,1.0730e-01,9.131629e-03,1.194051e-01
23.00,3.348166e-03,1.0730e-01,7.248784e-03,1.059305e-01
24.00,2.977206e-03,1.0730e-01,5.754935e-03,9.402646e-02
25.00,2.648013e-03,1.0730e-01,4.569431e-03,8.349910e-02
26.00,2.355745e-03,1.0730e-01,3.628445e-03,7.418089e-02
27.00,2.096152e-03,1.0730e-01,2.881431e-03,6.592645e-02
28.00,1.865495e-03,1.0730e-01,2.288331e-03,5.860926e-02
29.00,1.660479e-03,1.0730e-01,1.817390e-03,5.211894e-02
30.00,1.478202e-03,1.0730e-01,1.443417e-03,4.635895e-02
31.00,1.316097e-03,1.0730e-01,1.146429e-03,4.124466e-02
32.00,1.171899e-03,1.0730e-01,9.105663e-04,3.670177e-02
33.00,1.043602e-03,1.0730e-01,7.232416e-04,3.266494e-02
34.00,9.294329e-04,1.0730e-01,5.744616e-04,2.907660e-02
35.00,8.278180e-04,1.0730e-01,4.562924e-04,2.588600e-02
36.00,7.373636e-04,1.0730e-01,3.624341e-04,2.304831e-02
37.00,6.568335e-04,1.0730e-01,2.878842e-04,2.052391e-02
38.00,5.851304e-04,1.0730e-01,2.286699e-04,1.827775e-02
39.00,5.212801e-04,1.0730e-01,1.816360e-04,1.627880e-02
40.00,4.644173e-04,1.0730e-01,1.442767e-04,1.449957e-02
41.00,4.137731e-04,1.0730e-01,1.146019e-04,1.291567e-02
42.00,3.686642e-04,1.0730e-01,9.103078e-05,1.150549e-02
43.00,3.284828e-04,1.0730e-01,7.230785e-05,1.024982e-02
44.00,2.926887e-04,1.0730e-01,5.743587e-05,9.131629e-03
45.00,2.608012e-04,1.0730e-01,4.562274e-05,8.135767e-03
46.00,2.323925e-04,1.0730e-01,3.623932e-05,7.248784e-03
47.00,2.070822e-04,1.0730e-01,2.878584e-05,6.458718e-03
48.00,1.845314e-04,1.0730e-01,2.286536e-05,5.754935e-03
49.00,1.644387e-04,1.0730e-01,1.816257e-05,5.127978e-03
50.00,1.465356e-04,1.0730e-01,1.442702e-05,4.569431e-03
51.00,1.305831e-04,1.0730e-01,1.145978e-05,4.071808e-03
52.00,1.163684e-04,1.0730e-01,9.102819e-06,3.628445e-03
53.00,1.037018e-04,1.0730e-01,7.230621e-06,3.233413e-03
54.00,9.241464e-05,1.0730e-01,5.743484e-06,2.881431e-03
55.00,8.235646e-05,1.0730e-01,4.562210e-06,2.567799e-03
56.00,7.339335e-05,1.0730e-01,3.623891e-06,2.288331e-03
57.00,6.540598e-05,1.0730e-01,2.878558e-06,2.039302e-03
58.00,5.828805e-05,1.0730e-01,2.286519e-06,1.817390e-03
59.00,5.194487e-05,1.0730e-01,1.816247e-06,1.619639e-03
60.00,4.629207e-05,1.0730e-01,1.442696e-06,1.443417e-03
61.00,4.125446e-05,1.0730e-01,1.145974e-06,1.286377e-03
62.00,3.676508e-05,1.0730e-01,9.102793e-07,1.146429e-03
63.00,3.276423e-05,1.0730e-01,7.230605e-07,1.021712e-03
64.00,2.919875e-05,1.0730e-01,5.743474e-07,9.105663e-04
65.00,2.602125e-05,1.0730e-01,4.562203e-07,8.115152e-04
66.00,2.318949e-05,1.0730e-01,3.623887e-07,7.232416e-04
67.00,2.066585e-05,1.0730e-01,2.878555e-07,6.445722e-04
68.00,1.841681e-05,1.0730e-01,2.286518e-07,5.744616e-04
69.00,1.641248e-05,1.0730e-01,1.816246e-07,5.119784e-04
70.00,1.462623e-05,1.0730e-01,1.442695e-07,4.562924e-04
71.00,1.303434e-05,1.0730e-01,1.145973e-07,4.066640e-04
72.00,1.161566e-05,1.0730e-01,9.102791e-08,3.624341e-04
73.00,1.035134e-05,1.0730e-01,7.230604e-08,3.230153e-04
74.00,9.224587e-06,1.0730e-01,5.743473e-08,2.878842e-04
75.00,8.220436e-06,1.0730e-01,4.562202e-08,2.565743e-04
76.00,7.325547e-06,1.0730e-01,3.623886e-08,2.286699e-04
77.00,6.528034e-06,1.0730e-01,2.878555e-08,2.038005e-04
78.00,5.817301e-06,1.0730e-01,2.286518e-08,1.816360e-04
79.00,5.183909e-06,1.0730e-01,1.816245e-08,1.618821e-04
80.00,4.619442e-06,1.0730e-01,1.442695e-08,1.442767e-04
81.00,4.116402e-06,1.0730e-01,1.145973e-08,1.285861e-04
82.00,3.668107e-06,1.0730e-01,9.102790e-09,1.146019e-04
83.00,3.268599e-06,1.0730e-01,7.230603e-09,1.021386e-04
84.00,2.912572e-06,1.0730e-01,5.743472e-09,9.103078e-05
85.00,2.595294e-06,1.0730e-01,4.562202e-09,8.113099e-05
86.00,2.312550e-06,1.0730e-01,3.623886e-09,7.230785e-05
87.00,2.060582e-06,1.0730e-01,2.878555e-09,6.444426e-05
88.00,1.836041e-06,1.0730e-01,2.286518e-09,5.743587e-05
89.00,1.635944e-06,1.0730e-01,1.816245e-09,5.118966e-05
90.00,1.457631e-06,1.0730e-01,1.442695e-09,4.562274e-05
