loss_dB_total,tf_rate,ub_candA_worst,gap_candA,ub_plob_end2end_direct,gap_plob_direct
0.000,8.251346e-04,9.965784e+01,9.965702e+01,9.965784e+01,9.965702e+01
1.000,7.303420e-04,3.200925e+00,3.200195e+00,2.281584e+00,2.280854e+00
2.000,6.469143e-04,2.281584e+00,2.280937e+00,1.438141e+00,1.437494e+00
3.000,5.733930e-04,1.775692e+00,1.775118e+00,1.003430e+00,1.002856e+00
4.000,5.085257e-04,1.438141e+00,1.437632e+00,7.324215e-01,7.319129e-01
5.000,4.512335e-04,1.192122e+00,1.191671e+00,5.484123e-01,5.479610e-01
6.000,4.005835e-04,1.003430e+00,1.003029e+00,4.173258e-01,4.169252e-01
7.000,3.557675e-04,8.538234e-01,8.534676e-01,3.210740e-01,3.207182e-01
8.000,3.160833e-04,7.324215e-01,7.321054e-01,2.489465e-01,2.486304e-01
9.000,2.809189e-04,6.322116e-01,6.319307e-01,1.941174e-01,1.938365e-01
10.000,2.497405e-04,5.484123e-01,5.481625e-01,1.520031e-01,1.517534e-01
11.000,2.220809e-04,4.776194e-01,4.773973e-01,1.194051e-01,1.191830e-01
12.000,1.975310e-04,4.173258e-01,4.171282e-01,9.402646e-02,9.382893e-02
13.000,1.757315e-04,3.656337e-01,3.654580e-01,7.418089e-02,7.400516e-02
14.000,1.563665e-04,3.210740e-01,3.209176e-01,5.860926e-02,5.845289e-02
15.000,1.391582e-04,2.824878e-01,2.823486e-01,4.635895e-02,4.621979e-02
16.000,1.238614e-04,2.489465e-01,2.488227e-01,3.670177e-02,3.657791e-02
17.000,1.102601e-04,2.196962e-01,2.195859e-01,2.907660e-02,2.896634e-02
18.000,9.816320e-05,1.941174e-01,1.940193e-01,2.304831e-02,2.295014e-02
19.000,8.740194e-05,1.716964e-01,1.716090e-01,1.827775e-02,1.819035e-02
20.000,7.782689e-05,1.520031e-01,1.519253e-01,1.449957e-02,1.442174e-02
21.000,6.930579e-05,1.346752e-01,1.346059e-01,1.150549e-02,1.143618e-02
22.000,6.172139e-05,1.194051e-01,1.193434e-01,9.131629e-03,9.069908e-03
23.000,5.496976e-05,1.059305e-01,1.058756e-01,7.248784e-03,7.193814e-03
24.000,4.895870e-05,9.402646e-02,9.397750e-02,5.754935e-03,5.705977e-03
25.000,4.360636e-05,8.349910e-02,8.345549e-02,4.569431e-03,4.525825e-03
26.000,3.884008e-05,7.418089e-02,7.414205e-02,3.628445e-03,3.589605e-03
27.000,3.459529e-05,6.592645e-02,6.589185e-02,2.881431e-03,2.846835e-03
28.000,3.081464e-05,5.860926e-02,5.857845e-02,2.288331e-03,2.257517e-03
29.000,2.744714e-05,5.211894e-02,5.209150e-02,1.817390e-03,1.789943e-03
30.000,2.444743e-05,4.635895e-02,4.633450e-02,1.443417e-03,1.418969e-03
31.000,2.177520e-05,4.124466e-02,4.122288e-02,1.146429e-03,1.124654e-03
32.000,1.939458e-05,3.670177e-02,3.668237e-02,9.105663e-04,8.911717e-04
33.000,1.727364e-05,3.266494e-02,3.264766e-02,7.232416e-04,7.059680e-04
34.000,1.538399e-05,2.907660e-02,2.906122e-02,5.744616e-04,5.590776e-04
35.000,1.370034e-05,2.588600e-02,2.587230e-02,4.562924e-04,4.425920e-04
36.000,1.220018e-05,2.304831e-02,2.303611e-02,3.624341e-04,3.502340e-04
37.000,1.086349e-05,2.052391e-02,2.051304e-02,2.878842e-04,2.770207e-04
38.000,9.672415e-06,1.827775e-02,1.826808e-02,2.286699e-04,2.189975e-04
39.000,8.611072e-06,1.627880e-02,1.627019e-02,1.816360e-04,1.730249e-04
40.000,7.665311e-06,1.449957e-02,1.449190e-02,1.442767e-04,1.366114e-04
41.000,6.822532e-06,1.291567e-02,1.290885e-02,1.146019e-04,1.077794e-04
42.000,6.071510e-06,1.150549e-02,1.149942e-02,9.103078e-05,8.495927e-05
43.000,5.402247e-06,1.024982e-02,1.024442e-02,7.230785e-05,6.690560e-05
44.000,4.805836e-06,9.131629e-03,9.126823e-03,5.743587e-05,5.263003e-05
45.000,4.274342e-06,8.135767e-03,8.131493e-03,4.562274e-05,4.134840e-05
46.000,3.800695e-06,7.248784e-03,7.244983e-03,3.623932e-05,3.243862e-05
47.000,3.378599e-06,6.458718e-03,6.455339e-03,2.878584e-05,2.540724e-05
48.000,3.002442e-06,5.754935e-03,5.751933e-03,2.286536e-05,1.986291e-05
49.000,2.667223e-06,5.127978e-03,5.125311e-03,1.816257e-05,1.549535e-05
50.000,2.368489e-06,4.569431e-03,4.567063e-03,1.442702e-05,1.205853e-05
51.000,2.102269e-06,4.071808e-03,4.069705e-03,1.145978e-05,9.357511e-06
52.000,1.865027e-06,3.628445e-03,3.626580e-03,9.102819e-06,7.237792e-06
53.000,1.653612e-06,3.233413e-03,3.231759e-03,7.230621e-06,5.577009e-06
54.000,1.465215e-06,2.881431e-03,2.879965e-03,5.743484e-06,4.278269e-06
55.000,1.297334e-06,2.567799e-03,2.566501e-03,4.562210e-06,3.264876e-06
56.000,1.147740e-06,2.288331e-03,2.287184e-03,3.623891e-06,2.476151e-06
57.000,1.014445e-06,2.039302e-03,2.038287e-03,2.878558e-06,1.864113e-06
58.000,8.956794e-07,1.817390e-03,1.816494e-03,2.286519e-06,1.390840e-06
59.000,7.898658e-07,1.619639e-03,1.618849e-03,1.816247e-06,1.026381e-06
60.000,6.955986e-07,1.443417e-03,1.442721e-03,1.442696e-06,7.470972e-07
61.000,6.116256e-07,1.286377e-03,1.285765e-03,1.145974e-06,5.343483e-07
62.000,5.368310e-07,1.146429e-03,1.145892e-03,9.102793e-07,3.734483e-07
63.000,4.702207e-07,1.021712e-03,1.021241e-03,7.230605e-07,2.528398e-07
64.000,4.109089e-07,9.105663e-04,9.101554e-04,5.743474e-07,1.634385e-07
65.000,3.581066e-07,8.115152e-04,8.111571e-04,4.562203e-07,9.811370e-08
66.000,3.111107e-07,7.232416e-04,7.229305e-04,3.623887e-07,5.127796e-08
67.000,2.692951e-07,6.445722e-04,6.443029e-04,2.878555e-07,1.856043e-08
68.000,2.321016e-07,5.744616e-04,5.742295e-04,2.286518e-07,-3.449827e-09
69.000,1.990332e-07,5.119784e-04,5.117793e-04,1.816246e-07,-1.740864e-08
70.000,1.696470e-07,4.562924e-04,4.561227e-04,1.442695e-07,-2.537749e-08
71.000,1.435484e-07,4.066640e-04,4.065205e-04,1.145973e-07,-2.895106e-08
72.000,1.203858e-07,3.624341e-04,3.623137e-04,9.102791e-08,-2.935789e-08
73.000,9.984589e-08,3.230153e-04,3.229155e-04,7.230604e-08,-2.753985e-08
74.000,8.164933e-08,2.878842e-04,2.878026e-04,5.743473e-08,-2.421460e-08
75.000,6.554716e-08,2.565743e-04,2.565088e-04,4.562202e-08,-1.992514e-08
76.000,5.131739e-08,2.286699e-04,2.286186e-04,3.623886e-08,-1.507853e-08
77.000,3.876199e-08,2.038005e-04,2.037617e-04,2.878555e-08,-9.976439e-09
78.000,2.770426e-08,1.816360e-04,1.816083e-04,2.286518e-08,-4.839084e-09
79.000,1.798644e-08,1.618821e-04,1.618641e-04,1.816245e-08,1.760145e-10
80.000,9.467633e-09,1.442767e-04,1.442673e-04,1.442695e-08,4.959318e-09
