qber,p_depol,log_neg_bits,bb84_SP_bits,sixstate_SP_bits,gap_bb84,gap_sixstate
0.00000,0.00000,1.0000000000,1.0000000000,1.0000000000,0.0000000000,0.0000000000
0.00050,0.00067,0.9992784721,0.9875918814,0.9930034595,0.0116865907,0.0062750126
0.00100,0.00133,0.9985565831,0.9771844845,0.9870072798,0.0213720986,0.0115493034
0.00150,0.00200,0.9978343328,0.9675326972,0.9813889049,0.0303016356,0.0164454279
0.00200,0.00267,0.9971117207,0.9583718573,0.9760160037,0.0387398633,0.0210957170
0.00250,0.00333,0.9963887464,0.9495762682,0.9708257279,0.0468124782,0.0255630186
0.00300,0.00400,0.9956654097,0.9410718963,0.9657810607,0.0545935134,0.0298843491
0.00350,0.00467,0.9949417102,0.9328098228,0.9608575427,0.0621318873,0.0340841675
0.00400,0.00533,0.9942176474,0.9247552794,0.9560377897,0.0694623681,0.0381798577
0.00450,0.00600,0.9934932211,0.9168822696,0.9513088035,0.0766109515,0.0421844175
0.00500,0.00667,0.9927684308,0.9091706153,0.9466604952,0.0835978154,0.0461079356
0.00550,0.00733,0.9920432762,0.9016041970,0.9420848047,0.0904390792,0.0499584714
0.00600,0.00800,0.9913177569,0.8941698393,0.9375751447,0.0971479176,0.0537426122
0.00650,0.00867,0.9905918726,0.8868565715,0.9331260295,0.1037353011,0.0574658431
0.00700,0.00933,0.9898656229,0.8796551159,0.9287328205,0.1102105069,0.0611328024
0.00750,0.01000,0.9891390074,0.8725575243,0.9243915434,0.1165814831,0.0647474640
0.00800,0.01067,0.9884120257,0.8655569105,0.9200987552,0.1228551152,0.0683132705
0.00850,0.01133,0.9876846776,0.8586472511,0.9158514443,0.1290374265,0.0718332333
0.00900,0.01200,0.9869569625,0.8518232326,0.9116469538,0.1351337299,0.0753100087
0.00950,0.01267,0.9862288802,0.8450801331,0.9074829228,0.1411487472,0.0787459574
0.01000,0.01333,0.9855004303,0.8384137282,0.9033572391,0.1470867021,0.0821431912
0.01050,0.01400,0.9847716124,0.8318202168,0.8992680021,0.1529513956,0.0855036102
0.01100,0.01467,0.9840424261,0.8252961602,0.8952134926,0.1587462659,0.0888289335
0.01150,0.01533,0.9833128711,0.8188384325,0.8911921475,0.1644744385,0.0921207236
0.01200,0.01600,0.9825829469,0.8124441803,0.8872025401,0.1701387666,0.0953804068
0.01250,0.01667,0.9818526533,0.8061107879,0.8832433627,0.1757418654,0.0986092906
0.01300,0.01733,0.9811219898,0.7998358491,0.8793134121,0.1812861407,0.1018085777
0.01350,0.01800,0.9803909561,0.7936171432,0.8754115778,0.1867738129,0.1049793782
0.01400,0.01867,0.9796595517,0.7874526138,0.8715368319,0.1922069379,0.1081227198
0.01450,0.01933,0.9789277764,0.7813403519,0.8676882197,0.1975874245,0.1112395567
0.01500,0.02000,0.9781956297,0.7752785798,0.8638648524,0.2029170499,0.1143307773
0.01550,0.02067,0.9774631112,0.7692656388,0.8600659007,0.2081974724,0.1173972106
0.01600,0.02133,0.9767302207,0.7632999772,0.8562905886,0.2134302435,0.1204396321
0.01650,0.02200,0.9759969576,0.7573801402,0.8525381888,0.2186168174,0.1234587688
0.01700,0.02267,0.9752633217,0.7515047613,0.8488080182,0.2237585603,0.1264553035
0.01750,0.02333,0.9745293125,0.7456725547,0.8450994336,0.2288567578,0.1294298789
0.01800,0.02400,0.9737949297,0.7398823076,0.8414118288,0.2339126220,0.1323831008
0.01850,0.02467,0.9730601728,0.7341328752,0.8377446313,0.2389272976,0.1353155415
0.01900,0.02533,0.9723250416,0.7284231742,0.8340972996,0.2439018673,0.1382277420
0.01950,0.02600,0.9715895355,0.7227521786,0.8304693205,0.2488373569,0.1411202150
0.02000,0.02667,0.9708536543,0.7171189149,0.8268602074,0.2537347394,0.1439934469
0.02050,0.02733,0.9701173976,0.7115224584,0.8232694979,0.2585949392,0.1468478997
0.02100,0.02800,0.9693807649,0.7059619296,0.8196967523,0.2634188354,0.1496840127
0.02150,0.02867,0.9686437560,0.7004364906,0.8161415516,0.2682072653,0.1525022044
0.02200,0.02933,0.9679063703,0.6949453430,0.8126034965,0.2729610273,0.1553028738
0.02250,0.03000,0.9671686075,0.6894877243,0.8090822059,0.2776808833,0.1580864017
0.02300,0.03067,0.9664304673,0.6840629060,0.8055773155,0.2823675613,0.1608531518
0.02350,0.03133,0.9656919492,0.6786701915,0.8020884770,0.2870217577,0.1636034722
0.02400,0.03200,0.9649530529,0.6733089136,0.7986153568,0.2916441393,0.1663376961
0.02450,0.03267,0.9642137779,0.6679784332,0.7951576353,0.2962353448,0.1690561426
0.02500,0.03333,0.9634741240,0.6626781370,0.7917150060,0.3007959870,0.1717591180
0.02550,0.03400,0.9627340906,0.6574074365,0.7882871745,0.3053266541,0.1744469161
0.02600,0.03467,0.9619936774,0.6521657662,0.7848738581,0.3098279113,0.1771198194
0.02650,0.03533,0.9612528841,0.6469525823,0.7814747849,0.3143003018,0.1797780992
0.02700,0.03600,0.9605117101,0.6417673616,0.7780896933,0.3187443485,0.1824220168
0.02750,0.03667,0.9597701552,0.6366096005,0.7747183315,0.3231605547,0.1850518237
0.02800,0.03733,0.9590282189,0.6314788133,0.7713604566,0.3275494056,0.1876677623
0.02850,0.03800,0.9582859009,0.6263745321,0.7680158348,0.3319113688,0.1902700662
0.02900,0.03867,0.9575432008,0.6212963051,0.7646842400,0.3362468957,0.1928589607
0.02950,0.03933,0.9568001181,0.6162436963,0.7613654544,0.3405564218,0.1954346637
0.03000,0.04000,0.9560566524,0.6112162843,0.7580592671,0.3448403681,0.1979973853
0.03050,0.04067,0.9553128034,0.6062136621,0.7547654748,0.3490991413,0.2005473287
0.03100,0.04133,0.9545685708,0.6012354357,0.7514838803,0.3533331350,0.2030846904
0.03150,0.04200,0.9538239539,0.5962812240,0.7482142932,0.3575427299,0.2056096607
0.03200,0.04267,0.9530789526,0.5913506580,0.7449565290,0.3617282946,0.2081224236
0.03250,0.04333,0.9523335664,0.5864433803,0.7417104089,0.3658901861,0.2106231575
0.03300,0.04400,0.9515877948,0.5815590443,0.7384757596,0.3700287506,0.2131120352
0.03350,0.04467,0.9508416375,0.5766973141,0.7352524133,0.3741443235,0.2155892243
0.03400,0.04533,0.9500950942,0.5718578638,0.7320402069,0.3782372304,0.2180548873
0.03450,0.04600,0.9493481643,0.5670403771,0.7288389823,0.3823077872,0.2205091820
0.03500,0.04667,0.9486008475,0.5622445469,0.7256485859,0.3863563006,0.2229522616
0.03550,0.04733,0.9478531434,0.5574700749,0.7224688687,0.3903830685,0.2253842747
0.03600,0.04800,0.9471050516,0.5527166710,0.7192996855,0.3943883805,0.2278053661
0.03650,0.04867,0.9463565716,0.5479840536,0.7161408955,0.3983725181,0.2302156761
0.03700,0.04933,0.9456077032,0.5432719483,0.7129923616,0.4023357549,0.2326153415
0.03750,0.05000,0.9448584458,0.5385800886,0.7098539505,0.4062783572,0.2350044953
0.03800,0.05067,0.9441087991,0.5339082149,0.7067255324,0.4102005842,0.2373832667
0.03850,0.05133,0.9433587627,0.5292560743,0.7036069809,0.4141026883,0.2397517818
0.03900,0.05200,0.9426083361,0.5246234209,0.7004981729,0.4179849152,0.2421101632
0.03950,0.05267,0.9418575190,0.5200100146,0.6973989885,0.4218475044,0.2444585305
0.04000,0.05333,0.9411063109,0.5154156218,0.6943093109,0.4256906891,0.2467970001
0.04050,0.05400,0.9403547115,0.5108400146,0.6912290260,0.4295146969,0.2491256855
0.04100,0.05467,0.9396027204,0.5062829707,0.6881580228,0.4333197497,0.2514446975
0.04150,0.05533,0.9388503370,0.5017442732,0.6850961928,0.4371060638,0.2537541442
0.04200,0.05600,0.9380975611,0.4972237106,0.6820434303,0.4408738505,0.2560541308
0.04250,0.05667,0.9373443922,0.4927210763,0.6789996319,0.4446233158,0.2583447603
0.04300,0.05733,0.9365908298,0.4882361687,0.6759646968,0.4483546611,0.2606261330
0.04350,0.05800,0.9358368737,0.4837687907,0.6729385266,0.4520680830,0.2628983471
0.04400,0.05867,0.9350825233,0.4793187500,0.6699210250,0.4557637733,0.2651614984
0.04450,0.05933,0.9343277783,0.4748858584,0.6669120979,0.4594419199,0.2674156804
0.04500,0.06000,0.9335726383,0.4704699321,0.6639116535,0.4631027061,0.2696609847
0.04550,0.06067,0.9328171027,0.4660707915,0.6609196020,0.4667463113,0.2718975008
0.04600,0.06133,0.9320611713,0.4616882607,0.6579358553,0.4703729107,0.2741253160
0.04650,0.06200,0.9313048437,0.4573221678,0.6549603276,0.4739826758,0.2763445160
0.04700,0.06267,0.9305481192,0.4529723446,0.6519929348,0.4775757747,0.2785551845
0.04750,0.06333,0.9297909977,0.4486386264,0.6490335944,0.4811523713,0.2807574033
0.04800,0.06400,0.9290334786,0.4443208521,0.6460822260,0.4847126266,0.2829512526
0.04850,0.06467,0.9282755616,0.4400188638,0.6431387506,0.4882566978,0.2851368110
0.04900,0.06533,0.9275172462,0.4357325071,0.6402030910,0.4917847391,0.2873141552
0.04950,0.06600,0.9267585320,0.4314616305,0.6372751715,0.4952969015,0.2894833605
0.05000,0.06667,0.9259994186,0.4272060858,0.6343549178,0.4987933328,0.2916445007
0.05050,0.06733,0.9252399055,0.4229657275,0.6314422575,0.5022741780,0.2937976480
0.05100,0.06800,0.9244799924,0.4187404133,0.6285371191,0.5057395790,0.2959428732
0.05150,0.06867,0.9237196787,0.4145300036,0.6256394330,0.5091896752,0.2980802458
0.05200,0.06933,0.9229589642,0.4103343613,0.6227491306,0.5126246030,0.3002098336
0.05250,0.07000,0.9221978484,0.4061533522,0.6198661448,0.5160444962,0.3023317036
0.05300,0.07067,0.9214363308,0.4019868446,0.6169904097,0.5194494862,0.3044459211
0.05350,0.07133,0.9206744110,0.3978347092,0.6141218608,0.5228397019,0.3065525502
0.05400,0.07200,0.9199120887,0.3936968193,0.6112604346,0.5262152694,0.3086516541
0.05450,0.07267,0.9191493633,0.3895730503,0.6084060689,0.5295763129,0.3107432944
0.05500,0.07333,0.9183862344,0.3854632803,0.6055587026,0.5329229542,0.3128275318
0.05550,0.07400,0.9176227017,0.3813673891,0.6027182758,0.5362553126,0.3149044260
0.05600,0.07467,0.9168587647,0.3772852591,0.5998847295,0.5395735056,0.3169740352
0.05650,0.07533,0.9160944229,0.3732167747,0.5970580060,0.5428776483,0.3190364169
0.05700,0.07600,0.9153296760,0.3691618221,0.5942380485,0.5461678539,0.3210916275
0.05750,0.07667,0.9145645235,0.3651202899,0.5914248012,0.5494442336,0.3231397223
0.05800,0.07733,0.9137989650,0.3610920684,0.5886182091,0.5527068966,0.3251807558
0.05850,0.07800,0.9130330000,0.3570770498,0.5858182186,0.5559559502,0.3272147813
0.05900,0.07867,0.9122666281,0.3530751283,0.5830247766,0.5591914998,0.3292418515
0.05950,0.07933,0.9114998489,0.3490861997,0.5802378310,0.5624136492,0.3312620178
0.06000,0.08000,0.9107326619,0.3451101617,0.5774573308,0.5656225002,0.3332753311
0.06050,0.08067,0.9099650668,0.3411469137,0.5746832256,0.5688181531,0.3352818412
0.06100,0.08133,0.9091970630,0.3371963568,0.5719154658,0.5720007062,0.3372815972
0.06150,0.08200,0.9084286502,0.3332583935,0.5691540030,0.5751702567,0.3392746472
0.06200,0.08267,0.9076598279,0.3293329282,0.5663987891,0.5783268996,0.3412610388
0.06250,0.08333,0.9068905956,0.3254198668,0.5636497771,0.5814707288,0.3432408185
0.06300,0.08400,0.9061209530,0.3215191164,0.5609069207,0.5846018366,0.3452140323
0.06350,0.08467,0.9053508996,0.3176305860,0.5581701742,0.5877203136,0.3471807254
0.06400,0.08533,0.9045804349,0.3137541857,0.5554394928,0.5908262492,0.3491409421
0.06450,0.08600,0.9038095586,0.3098898273,0.5527148324,0.5939197312,0.3510947262
0.06500,0.08667,0.9030382701,0.3060374238,0.5499961494,0.5970008463,0.3530421208
0.06550,0.08733,0.9022665691,0.3021968895,0.5472834010,0.6000696796,0.3549831681
0.06600,0.08800,0.9014944550,0.2983681402,0.5445765451,0.6031263148,0.3569179100
0.06650,0.08867,0.9007219276,0.2945510928,0.5418755401,0.6061708347,0.3588463875
0.06700,0.08933,0.8999489862,0.2907456656,0.5391803453,0.6092033206,0.3607686409
0.06750,0.09000,0.8991756305,0.2869517780,0.5364909202,0.6122238525,0.3626847103
0.06800,0.09067,0.8984018600,0.2831693507,0.5338072253,0.6152325093,0.3645946347
0.06850,0.09133,0.8976276743,0.2793983055,0.5311292215,0.6182293687,0.3664984528
0.06900,0.09200,0.8968530729,0.2756385655,0.5284568702,0.6212145074,0.3683962027
0.06950,0.09267,0.8960780554,0.2718900546,0.5257901335,0.6241880008,0.3702879219
0.07000,0.09333,0.8953026213,0.2681526982,0.5231289740,0.6271499231,0.3721736473
0.07050,0.09400,0.8945267703,0.2644264225,0.5204733549,0.6301003478,0.3740534153
0.07100,0.09467,0.8937505017,0.2607111547,0.5178232398,0.6330393470,0.3759272619
0.07150,0.09533,0.8929738153,0.2570068234,0.5151785929,0.6359669919,0.3777952224
0.07200,0.09600,0.8921967105,0.2533133578,0.5125393789,0.6388833526,0.3796573316
0.07250,0.09667,0.8914191868,0.2496306884,0.5099055629,0.6417884985,0.3815136240
0.07300,0.09733,0.8906412440,0.2459587463,0.5072771106,0.6446824976,0.3833641333
0.07350,0.09800,0.8898628814,0.2422974640,0.5046539882,0.6475654173,0.3852088932
0.07400,0.09867,0.8890840986,0.2386467746,0.5020361622,0.6504373240,0.3870479364
0.07450,0.09933,0.8883048952,0.2350066122,0.4994235998,0.6532982830,0.3888812954
0.07500,0.10000,0.8875252707,0.2313769117,0.4968162683,0.6561483590,0.3907090024
0.07550,0.10067,0.8867452247,0.2277576092,0.4942141358,0.6589876155,0.3925310889
0.07600,0.10133,0.8859647568,0.2241486413,0.4916171706,0.6618161155,0.3943475862
0.07650,0.10200,0.8851838663,0.2205499455,0.4890253414,0.6646339208,0.3961585249
0.07700,0.10267,0.8844025530,0.2169614602,0.4864386176,0.6674410927,0.3979639354
0.07750,0.10333,0.8836208163,0.2133831247,0.4838569686,0.6702376915,0.3997638477
0.07800,0.10400,0.8828386558,0.2098148790,0.4812803644,0.6730237768,0.4015582913
0.07850,0.10467,0.8820560710,0.2062566637,0.4787087755,0.6757994073,0.4033472954
0.07900,0.10533,0.8812730614,0.2027084204,0.4761421726,0.6785646410,0.4051308888
0.07950,0.10600,0.8804896267,0.1991700914,0.4735805269,0.6813195353,0.4069090998
0.08000,0.10667,0.8797057663,0.1956416196,0.4710238097,0.6840641467,0.4086819565
0.08050,0.10733,0.8789214797,0.1921229488,0.4684719931,0.6867985309,0.4104494867
0.08100,0.10800,0.8781367666,0.1886140234,0.4659250491,0.6895227432,0.4122117175
0.08150,0.10867,0.8773516264,0.1851147885,0.4633829505,0.6922368379,0.4139686760
0.08200,0.10933,0.8765660588,0.1816251899,0.4608456699,0.6949408688,0.4157203888
0.08250,0.11000,0.8757800631,0.1781451741,0.4583131807,0.6976348890,0.4174668823
0.08300,0.11067,0.8749936389,0.1746746882,0.4557854565,0.7003189508,0.4192081824
0.08350,0.11133,0.8742067859,0.1712136798,0.4532624711,0.7029931061,0.4209443148
0.08400,0.11200,0.8734195034,0.1677620975,0.4507441987,0.7056574059,0.4226753047
0.08450,0.11267,0.8726317911,0.1643198902,0.4482306138,0.7083119009,0.4244011773
0.08500,0.11333,0.8718436485,0.1608870075,0.4457216912,0.7109566410,0.4261219573
0.08550,0.11400,0.8710550751,0.1574633997,0.4432174060,0.7135916754,0.4278376690
0.08600,0.11467,0.8702660704,0.1540490175,0.4407177337,0.7162170529,0.4295483367
0.08650,0.11533,0.8694766340,0.1506438124,0.4382226499,0.7188328216,0.4312539841
0.08700,0.11600,0.8686867653,0.1472477362,0.4357321305,0.7214390291,0.4329546348
0.08750,0.11667,0.8678964640,0.1438607415,0.4332461520,0.7240357225,0.4346503120
0.08800,0.11733,0.8671057295,0.1404827814,0.4307646906,0.7266229481,0.4363410389
0.08850,0.11800,0.8663145614,0.1371138094,0.4282877234,0.7292007520,0.4380268380
0.08900,0.11867,0.8655229591,0.1337537796,0.4258152272,0.7317691795,0.4397077319
0.08950,0.11933,0.8647309223,0.1304026467,0.4233471795,0.7343282756,0.4413837428
0.09000,0.12000,0.8639384504,0.1270603659,0.4208835579,0.7368780846,0.4430548926
0.09050,0.12067,0.8631455430,0.1237268927,0.4184243401,0.7394186503,0.4447212029
0.09100,0.12133,0.8623521995,0.1204021835,0.4159695042,0.7419500161,0.4463826954
0.09150,0.12200,0.8615584196,0.1170861947,0.4135190285,0.7444722249,0.4480393911
0.09200,0.12267,0.8607642026,0.1137788835,0.4110728917,0.7469853191,0.4496913109
0.09250,0.12333,0.8599695482,0.1104802076,0.4086310725,0.7494893407,0.4513384758
0.09300,0.12400,0.8591744559,0.1071901249,0.4061935499,0.7519843310,0.4529809060
0.09350,0.12467,0.8583789251,0.1039085939,0.4037603032,0.7544703311,0.4546186219
0.09400,0.12533,0.8575829554,0.1006355738,0.4013313118,0.7569473816,0.4562516436
0.09450,0.12600,0.8567865463,0.0973710237,0.3989065555,0.7594155226,0.4578799908
0.09500,0.12667,0.8559896973,0.0941149036,0.3964860142,0.7618747937,0.4595036831
0.09550,0.12733,0.8551924080,0.0908671738,0.3940696681,0.7643252342,0.4611227399
0.09600,0.12800,0.8543946778,0.0876277949,0.3916574974,0.7667668829,0.4627371804
0.09650,0.12867,0.8535965062,0.0843967280,0.3892494827,0.7691997782,0.4643470235
0.09700,0.12933,0.8527978928,0.0811739346,0.3868456047,0.7716239582,0.4659522881
0.09750,0.13000,0.8519988371,0.0779593767,0.3844458445,0.7740394605,0.4675529926
0.09800,0.13067,0.8511993386,0.0747530165,0.3820501832,0.7764463221,0.4691491554
0.09850,0.13133,0.8503993968,0.0715548167,0.3796586020,0.7788445800,0.4707407947
0.09900,0.13200,0.8495990112,0.0683647405,0.3772710827,0.7812342706,0.4723279285
0.09950,0.13267,0.8487981812,0.0651827513,0.3748876068,0.7836154300,0.4739105744
0.10000,0.13333,0.8479969066,0.0620088128,0.3725081563,0.7859880937,0.4754887502
0.10050,0.13400,0.8471951866,0.0588428894,0.3701327134,0.7883522972,0.4770624732
0.10100,0.13467,0.8463930209,0.0556849455,0.3677612602,0.7907080753,0.4786317607
0.10150,0.13533,0.8455904088,0.0525349461,0.3653937792,0.7930554627,0.4801966296
0.10200,0.13600,0.8447873501,0.0493928564,0.3630302531,0.7953944936,0.4817570969
0.10250,0.13667,0.8439838440,0.0462586421,0.3606706647,0.7977252019,0.4833131793
0.10300,0.13733,0.8431798903,0.0431322691,0.3583149970,0.8000476212,0.4848648933
0.10350,0.13800,0.8423754882,0.0400137036,0.3559632330,0.8023617846,0.4864122552
0.10400,0.13867,0.8415706374,0.0369029124,0.3536153561,0.8046677250,0.4879552813
0.10450,0.13933,0.8407653373,0.0337998623,0.3512713498,0.8069654751,0.4894939875
0.10500,0.14000,0.8399595875,0.0307045205,0.3489311977,0.8092550670,0.4910283898
0.10550,0.14067,0.8391533874,0.0276168548,0.3465948836,0.8115365326,0.4925585038
0.10600,0.14133,0.8383467365,0.0245368329,0.3442623914,0.8138099036,0.4940843451
0.10650,0.14200,0.8375396344,0.0214644231,0.3419337052,0.8160752113,0.4956059292
0.10700,0.14267,0.8367320805,0.0183995939,0.3396088094,0.8183324866,0.4971232711
0.10750,0.14333,0.8359240743,0.0153423140,0.3372876882,0.8205817603,0.4986363861
0.10800,0.14400,0.8351156153,0.0122925526,0.3349703262,0.8228230627,0.5001452890
0.10850,0.14467,0.8343067030,0.0092502791,0.3326567082,0.8250564239,0.5016499948
0.10900,0.14533,0.8334973369,0.0062154630,0.3303468189,0.8272818738,0.5031505179
0.10950,0.14600,0.8326875164,0.0031880745,0.3280406434,0.8294994419,0.5046468730
0.11000,0.14667,0.8318772412,0.0001680837,0.3257381668,0.8317091575,0.5061390744
0.11050,0.14733,0.8310665106,0.0000000000,0.3234393742,0.8310665106,0.5076271364
0.11100,0.14800,0.8302553242,0.0000000000,0.3211442512,0.8302553242,0.5091110730
0.11150,0.14867,0.8294436814,0.0000000000,0.3188527832,0.8294436814,0.5105908982
0.11200,0.14933,0.8286315817,0.0000000000,0.3165649558,0.8286315817,0.5120666258
0.11250,0.15000,0.8278190246,0.0000000000,0.3142807550,0.8278190246,0.5135382696
0.11300,0.15067,0.8270060096,0.0000000000,0.3120001666,0.8270060096,0.5150058431
0.11350,0.15133,0.8261925362,0.0000000000,0.3097231765,0.8261925362,0.5164693597
0.11400,0.15200,0.8253786039,0.0000000000,0.3074497711,0.8253786039,0.5179288328
0.11450,0.15267,0.8245642121,0.0000000000,0.3051799366,0.8245642121,0.5193842755
0.11500,0.15333,0.8237493603,0.0000000000,0.3029136594,0.8237493603,0.5208357009
0.11550,0.15400,0.8229340480,0.0000000000,0.3006509261,0.8229340480,0.5222831220
0.11600,0.15467,0.8221182747,0.0000000000,0.2983917232,0.8221182747,0.5237265515
0.11650,0.15533,0.8213020399,0.0000000000,0.2961360376,0.8213020399,0.5251660023
0.11700,0.15600,0.8204853430,0.0000000000,0.2938838562,0.8204853430,0.5266014868
0.11750,0.15667,0.8196681835,0.0000000000,0.2916351659,0.8196681835,0.5280330176
0.11800,0.15733,0.8188505609,0.0000000000,0.2893899539,0.8188505609,0.5294606070
0.11850,0.15800,0.8180324747,0.0000000000,0.2871482073,0.8180324747,0.5308842673
0.11900,0.15867,0.8172139243,0.0000000000,0.2849099136,0.8172139243,0.5323040106
0.11950,0.15933,0.8163949092,0.0000000000,0.2826750602,0.8163949092,0.5337198489
0.12000,0.16000,0.8155754289,0.0000000000,0.2804436346,0.8155754289,0.5351317942
0.12050,0.16067,0.8147554828,0.0000000000,0.2782156245,0.8147554828,0.5365398583
0.12100,0.16133,0.8139350705,0.0000000000,0.2759910176,0.8139350705,0.5379440528
0.12150,0.16200,0.8131141913,0.0000000000,0.2737698019,0.8131141913,0.5393443895
0.12200,0.16267,0.8122928449,0.0000000000,0.2715519652,0.8122928449,0.5407408797
0.12250,0.16333,0.8114710305,0.0000000000,0.2693374956,0.8114710305,0.5421335349
0.12300,0.16400,0.8106487478,0.0000000000,0.2671263814,0.8106487478,0.5435223664
0.12350,0.16467,0.8098259961,0.0000000000,0.2649186107,0.8098259961,0.5449073854
0.12400,0.16533,0.8090027749,0.0000000000,0.2627141719,0.8090027749,0.5462886030
0.12450,0.16600,0.8081790838,0.0000000000,0.2605130536,0.8081790838,0.5476660302
0.12500,0.16667,0.8073549221,0.0000000000,0.2583152442,0.8073549221,0.5490396778
0.12550,0.16733,0.8065302893,0.0000000000,0.2561207324,0.8065302893,0.5504095568
0.12600,0.16800,0.8057051848,0.0000000000,0.2539295070,0.8057051848,0.5517756779
0.12650,0.16867,0.8048796083,0.0000000000,0.2517415567,0.8048796083,0.5531380516
0.12700,0.16933,0.8040535590,0.0000000000,0.2495568705,0.8040535590,0.5544966885
0.12750,0.17000,0.8032270364,0.0000000000,0.2473754374,0.8032270364,0.5558515991
0.12800,0.17067,0.8024000401,0.0000000000,0.2451972465,0.8024000401,0.5572027937
0.12850,0.17133,0.8015725695,0.0000000000,0.2430222869,0.8015725695,0.5585502825
0.12900,0.17200,0.8007446239,0.0000000000,0.2408505481,0.8007446239,0.5598940759
0.12950,0.17267,0.7999162030,0.0000000000,0.2386820193,0.7999162030,0.5612341837
0.13000,0.17333,0.7990873061,0.0000000000,0.2365166899,0.7990873061,0.5625706162
0.13050,0.17400,0.7982579326,0.0000000000,0.2343545495,0.7982579326,0.5639033832
0.13100,0.17467,0.7974280822,0.0000000000,0.2321955877,0.7974280822,0.5652324944
0.13150,0.17533,0.7965977540,0.0000000000,0.2300397942,0.7965977540,0.5665579598
0.13200,0.17600,0.7957669478,0.0000000000,0.2278871588,0.7957669478,0.5678797890
0.13250,0.17667,0.7949356628,0.0000000000,0.2257376712,0.7949356628,0.5691979916
0.13300,0.17733,0.7941038986,0.0000000000,0.2235913215,0.7941038986,0.5705125770
0.13350,0.17800,0.7932716545,0.0000000000,0.2214480997,0.7932716545,0.5718235548
0.13400,0.17867,0.7924389301,0.0000000000,0.2193079957,0.7924389301,0.5731309343
0.13450,0.17933,0.7916057247,0.0000000000,0.2171709999,0.7916057247,0.5744347248
0.13500,0.18000,0.7907720379,0.0000000000,0.2150371023,0.7907720379,0.5757349355
0.13550,0.18067,0.7899378690,0.0000000000,0.2129062934,0.7899378690,0.5770315756
0.13600,0.18133,0.7891032175,0.0000000000,0.2107785635,0.7891032175,0.5783246540
0.13650,0.18200,0.7882680829,0.0000000000,0.2086539031,0.7882680829,0.5796141798
0.13700,0.18267,0.7874324645,0.0000000000,0.2065323026,0.7874324645,0.5809001619
0.13750,0.18333,0.7865963619,0.0000000000,0.2044137528,0.7865963619,0.5821826091
0.13800,0.18400,0.7857597744,0.0000000000,0.2022982442,0.7857597744,0.5834615302
0.13850,0.18467,0.7849227016,0.0000000000,0.2001857676,0.7849227016,0.5847369339
0.13900,0.18533,0.7840851427,0.0000000000,0.1980763138,0.7840851427,0.5860088289
0.13950,0.18600,0.7832470974,0.0000000000,0.1959698737,0.7832470974,0.5872772236
0.14000,0.18667,0.7824085649,0.0000000000,0.1938664383,0.7824085649,0.5885421267
0.14050,0.18733,0.7815695448,0.0000000000,0.1917659984,0.7815695448,0.5898035464
0.14100,0.18800,0.7807300365,0.0000000000,0.1896685453,0.7807300365,0.5910614912
0.14150,0.18867,0.7798900393,0.0000000000,0.1875740700,0.7798900393,0.5923159693
0.14200,0.18933,0.7790495528,0.0000000000,0.1854825638,0.7790495528,0.5935669891
0.14250,0.19000,0.7782085764,0.0000000000,0.1833940179,0.7782085764,0.5948145585
0.14300,0.19067,0.7773671095,0.0000000000,0.1813084236,0.7773671095,0.5960586858
0.14350,0.19133,0.7765251514,0.0000000000,0.1792257725,0.7765251514,0.5972993790
0.14400,0.19200,0.7756827017,0.0000000000,0.1771460558,0.7756827017,0.5985366459
0.14450,0.19267,0.7748397598,0.0000000000,0.1750692652,0.7748397598,0.5997704947
0.14500,0.19333,0.7739963251,0.0000000000,0.1729953921,0.7739963251,0.6010009330
0.14550,0.19400,0.7731523970,0.0000000000,0.1709244284,0.7731523970,0.6022279686
0.14600,0.19467,0.7723079750,0.0000000000,0.1688563655,0.7723079750,0.6034516094
0.14650,0.19533,0.7714630584,0.0000000000,0.1667911954,0.7714630584,0.6046718629
0.14700,0.19600,0.7706176467,0.0000000000,0.1647289098,0.7706176467,0.6058887368
0.14750,0.19667,0.7697717392,0.0000000000,0.1626695006,0.7697717392,0.6071022386
0.14800,0.19733,0.7689253356,0.0000000000,0.1606129598,0.7689253356,0.6083123758
0.14850,0.19800,0.7680784350,0.0000000000,0.1585592792,0.7680784350,0.6095191558
0.14900,0.19867,0.7672310370,0.0000000000,0.1565084510,0.7672310370,0.6107225860
0.14950,0.19933,0.7663831410,0.0000000000,0.1544604673,0.7663831410,0.6119226737
0.15000,0.20000,0.7655347464,0.0000000000,0.1524153202,0.7655347464,0.6131194262
0.15050,0.20067,0.7646858525,0.0000000000,0.1503730019,0.7646858525,0.6143128507
0.15100,0.20133,0.7638364589,0.0000000000,0.1483335046,0.7638364589,0.6155029542
0.15150,0.20200,0.7629865649,0.0000000000,0.1462968208,0.7629865649,0.6166897441
0.15200,0.20267,0.7621361699,0.0000000000,0.1442629427,0.7621361699,0.6178732272
0.15250,0.20333,0.7612852734,0.0000000000,0.1422318629,0.7612852734,0.6190534105
0.15300,0.20400,0.7604338747,0.0000000000,0.1402035736,0.7604338747,0.6202303011
0.15350,0.20467,0.7595819732,0.0000000000,0.1381780676,0.7595819732,0.6214039057
0.15400,0.20533,0.7587295685,0.0000000000,0.1361553372,0.7587295685,0.6225742312
0.15450,0.20600,0.7578766597,0.0000000000,0.1341353753,0.7578766597,0.6237412845
0.15500,0.20667,0.7570232465,0.0000000000,0.1321181744,0.7570232465,0.6249050721
0.15550,0.20733,0.7561693281,0.0000000000,0.1301037272,0.7561693281,0.6260656009
0.15600,0.20800,0.7553149040,0.0000000000,0.1280920266,0.7553149040,0.6272228774
0.15650,0.20867,0.7544599736,0.0000000000,0.1260830654,0.7544599736,0.6283769082
0.15700,0.20933,0.7536045363,0.0000000000,0.1240768364,0.7536045363,0.6295276999
0.15750,0.21000,0.7527485914,0.0000000000,0.1220733325,0.7527485914,0.6306752589
0.15800,0.21067,0.7518921384,0.0000000000,0.1200725467,0.7518921384,0.6318195917
0.15850,0.21133,0.7510351767,0.0000000000,0.1180744720,0.7510351767,0.6329607047
0.15900,0.21200,0.7501777056,0.0000000000,0.1160791014,0.7501777056,0.6340986042
0.15950,0.21267,0.7493197246,0.0000000000,0.1140864281,0.7493197246,0.6352332964
0.16000,0.21333,0.7484612330,0.0000000000,0.1120964452,0.7484612330,0.6363647878
0.16050,0.21400,0.7476022303,0.0000000000,0.1101091459,0.7476022303,0.6374930843
0.16100,0.21467,0.7467427158,0.0000000000,0.1081245235,0.7467427158,0.6386181923
0.16150,0.21533,0.7458826889,0.0000000000,0.1061425711,0.7458826889,0.6397401178
0.16200,0.21600,0.7450221490,0.0000000000,0.1041632821,0.7450221490,0.6408588669
0.16250,0.21667,0.7441610956,0.0000000000,0.1021866500,0.7441610956,0.6419744456
0.16300,0.21733,0.7432995279,0.0000000000,0.1002126680,0.7432995279,0.6430868599
0.16350,0.21800,0.7424374454,0.0000000000,0.0982413296,0.7424374454,0.6441961158
0.16400,0.21867,0.7415748474,0.0000000000,0.0962726284,0.7415748474,0.6453022190
0.16450,0.21933,0.7407117334,0.0000000000,0.0943065578,0.7407117334,0.6464051756
0.16500,0.22000,0.7398481027,0.0000000000,0.0923431115,0.7398481027,0.6475049912
0.16550,0.22067,0.7389839547,0.0000000000,0.0903822830,0.7389839547,0.6486016717
0.16600,0.22133,0.7381192888,0.0000000000,0.0884240661,0.7381192888,0.6496952227
0.16650,0.22200,0.7372541043,0.0000000000,0.0864684543,0.7372541043,0.6507856500
0.16700,0.22267,0.7363884007,0.0000000000,0.0845154415,0.7363884007,0.6518729592
0.16750,0.22333,0.7355221773,0.0000000000,0.0825650213,0.7355221773,0.6529571560
0.16800,0.22400,0.7346554335,0.0000000000,0.0806171877,0.7346554335,0.6540382457
0.16850,0.22467,0.7337881686,0.0000000000,0.0786719345,0.7337881686,0.6551162341
0.16900,0.22533,0.7329203821,0.0000000000,0.0767292555,0.7329203821,0.6561911266
0.16950,0.22600,0.7320520733,0.0000000000,0.0747891448,0.7320520733,0.6572629285
0.17000,0.22667,0.7311832416,0.0000000000,0.0728515961,0.7311832416,0.6583316454
0.17050,0.22733,0.7303138863,0.0000000000,0.0709166037,0.7303138863,0.6593972826
0.17100,0.22800,0.7294440068,0.0000000000,0.0689841614,0.7294440068,0.6604598454
0.17150,0.22867,0.7285736026,0.0000000000,0.0670542634,0.7285736026,0.6615193391
0.17200,0.22933,0.7277026728,0.0000000000,0.0651269038,0.7277026728,0.6625757690
0.17250,0.23000,0.7268312170,0.0000000000,0.0632020768,0.7268312170,0.6636291403
0.17300,0.23067,0.7259592345,0.0000000000,0.0612797764,0.7259592345,0.6646794581
0.17350,0.23133,0.7250867246,0.0000000000,0.0593599971,0.7250867246,0.6657267276
0.17400,0.23200,0.7242136868,0.0000000000,0.0574427329,0.7242136868,0.6667709539
0.17450,0.23267,0.7233401203,0.0000000000,0.0555279782,0.7233401203,0.6678121421
0.17500,0.23333,0.7224660245,0.0000000000,0.0536157273,0.7224660245,0.6688502972
0.17550,0.23400,0.7215913988,0.0000000000,0.0517059746,0.7215913988,0.6698854242
0.17600,0.23467,0.7207162425,0.0000000000,0.0497987145,0.7207162425,0.6709175280
0.17650,0.23533,0.7198405551,0.0000000000,0.0478939414,0.7198405551,0.6719466137
0.17700,0.23600,0.7189643358,0.0000000000,0.0459916497,0.7189643358,0.6729726861
0.17750,0.23667,0.7180875840,0.0000000000,0.0440918340,0.7180875840,0.6739957500
0.17800,0.23733,0.7172102990,0.0000000000,0.0421944887,0.7172102990,0.6750158103
0.17850,0.23800,0.7163324803,0.0000000000,0.0402996085,0.7163324803,0.6760328718
0.17900,0.23867,0.7154541271,0.0000000000,0.0384071879,0.7154541271,0.6770469392
0.17950,0.23933,0.7145752389,0.0000000000,0.0365172216,0.7145752389,0.6780580173
0.18000,0.24000,0.7136958148,0.0000000000,0.0346297041,0.7136958148,0.6790661107
0.18050,0.24067,0.7128158544,0.0000000000,0.0327446303,0.7128158544,0.6800712241
0.18100,0.24133,0.7119353570,0.0000000000,0.0308619948,0.7119353570,0.6810733622
0.18150,0.24200,0.7110543218,0.0000000000,0.0289817923,0.7110543218,0.6820725295
0.18200,0.24267,0.7101727483,0.0000000000,0.0271040177,0.7101727483,0.6830687306
0.18250,0.24333,0.7092906357,0.0000000000,0.0252286657,0.7092906357,0.6840619700
0.18300,0.24400,0.7084079835,0.0000000000,0.0233557312,0.7084079835,0.6850522523
0.18350,0.24467,0.7075247909,0.0000000000,0.0214852090,0.7075247909,0.6860395819
0.18400,0.24533,0.7066410573,0.0000000000,0.0196170942,0.7066410573,0.6870239631
0.18450,0.24600,0.7057567820,0.0000000000,0.0177513815,0.7057567820,0.6880054006
0.18500,0.24667,0.7048719645,0.0000000000,0.0158880659,0.7048719645,0.6889838985
0.18550,0.24733,0.7039866039,0.0000000000,0.0140271425,0.7039866039,0.6899594613
0.18600,0.24800,0.7031006996,0.0000000000,0.0121686063,0.7031006996,0.6909320933
0.18650,0.24867,0.7022142510,0.0000000000,0.0103124522,0.7022142510,0.6919017988
0.18700,0.24933,0.7013272574,0.0000000000,0.0084586754,0.7013272574,0.6928685820
0.18750,0.25000,0.7004397181,0.0000000000,0.0066072710,0.7004397181,0.6938324472
0.18800,0.25067,0.6995516325,0.0000000000,0.0047582341,0.6995516325,0.6947933985
0.18850,0.25133,0.6986629999,0.0000000000,0.0029115598,0.6986629999,0.6957514401
0.18900,0.25200,0.6977738196,0.0000000000,0.0010672434,0.6977738196,0.6967065762
0.18950,0.25267,0.6968840909,0.0000000000,0.0000000000,0.6968840909,0.6968840909
0.19000,0.25333,0.6959938131,0.0000000000,0.0000000000,0.6959938131,0.6959938131
0.19050,0.25400,0.6951029856,0.0000000000,0.0000000000,0.6951029856,0.6951029856
0.19100,0.25467,0.6942116078,0.0000000000,0.0000000000,0.6942116078,0.6942116078
0.19150,0.25533,0.6933196788,0.0000000000,0.0000000000,0.6933196788,0.6933196788
0.19200,0.25600,0.6924271981,0.0000000000,0.0000000000,0.6924271981,0.6924271981
0.19250,0.25667,0.6915341649,0.0000000000,0.0000000000,0.6915341649,0.6915341649
0.19300,0.25733,0.6906405786,0.0000000000,0.0000000000,0.6906405786,0.6906405786
0.19350,0.25800,0.6897464385,0.0000000000,0.0000000000,0.6897464385,0.6897464385
0.19400,0.25867,0.6888517439,0.0000000000,0.0000000000,0.6888517439,0.6888517439
0.19450,0.25933,0.6879564940,0.0000000000,0.0000000000,0.6879564940,0.6879564940
0.19500,0.26000,0.6870606883,0.0000000000,0.0000000000,0.6870606883,0.6870606883
0.19550,0.26067,0.6861643261,0.0000000000,0.0000000000,0.6861643261,0.6861643261
0.19600,0.26133,0.6852674065,0.0000000000,0.0000000000,0.6852674065,0.6852674065
0.19650,0.26200,0.6843699290,0.0000000000,0.0000000000,0.6843699290,0.6843699290
0.19700,0.26267,0.6834718929,0.0000000000,0.0000000000,0.6834718929,0.6834718929
0.19750,0.26333,0.6825732973,0.0000000000,0.0000000000,0.6825732973,0.6825732973
0.19800,0.26400,0.6816741418,0.0000000000,0.0000000000,0.6816741418,0.6816741418
0.19850,0.26467,0.6807744255,0.0000000000,0.0000000000,0.6807744255,0.6807744255
0.19900,0.26533,0.6798741477,0.0000000000,0.0000000000,0.6798741477,0.6798741477
0.19950,0.26600,0.6789733079,0.0000000000,0.0000000000,0.6789733079,0.6789733079
0.20000,0.26667,0.6780719051,0.0000000000,0.0000000000,0.6780719051,0.6780719051
