loss_dB_total,e_d,rate
0.0,0.001,0.003020183611816523
0.0,0.001211527658628589,0.0029970903129836655
0.0,0.0014677992676220691,0.0029698584147446324
0.0,0.0017782794100389228,0.002937780979653329
0.0,0.0021544346900318843,0.002900037512705484
0.0,0.0026101572156825357,0.002855677573022433
0.0,0.0031622776601683794,0.0028036025634060133
0.0,0.003831186849557285,0.00274254567207576
0.0,0.004641588833612777,0.0026710500172635807
0.0,0.005623413251903491,0.0025874451579656183
0.0,0.006812920690579608,0.0024898222962883116
0.0,0.008254041852680182,0.0023760087263806286
0.0,0.01,0.0022435424061939113
0.0,0.012115276586285882,0.0020896479743266086
0.0,0.01467799267622069,0.0019219353263522725
0.0,0.01778279410038923,0.0017437114779670193
0.0,0.021544346900318832,0.0015565392390386992
0.0,0.026101572156825358,0.0013572225110616953
0.0,0.03162277660168379,0.0011553269371746217
0.0,0.03831186849557287,0.0009541367466188327
0.0,0.046415888336127774,0.0007551583484303628
0.0,0.05623413251903491,0.0005674969822802206
0.0,0.06812920690579612,0.0003964641590213841
0.0,0.08254041852680181,0.00024876489730259654
0.0,0.1,0.00013143128627519446
1.2244897959183674,0.001,0.0022933399748411008
1.2244897959183674,0.001211527658628589,0.0022755085452325504
1.2244897959183674,0.0014677992676220691,0.0022544768884170206
1.2244897959183674,0.0017782794100389228,0.0022296982333092777
1.2244897959183674,0.0021544346900318843,0.0022005379963014504
1.2244897959183674,0.0026101572156825357,0.002166261106541486
1.2244897959183674,0.0031622776601683794,0.0021260179219956786
1.2244897959183674,0.003831186849557285,0.0020788287164787604
1.2244897959183674,0.004641588833612777,0.0020235667768719193
1.2244897959183674,0.005623413251903491,0.0019589402368324392
1.2244897959183674,0.006812920690579608,0.0018834728986762176
1.2244897959183674,0.008254041852680182,0.001795484472632561
1.2244897959183674,0.01,0.001693070911102769
1.2244897959183674,0.012115276586285882,0.0015740858604755986
1.2244897959183674,0.01467799267622069,0.0014465980555563402
1.2244897959183674,0.01778279410038923,0.001309169433624499
1.2244897959183674,0.021544346900318832,0.0011675867492911118
1.2244897959183674,0.026101572156825358,0.001017039863499727
1.2244897959183674,0.03162277660168379,0.000862824721314884
1.2244897959183674,0.03831186849557287,0.0007106196778939305
1.2244897959183674,0.046415888336127774,0.0005616343128192272
1.2244897959183674,0.05623413251903491,0.00042201952788859095
1.2244897959183674,0.06812920690579612,0.00029341009512623395
1.2244897959183674,0.08254041852680181,0.00018374220106360845
1.2244897959183674,0.1,9.711438944814575e-05
2.4489795918367347,0.001,0.0017397078788584852
2.4489795918367347,0.001211527658628589,0.0017259863174609712
2.4489795918367347,0.0014677992676220691,0.0017097981178564607
2.4489795918367347,0.0017782794100389228,0.0016907217244608041
2.4489795918367347,0.0021544346900318843,0.0016682678953724394
2.4489795918367347,0.0026101572156825357,0.0016418699310042852
2.4489795918367347,0.0031622776601683794,0.0016108728162653717
2.4489795918367347,0.003831186849557285,0.0015745212610744493
2.4489795918367347,0.004641588833612777,0.001531946669478645
2.4489795918367347,0.005623413251903491,0.00148215313476513
2.4489795918367347,0.006812920690579608,0.0014240026545927892
2.4489795918367347,0.008254041852680182,0.0013561998970070528
2.4489795918367347,0.01,0.0012772770397060204
2.4489795918367347,0.012115276586285882,0.0011855794708146112
2.4489795918367347,0.01467799267622069,0.0010888187219422977
2.4489795918367347,0.01778279410038923,0.0009831516490316585
2.4489795918367347,0.021544346900318832,0.0008761456913274236
2.4489795918367347,0.026101572156825358,0.0007625005514878387
2.4489795918367347,0.03162277660168379,0.0006461975909783525
2.4489795918367347,0.03831186849557287,0.0005307893961608533
2.4489795918367347,0.046415888336127774,0.00041931137195964235
2.4489795918367347,0.05623413251903491,0.0003142442492976194
2.4489795918367347,0.06812920690579612,0.00021751849205416487
2.4489795918367347,0.08254041852680181,0.0001359746300204926
2.4489795918367347,0.1,7.189249190629092e-05
3.673469387755102,0.001,0.0013185626632238104
3.673469387755102,0.001211527658628589,0.0013080357946814922
3.673469387755102,0.0014677992676220691,0.0012956131091043388
3.673469387755102,0.0017782794100389228,0.0012809704869512339
3.673469387755102,0.0021544346900318843,0.001263731782526281
3.673469387755102,0.0026101572156825357,0.001243461311974072
3.673469387755102,0.0031622776601683794,0.0012196555059395542
3.673469387755102,0.003831186849557285,0.001191733715260005
3.673469387755102,0.004641588833612777,0.0011590281930071228
3.673469387755102,0.005623413251903491,0.00112077332777381
3.673469387755102,0.006812920690579608,0.001076094277376006
3.673469387755102,0.008254041852680182,0.0010239952573196087
3.673469387755102,0.01,0.0009633478855901026
3.673469387755102,0.012115276586285882,0.0008928801897128522
3.673469387755102,0.01467799267622069,0.0008195364766486824
3.673469387755102,0.01778279410038923,0.0007384953583915619
3.673469387755102,0.021544346900318832,0.0006576784675426515
3.673469387755102,0.026101572156825358,0.0005719295726444359
3.673469387755102,0.03162277660168379,0.0004842434910256518
3.673469387755102,0.03831186849557287,0.0003972892601390917
3.673469387755102,0.046415888336127774,0.0003133449652520025
3.673469387755102,0.05623413251903491,0.0002342705167844012
3.673469387755102,0.06812920690579612,0.00016173418272220197
3.673469387755102,0.08254041852680181,0.00010080013633669346
3.673469387755102,0.1,5.33105466047464e-05
4.8979591836734695,0.001,0.000998571758557719
4.8979591836734695,0.001211527658628589,0.0009905177394354129
4.8979591836734695,0.0014677992676220691,0.0009810102661289006
4.8979591836734695,0.0017782794100389228,0.0009698007317981269
4.8979591836734695,0.0021544346900318843,0.0009566006389341184
4.8979591836734695,0.0026101572156825357,0.0009410758384840653
4.8979591836734695,0.0031622776601683794,0.0009228401282107127
4.8979591836734695,0.003831186849557285,0.0009014482014370294
4.8979591836734695,0.004641588833612777,0.0008763879641104227
4.8979591836734695,0.005623413251903491,0.0008470722776556345
4.8979591836734695,0.006812920690579608,0.0008128302420299659
4.8979591836734695,0.008254041852680182,0.0007728982140405185
4.8979591836734695,0.01,0.0007264108688609179
4.8979591836734695,0.012115276586285882,0.0006723927694154636
4.8979591836734695,0.01467799267622069,0.0006168608531343797
4.8979591836734695,0.01778279410038923,0.0005550905151707765
4.8979591836734695,0.021544346900318832,0.0004938423044429019
4.8979591836734695,0.026101572156825358,0.00042916681538582725
4.8979591836734695,0.03162277660168379,0.00036307161136759047
4.8979591836734695,0.03831186849557287,0.0002975632344173983
4.8979591836734695,0.046415888336127774,0.00023435275264982794
4.8979591836734695,0.05623413251903491,0.00017483592654631475
4.8979591836734695,0.06812920690579612,0.00012069436720823698
4.8979591836734695,0.08254041852680181,7.492651243377088e-05
4.8979591836734695,0.1,3.959001255192561e-05
6.122448979591837,0.001,0.0007556897277228022
6.122448979591837,0.001211527658628589,0.0007495427196220083
6.122448979591837,0.0014677992676220691,0.0007422838563964534
6.122448979591837,0.0017782794100389228,0.000733722847591104
6.122448979591837,0.0021544346900318843,0.0007236388827669831
6.122448979591837,0.0026101572156825357,0.0007117762231006807
6.122448979591837,0.0031622776601683794,0.000697839302437668
6.122448979591837,0.003831186849557285,0.0006814873311023121
6.122448979591837,0.004641588833612777,0.0006623284162462448
6.122448979591837,0.005623413251903491,0.0006399132427533307
6.122448979591837,0.006812920690579608,0.0006137284022801136
6.122448979591837,0.008254041852680182,0.0005831895197105256
6.122448979591837,0.01,0.0005476344126701812
6.122448979591837,0.012115276586285882,0.0005063166396709867
6.122448979591837,0.01467799267622069,0.0004643114452846972
6.122448979591837,0.01778279410038923,0.0004176377259202432
6.122448979591837,0.021544346900318832,0.0003709232255468047
6.122448979591837,0.026101572156825358,0.00032215812257034066
6.122448979591837,0.03162277660168379,0.00027234727232042976
6.122448979591837,0.03831186849557287,0.00022300002135754307
6.122448979591837,0.046415888336127774,0.0001754024403173432
6.122448979591837,0.05623413251903491,0.0001306028273516319
6.122448979591837,0.06812920690579612,9.015347809407013e-05
6.122448979591837,0.08254041852680181,5.5902410623295655e-05
6.122448979591837,0.1,2.943839791167469e-05
7.346938775510204,0.001,0.0005715045910909314
7.346938775510204,0.001211527658628589,0.0005668234169511745
7.346938775510204,0.0014677992676220691,0.0005612933614588729
7.346938775510204,0.0017782794100389228,0.0005547690329059179
7.346938775510204,0.0021544346900318843,0.0005470817329259025
7.346938775510204,0.0026101572156825357,0.0005380360895025697
7.346938775510204,0.0031622776601683794,0.0005274063150514804
7.346938775510204,0.003831186849557285,0.0005149320845340208
7.346938775510204,0.004641588833612777,0.0005003140441913737
7.346938775510204,0.005623413251903491,0.000483208984565988
7.346938775510204,0.006812920690579608,0.00046322474473546073
7.346938775510204,0.008254041852680182,0.0004399149617975496
7.346938775510204,0.01,0.00041277384560121433
7.346938775510204,0.012115276586285882,0.00038123125030872166
7.346938775510204,0.01467799267622069,0.0003494849641656259
7.346938775510204,0.01778279410038923,0.00031423982146911567
7.346938775510204,0.021544346900318832,0.0002786646577778491
7.346938775510204,0.026101572156825358,0.0002419065519586586
7.346938775510204,0.03162277660168379,0.0002043745623059448
7.346938775510204,0.03831186849557287,0.0001672046028502075
7.346938775510204,0.046415888336127774,0.00013136389283948782
7.346938775510204,0.05623413251903491,9.764032968047253e-05
7.346938775510204,0.06812920690579612,6.739538939637025e-05
7.346938775510204,0.08254041852680181,4.174529824800012e-05
7.346938775510204,0.1,2.1913532031381534e-05
8.571428571428571,0.001,0.00043194558115104237
8.571428571428571,0.001211527658628589,0.00042838785862749833
8.571428571428571,0.0014677992676220691,0.0004241831554454786
8.571428571428571,0.0017782794100389228,0.000419220556848233
8.571428571428571,0.0021544346900318843,0.00041337137900186824
8.571428571428571,0.0026101572156825357,0.00040648660178585624
8.571428571428571,0.0031622776601683794,0.0003983940154083431
8.571428571428571,0.003831186849557285,0.00038889507707298373
8.571428571428571,0.004641588833612777,0.00037776148583313826
8.571428571428571,0.005623413251903491,0.00036473150135678213
8.571428571428571,0.006812920690579608,0.0003495060576731277
8.571428571428571,0.008254041852680182,0.00033174475888674286
8.571428571428571,0.01,0.00031106189412977007
8.571428571428571,0.012115276586285882,0.0002870226788567057
8.571428571428571,0.01467799267622069,0.0002630482408211772
8.571428571428571,0.01778279410038923,0.0002364480582622493
8.571428571428571,0.021544346900318832,0.00020939241533338214
8.571428571428571,0.026101572156825358,0.00018169233455153733
8.571428571428571,0.03162277660168379,0.00015341708384945904
8.571428571428571,0.03831186849557287,0.00012542190979641666
8.571428571428571,0.046415888336127774,9.84346187002562e-05
8.571428571428571,0.05623413251903491,7.304776484062526e-05
8.571428571428571,0.06812920690579612,5.041653853878876e-05
8.571428571428571,0.08254041852680181,3.119614578990148e-05
8.571428571428571,0.1,1.6326561119257374e-05
9.795918367346939,0.001,0.0003262780143109075
9.795918367346939,0.001211527658628589,0.00032357910743378555
9.795918367346939,0.0014677992676220691,0.0003203878667694821
9.795918367346939,0.0017782794100389228,0.00031661979136972065
9.795918367346939,0.0021544346900318843,0.0003121768522477048
9.795918367346939,0.0026101572156825357,0.00030694553798792817
9.795918367346939,0.0031622776601683794,0.0003007946821540629
9.795918367346939,0.003831186849557285,0.0002935730696848295
9.795918367346939,0.004641588833612777,0.000285106828533313
9.795918367346939,0.005623413251903491,0.00027519662618898485
9.795918367346939,0.006812920690579608,0.000263614710012167
9.795918367346939,0.008254041852680182,0.00025010185764758264
9.795918367346939,0.01,0.0002343643420639642
9.795918367346939,0.012115276586285882,0.00021607106893461526
9.795918367346939,0.01467799267622069,0.000197978743833976
9.795918367346939,0.01778279410038923,0.00017791350517036927
9.795918367346939,0.021544346900318832,0.00015736156854140125
9.795918367346939,0.026101572156825358,0.0001364928190079284
9.795918367346939,0.03162277660168379,0.0001151948702541526
9.795918367346939,0.03831186849557287,9.41118986234164e-05
9.795918367346939,0.046415888336127774,7.379181635697331e-05
9.795918367346939,0.05623413251903491,5.468051488058264e-05
9.795918367346939,0.06812920690579612,3.7735925817345765e-05
9.795918367346939,0.08254041852680181,2.3326319976914553e-05
9.795918367346939,0.1,1.2172402704109823e-05
11.020408163265307,0.001,0.0002463246461918196
11.020408163265307,0.001211527658628589,0.000244280734662897
11.020408163265307,0.0014677992676220691,0.00024186269813846858
11.020408163265307,0.0017782794100389228,0.00023900623229613867
11.020408163265307,0.0021544346900318843,0.00023563674607403776
11.020408163265307,0.0026101572156825357,0.00023166787591352828
11.020408163265307,0.0031622776601683794,0.00022699983376253934
11.020408163265307,0.003831186849557285,0.0002215175867540201
11.020408163265307,0.004641588833612777,0.00021508887337214037
11.020408163265307,0.005623413251903491,0.00020756207109343035
11.020408163265307,0.006812920690579608,0.00019876394515266435
11.020408163265307,0.008254041852680182,0.0001884973288640054
11.020408163265307,0.01,0.0001765388150316431
11.020408163265307,0.012115276586285882,0.00016270616167229896
11.020408163265307,0.01467799267622069,0.00014899244652468352
11.020408163265307,0.01778279410038923,0.00013386425024873957
11.020408163265307,0.021544346900318832,0.00011826907581109883
11.020408163265307,0.026101572156825358,0.00010255105658783861
11.020408163265307,0.03162277660168379,8.65115533971434e-05
11.020408163265307,0.03831186849557287,7.06359308335512e-05
11.020408163265307,0.046415888336127774,5.5336845548356524e-05
11.020408163265307,0.05623413251903491,4.094999427002488e-05
11.020408163265307,0.06812920690579612,2.825667743725928e-05
11.020408163265307,0.08254041852680181,1.7449378518602843e-05
11.020408163265307,0.1,9.07972213514858e-06
12.244897959183675,0.001,0.0001858645986753926
12.244897959183675,0.001211527658628589,0.00018431918936836792
12.244897959183675,0.0014677992676220691,0.00018248984794440323
12.244897959183675,0.0017782794100389228,0.00018032768689240822
12.244897959183675,0.0021544346900318843,0.00017777600465943623
12.244897959183675,0.0026101572156825357,0.00017476915764278006
12.244897959183675,0.0031622776601683794,0.00017123130560793993
12.244897959183675,0.003831186849557285,0.00016707502898467155
12.244897959183675,0.004641588833612777,0.0001621998217440757
12.244897959183675,0.005623413251903491,0.0001564904712903129
12.244897959183675,0.006812920690579608,0.0001498153479349297
12.244897959183675,0.008254041852680182,0.00014202464230124212
12.244897959183675,0.01,0.0001329486111079725
12.244897959183675,0.012115276586285882,0.00012251526733525727
12.244897959183675,0.01467799267622069,0.00011211316797377213
12.244897959183675,0.01778279410038923,0.00010071289115739784
12.244897959183675,0.021544346900318832,8.889008896831934e-05
12.244897959183675,0.026101572156825358,7.705478954458838e-05
12.244897959183675,0.03162277660168379,6.497782337257704e-05
12.244897959183675,0.03831186849557287,5.302501040627311e-05
12.244897959183675,0.046415888336127774,4.1507258751393054e-05
12.244897959183675,0.05623413251903491,3.0677417623790345e-05
12.244897959183675,0.06812920690579612,2.1164930075666673e-05
12.244897959183675,0.08254041852680181,1.3056871874454935e-05
12.244897959183675,0.1,6.774829699356579e-06
13.46938775510204,0.001,0.0001401707818684642
13.46938775510204,0.001211527658628589,0.00013900404869539963
13.46938775510204,0.0014677992676220691,0.0001376220902477651
13.46938775510204,0.0017782794100389228,0.0001359877703438103
13.46938775510204,0.0021544346900318843,0.00013405802208175824
13.46938775510204,0.0026101572156825357,0.00013178299251196036
13.46938775510204,0.0031622776601683794,0.00012910509098215065
13.46938775510204,0.003831186849557285,0.00012595793999971438
13.46938775510204,0.004641588833612777,0.00012226523145674937
13.46938775510204,0.005623413251903491,0.00011793949693762286
13.46938775510204,0.006812920690579608,0.0001128808092788378
13.46938775510204,0.008254041852680182,0.00010697544452236034
13.46938775510204,0.01,0.00010009455017152475
13.46938775510204,0.012115276586285882,9.223122562245249e-05
13.46938775510204,0.01467799267622069,8.434856504050532e-05
13.46938775510204,0.01778279410038923,7.576188193471109e-05
13.46938775510204,0.021544346900318832,6.680646596437567e-05
13.46938775510204,0.026101572156825358,5.78974314082543e-05
13.46938775510204,0.03162277660168379,4.880610186580536e-05
13.46938775510204,0.03831186849557287,3.9808275975239774e-05
13.46938775510204,0.046415888336127774,3.113828334679695e-05
13.46938775510204,0.05623413251903491,2.2986651028157524e-05
13.46938775510204,0.06812920690579612,1.5855790566464286e-05
13.46938775510204,0.08254041852680181,9.771484358932091e-06
13.46938775510204,0.1,5.055536181667975e-06
14.693877551020408,0.001,0.00010565484600837253
14.693877551020408,0.001211527658628589,0.00010477526194379571
14.693877551020408,0.0014677992676220691,0.00010373271734839911
14.693877551020408,0.0017782794100389228,0.00010249902254006492
14.693877551020408,0.0021544346900318843,0.00010104148952223618
14.693877551020408,0.0026101572156825357,9.932228420178202e-05
14.693877551020408,0.0031622776601683794,9.729770533239548e-05
14.693877551020408,0.003831186849557285,9.491738930595169e-05
14.693877551020408,0.004641588833612777,9.212344297110005e-05
14.693877551020408,0.005623413251903491,8.884951112487347e-05
14.693877551020408,0.006812920690579608,8.501979173508963e-05
14.693877551020408,0.008254041852680182,8.05480210280792e-05
14.693877551020408,0.01,7.533646328749616e-05
14.693877551020408,0.012115276586285882,6.94147216451246e-05
14.693877551020408,0.01467799267622069,6.344643027907738e-05
14.693877551020408,0.01778279410038923,5.6982332316376366e-05
14.693877551020408,0.021544346900318832,5.0204016267710936e-05
14.693877551020408,0.026101572156825358,4.3499955737288184e-05
14.693877551020408,0.03162277660168379,3.6657920946232453e-05
14.693877551020408,0.03831186849557287,2.9885898207088225e-05
14.693877551020408,0.046415888336127774,2.336055813023635e-05
14.693877551020408,0.05623413251903491,1.722552247944925e-05
14.693877551020408,0.06812920690579612,1.1878986268611255e-05
14.693877551020408,0.08254041852680181,7.312735295484175e-06
14.693877551020408,0.1,3.772156631511635e-06
15.918367346938776,0.001,7.959529635337873e-05
15.918367346938776,0.001211527658628589,7.893310235373409e-05
15.918367346938776,0.0014677992676220691,7.814765419004218e-05
15.918367346938776,0.0017782794100389228,7.721756641870498e-05
15.918367346938776,0.0021544346900318843,7.611804339766649e-05
15.918367346938776,0.0026101572156825357,7.482038926219541e-05
15.918367346938776,0.0031622776601683794,7.329146219369284e-05
15.918367346938776,0.003831186849557285,7.14930722961057e-05
15.918367346938776,0.004641588833612777,6.938132473671344e-05
15.918367346938776,0.005623413251903491,6.69059132096404e-05
15.918367346938776,0.006812920690579608,6.400937364790437e-05
15.918367346938776,0.008254041852680182,6.062631499012074e-05
15.918367346938776,0.01,5.668265343829666e-05
15.918367346938776,0.012115276586285882,5.222669475592062e-05
15.918367346938776,0.01467799267622069,4.7711412292639365e-05
15.918367346938776,0.01778279410038923,4.284792391993039e-05
15.918367346938776,0.021544346900318832,3.772098786857873e-05
15.918367346938776,0.026101572156825358,3.267805688435911e-05
15.918367346938776,0.03162277660168379,2.753034725528245e-05
15.918367346938776,0.03831186849557287,2.2434747272694054e-05
15.918367346938776,0.046415888336127774,1.7524497580810214e-05
15.918367346938776,0.05623413251903491,1.2912075805263069e-05
15.918367346938776,0.06812920690579612,8.898872918962284e-06
15.918367346938776,0.08254041852680181,5.471805441197935e-06
15.918367346938776,0.1,2.8165186786037713e-06
17.142857142857142,0.001,5.992970949167224e-05
17.142857142857142,0.001211527658628589,5.94318419516189e-05
17.142857142857142,0.0014677992676220691,5.884085044148289e-05
17.142857142857142,0.0017782794100389228,5.814052014076322e-05
17.142857142857142,0.0021544346900318843,5.7312051743894755e-05
17.142857142857142,0.0026101572156825357,5.633369118998452e-05
17.142857142857142,0.0031622776601683794,5.518031707794162e-05
17.142857142857142,0.003831186849557285,5.382298520978084e-05
17.142857142857142,0.004641588833612777,5.222843150574133e-05
17.142857142857142,0.005623413251903491,5.0358537131424335e-05
17.142857142857142,0.006812920690579608,4.816976337607498e-05
17.142857142857142,0.008254041852680182,4.5612569037474506e-05
17.142857142857142,0.01,4.263083036277902e-05
17.142857142857142,0.012115276586285882,3.928070534828069e-05
17.142857142857142,0.01467799267622069,3.586717720368647e-05
17.142857142857142,0.01778279410038923,3.221018119337595e-05
17.142857142857142,0.021544346900318832,2.8334771072101622e-05
17.142857142857142,0.026101572156825358,2.4542986296639328e-05
17.142857142857142,0.03162277660168379,2.0671364696904663e-05
17.142857142857142,0.03831186849557287,1.6838280511465032e-05
17.142857142857142,0.046415888336127774,1.3144250988127767e-05
17.142857142857142,0.05623413251903491,9.685080345468729e-06
17.142857142857142,0.06812920690579612,6.664938872910937e-06
17.142857142857142,0.08254041852680181,4.09301304230759e-06
17.142857142857142,0.1,2.1034664641204394e-06
18.367346938775512,0.001,4.5096214986830025e-05
18.367346938775512,0.001211527658628589,4.472238246195143e-05
18.367346938775512,0.0014677992676220691,4.427826457197377e-05
18.367346938775512,0.0017782794100389228,4.375157303847551e-05
18.367346938775512,0.0021544346900318843,4.3128061145337116e-05
18.367346938775512,0.0026101572156825357,4.239124424826016e-05
18.367346938775512,0.0031622776601683794,4.1522088186269336e-05
18.367346938775512,0.003831186849557285,4.0498665121165925e-05
18.367346938775512,0.004641588833612777,3.929577771975e-05
18.367346938775512,0.005623413251903491,3.78845545813004e-05
18.367346938775512,0.006812920690579608,3.623202262861327e-05
18.367346938775512,0.008254041852680182,3.430066613854831e-05
18.367346938775512,0.01,3.2047987612506614e-05
18.367346938775512,0.012115276586285882,2.9531584521465856e-05
18.367346938775512,0.01467799267622069,2.6952736364113967e-05
18.367346938775512,0.01778279410038923,2.4204773934727287e-05
18.367346938775512,0.021544346900318832,2.1290052888973486e-05
18.367346938775512,0.026101572156825358,1.8427460709130474e-05
18.367346938775512,0.03162277660168379,1.5516760826448323e-05
18.367346938775512,0.03831186849557287,1.2634359247133812e-05
18.367346938775512,0.046415888336127774,9.856109325221871e-06
18.367346938775512,0.05623413251903491,7.262288500194823e-06
18.367346938775512,0.06812920690579612,4.990003066528752e-06
18.367346938775512,0.08254041852680181,3.060149758705853e-06
18.367346938775512,0.1,1.5697138305504469e-06
19.591836734693878,0.001,3.391274493233529e-05
19.591836734693878,0.001211527658628589,3.363240464075918e-05
19.591836734693878,0.0014677992676220691,3.329907263957029e-05
19.591836734693878,0.0017782794100389228,3.290344080277562e-05
19.591836734693878,0.0021544346900318843,3.243471690998352e-05
19.591836734693878,0.0026101572156825357,3.188041387053409e-05
19.591836734693878,0.0031622776601683794,3.1226114649842844e-05
19.591836734693878,0.003831186849557285,3.0455212478046207e-05
19.591836734693878,0.004641588833612777,2.9548626993584055e-05
19.591836734693878,0.005623413251903491,2.8484498500148916e-05
19.591836734693878,0.006812920690579608,2.7237864663878397e-05
19.591836734693878,0.008254041852680182,2.5780326984255916e-05
19.591836734693878,0.01,2.40797185584554e-05
19.591836734693878,0.012115276586285882,2.2191463115042807e-05
19.591836734693878,0.01467799267622069,2.0244461067165524e-05
19.591836734693878,0.01778279410038923,1.8181109824654302e-05
19.591836734693878,0.021544346900318832,1.5991182603392063e-05
19.591836734693878,0.026101572156825358,1.3830254695883629e-05
19.591836734693878,0.03162277660168379,1.1643001339303234e-05
19.591836734693878,0.03831186849557287,9.476358748938827e-06
19.591836734693878,0.046415888336127774,7.387585529550397e-06
19.591836734693878,0.05623413251903491,5.443199927500906e-06
19.591836734693878,0.06812920690579612,3.7340667577764107e-06
19.591836734693878,0.08254041852680181,2.286378519314253e-06
19.591836734693878,0.1,1.1702120212195057e-06
20.816326530612244,0.001,2.548517430799713e-05
20.816326530612244,0.001211527658628589,2.5275209282993778e-05
20.816326530612244,0.0014677992676220691,2.5025334319398962e-05
20.816326530612244,0.0017782794100389228,2.4728502148103044e-05
20.816326530612244,0.0021544346900318843,2.4376540640049658e-05
20.816326530612244,0.0026101572156825357,2.395999396077244e-05
20.816326530612244,0.0031622776601683794,2.3467945386018165e-05
20.816326530612244,0.003831186849557285,2.288782139663315e-05
20.816326530612244,0.004641588833612777,2.2205177497668783e-05
20.816326530612244,0.005623413251903491,2.140346738002974e-05
20.816326530612244,0.006812920690579608,2.0463798686278203e-05
20.816326530612244,0.008254041852680182,1.936468093046936e-05
20.816326530612244,0.01,1.8081774297171158e-05
20.816326530612244,0.012115276586285882,1.6666454738907787e-05
20.816326530612244,0.01467799267622069,1.5197410153578136e-05
20.816326530612244,0.01778279410038923,1.3649411576893878e-05
20.816326530612244,0.021544346900318832,1.2005178370771728e-05
20.816326530612244,0.026101572156825358,1.0374731173084446e-05
20.816326530612244,0.03162277660168379,8.73200670572757e-06
20.816326530612244,0.03831186849557287,7.104149354298501e-06
20.816326530612244,0.046415888336127774,5.53439480790457e-06
20.816326530612244,0.05623413251903491,4.077444125647941e-06
20.816326530612244,0.06812920690579612,2.7923301431403806e-06
20.816326530612244,0.08254041852680181,1.7067491041176397e-06
20.816326530612244,0.1,8.712679115037015e-07
22.040816326530614,0.001,1.913751995749003e-05
22.040816326530614,0.001211527658628589,1.8980459298436453e-05
22.040816326530614,0.0014677992676220691,1.8793374504191392e-05
22.040816326530614,0.0017782794100389228,1.8570932842405545e-05
22.040816326530614,0.0021544346900318843,1.8306948717447976e-05
22.040816326530614,0.0026101572156825357,1.799426400526808e-05
22.040816326530614,0.0031622776601683794,1.762461460109819e-05
22.040816326530614,0.003831186849557285,1.7188482830240306e-05
22.040816326530614,0.004641588833612777,1.667493600539236e-05
22.040816326530614,0.005623413251903491,1.6071452315998623e-05
22.040816326530614,0.006812920690579608,1.536373649449904e-05
22.040816326530614,0.008254041852680182,1.4535529449619169e-05
22.040816326530614,0.01,1.3568418468780686e-05
22.040816326530614,0.012115276586285882,1.25089159236522e-05
22.040816326530614,0.01467799267622069,1.1401179823593004e-05
22.040816326530614,0.01778279410038923,1.0240924614659268e-05
22.040816326530614,0.021544346900318832,9.007375231035846e-06
22.040816326530614,0.026101572156825358,7.777779402855629e-06
22.040816326530614,0.03162277660168379,6.544800028515217e-06
22.040816326530614,0.03831186849557287,5.3224185927948224e-06
22.040816326530614,0.046415888336127774,4.1432928191987945e-06
22.040816326530614,0.05623413251903491,3.0521843143796273e-06
22.040816326530614,0.06812920690579612,2.0862841477097035e-06
22.040816326530614,0.08254041852680181,1.272642468788767e-06
22.040816326530614,0.1,6.476625647188878e-07
23.26530612244898,0.001,1.4358954243889835e-05
23.26530612244898,0.001211527658628589,1.42416127048175e-05
23.26530612244898,0.0014677992676220691,1.4101710104324747e-05
23.26530612244898,0.0017782794100389228,1.3935213514761093e-05
23.26530612244898,0.0021544346900318843,1.3737443093144364e-05
23.26530612244898,0.0026101572156825357,1.3502981926799433e-05
23.26530612244898,0.0031622776601683794,1.3225575564225378e-05
23.26530612244898,0.003831186849557285,1.2898020914313122e-05
23.26530612244898,0.004641588833612777,1.2512044676029069e-05
23.26530612244898,0.005623413251903491,1.205817215147656e-05
23.26530612244898,0.006812920690579608,1.152558826094256e-05
23.26530612244898,0.008254041852680182,1.0901993912263231e-05
23.26530612244898,0.01,1.017346271225927e-05
23.26530612244898,0.012115276586285882,9.381452674946766e-06
23.26530612244898,0.01467799267622069,8.54667515413303e-06
23.26530612244898,0.01778279410038923,7.677988830401024e-06
23.26530612244898,0.021544346900318832,6.753376418453211e-06
23.26530612244898,0.026101572156825358,5.8265317012103045e-06
23.26530612244898,0.03162277660168379,4.90177473640053e-06
23.26530612244898,0.03831186849557287,3.9844603750772245e-06
23.26530612244898,0.046415888336127774,3.099264908939017e-06
23.26530612244898,0.05623413251903491,2.282709042246521e-06
23.26530612244898,0.06812920690579612,1.557077718869419e-06
23.26530612244898,0.08254041852680181,9.476395668115137e-07
23.26530612244898,0.1,4.805081208104573e-07
24.48979591836735,0.001,1.0763617950476873e-05
24.48979591836735,0.001211527658628589,1.0676058233081577e-05
24.48979591836735,0.0014677992676220691,1.0571565678624796e-05
24.48979591836735,0.0017782794100389228,1.0447092435489191e-05
24.48979591836735,0.0021544346900318843,1.0299099717079535e-05
24.48979591836735,0.0026101572156825357,1.0123489840119514e-05
24.48979591836735,0.0031622776601683794,9.91553058922372e-06
24.48979591836735,0.003831186849557285,9.669771628221273e-06
24.48979591836735,0.004641588833612777,9.379953034200058e-06
24.48979591836735,0.005623413251903491,9.038906554815775e-06
24.48979591836735,0.006812920690579608,8.638450928411345e-06
24.48979591836735,0.008254041852680182,8.169283626789505e-06
24.48979591836735,0.01,7.620872779744602e-06
24.48979591836735,0.012115276586285882,7.029783907935982e-06
24.48979591836735,0.01467799267622069,6.401097100467563e-06
24.48979591836735,0.01778279410038923,5.7515231354376014e-06
24.48979591836735,0.021544346900318832,5.059190672332557e-06
24.48979591836735,0.026101572156825358,4.360899312820517e-06
24.48979591836735,0.03162277660168379,3.667907502067664e-06
24.48979591836735,0.03831186849557287,2.980041031655572e-06
24.48979591836735,0.046415888336127774,2.315952322619198e-06
24.48979591836735,0.05623413251903491,1.7053970854210814e-06
24.48979591836735,0.06812920690579612,1.1605722831195192e-06
24.48979591836735,0.08254041852680181,7.044445796910777e-07
24.48979591836735,0.1,3.5565135005301787e-07
25.714285714285715,0.001,8.060163946226463e-06
25.714285714285715,0.001211527658628589,7.994906625393822e-06
25.714285714285715,0.0014677992676220691,7.916956362093653e-06
25.714285714285715,0.0017782794100389228,7.8240115956012e-06
25.714285714285715,0.0021544346900318843,7.713398026942882e-06
25.714285714285715,0.0026101572156825357,7.582017325266671e-06
25.714285714285715,0.0031622776601683794,7.426290159116315e-06
25.714285714285715,0.003831186849557285,7.242093315709626e-06
25.714285714285715,0.004641588833612777,7.0246909284032275e-06
25.714285714285715,0.005623413251903491,6.768660225382634e-06
25.714285714285715,0.006812920690579608,6.467812774950293e-06
25.714285714285715,0.008254041852680182,6.115112982688429e-06
25.714285714285715,0.01,5.70259666392041e-06
25.714285714285715,0.012115276586285882,5.262282649392846e-06
25.714285714285715,0.01467799267622069,4.789110605484293e-06
25.714285714285715,0.01778279410038923,4.30408255403487e-06
25.714285714285715,0.021544346900318832,3.7862936029832883e-06
25.714285714285715,0.026101572156825358,3.2604652289935443e-06
25.714285714285715,0.03162277660168379,2.7416691501136846e-06
25.714285714285715,0.03831186849557287,2.2263092020454644e-06
25.714285714285715,0.046415888336127774,1.7284901219048884e-06
25.714285714285715,0.05623413251903491,1.272451810023415e-06
25.714285714285715,0.06812920690579612,8.636494524045949e-07
25.714285714285715,0.08254041852680181,5.22590200138464e-07
25.714285714285715,0.1,2.624827807850829e-07
26.93877551020408,0.001,6.028690884678294e-06
26.93877551020408,0.001211527658628589,5.9801138918971055e-06
26.93877551020408,0.0014677992676220691,5.922034370829917e-06
26.93877551020408,0.0017782794100389228,5.852715910411794e-06
26.93877551020408,0.0021544346900318843,5.770138991185119e-06
26.93877551020408,0.0026101572156825357,5.671962201134054e-06
26.93877551020408,0.0031622776601683794,5.5554792780300095e-06
26.93877551020408,0.003831186849557285,5.417571787813194e-06
26.93877551020408,0.004641588833612777,5.2546574285588656e-06
26.93877551020408,0.005623413251903491,5.062634238095204e-06
26.93877551020408,0.006812920690579608,4.836821406931285e-06
26.93877551020408,0.008254041852680182,4.5718979921454285e-06
26.93877551020408,0.01,4.261841643278762e-06
26.93877551020408,0.012115276586285882,3.934551876604629e-06
26.93877551020408,0.01467799267622069,3.5786641822632392e-06
26.93877551020408,0.01778279410038923,3.21710581208942e-06
26.93877551020408,0.021544346900318832,2.8303890985327233e-06
26.93877551020408,0.026101572156825358,2.434641700751595e-06
26.93877551020408,0.03162277660168379,2.0467034643086686e-06
26.93877551020408,0.03831186849557287,1.6609808484316936e-06
26.93877551020408,0.046415888336127774,1.2881443507901553e-06
26.93877551020408,0.05623413251903491,9.479565110900567e-07
26.93877551020408,0.06812920690579612,6.41451229156135e-07
26.93877551020408,0.08254041852680181,3.867240344497446e-07
26.93877551020408,0.1,1.9304727721060507e-07
28.16326530612245,0.001,4.503284064247413e-06
28.16326530612245,0.001211527658628589,4.467166963562097e-06
28.16326530612245,0.0014677992676220691,4.423945194551536e-06
28.16326530612245,0.0017782794100389228,4.372310097180787e-06
28.16326530612245,0.0021544346900318843,4.310737928690973e-06
28.16326530612245,0.0026101572156825357,4.237460468023552e-06
28.16326530612245,0.0031622776601683794,4.150432564635183e-06
28.16326530612245,0.003831186849557285,4.047296488580477e-06
28.16326530612245,0.004641588833612777,3.925343060255836e-06
28.16326530612245,0.005623413251903491,3.781469744931624e-06
28.16326530612245,0.006812920690579608,3.6121362115545667e-06
28.16326530612245,0.008254041852680182,3.413318304412057e-06
28.16326530612245,0.01,3.180461997360013e-06
28.16326530612245,0.012115276586285882,2.9377961179583994e-06
28.16326530612245,0.01467799267622069,2.6703105859188696e-06
28.16326530612245,0.01778279410038923,2.4013150814342282e-06
28.16326530612245,0.021544346900318832,2.112952133607231e-06
28.16326530612245,0.026101572156825358,1.8158102026772458e-06
28.16326530612245,0.03162277660168379,1.5255794909195726e-06
28.16326530612245,0.03831186849557287,1.2372265288147005e-06
28.16326530612245,0.046415888336127774,9.582931701139342e-07
28.16326530612245,0.05623413251903491,7.04917067526748e-07
28.16326530612245,0.06812920690579612,4.753151077285614e-07
28.16326530612245,0.08254041852680181,2.8532753788768533e-07
28.16326530612245,0.1,1.4137904514434907e-07
29.387755102040817,0.001,3.358807268704719e-06
29.387755102040817,0.001211527658628589,3.331985923020621e-06
29.387755102040817,0.0014677992676220691,3.299859863069396e-06
29.387755102040817,0.0017782794100389228,3.2614439731542646e-06
29.387755102040817,0.0021544346900318843,3.2155897309245902e-06
29.387755102040817,0.0026101572156825357,3.1609628649930875e-06
29.387755102040817,0.0031622776601683794,3.0960187803954975e-06
29.387755102040817,0.003831186849557285,3.0189756537003873e-06
29.387755102040817,0.004641588833612777,2.927785178605356e-06
29.387755102040817,0.005623413251903491,2.820101086880674e-06
29.387755102040817,0.006812920690579608,2.6932457983362977e-06
29.387755102040817,0.008254041852680182,2.5441758892037557e-06
29.387755102040817,0.01,2.3694475390185237e-06
29.387755102040817,0.012115276586285882,2.190054782496624e-06
29.387755102040817,0.01467799267622069,1.9891632054664905e-06
29.387755102040817,0.01778279410038923,1.7894874799124666e-06
29.387755102040817,0.021544346900318832,1.5748631767533365e-06
29.387755102040817,0.026101572156825358,1.3533058927775864e-06
29.387755102040817,0.03162277660168379,1.135098334449196e-06
29.387755102040817,0.03831186849557287,9.198334688781253e-07
29.387755102040817,0.046415888336127774,7.12435568465463e-07
29.387755102040817,0.05623413251903491,5.230433033171503e-07
29.387755102040817,0.06812920690579612,3.512277209082843e-07
29.387755102040817,0.08254041852680181,2.0975737210285335e-07
29.387755102040817,0.1,1.0300396973399503e-07
30.612244897959183,0.001,2.500915152945986e-06
30.612244897959183,0.001211527658628589,2.4810204101303323e-06
30.612244897959183,0.0014677992676220691,2.4571703421713113e-06
30.612244897959183,0.0017782794100389228,2.4286243596290366e-06
30.612244897959183,0.0021544346900318843,2.394517756396098e-06
30.612244897959183,0.0026101572156825357,2.353844676832536e-06
30.612244897959183,0.0031622776601683794,2.3054394506514392e-06
30.612244897959183,0.003831186849557285,2.2479562368779128e-06
30.612244897959183,0.004641588833612777,2.179846968142767e-06
30.612244897959183,0.005623413251903491,2.0993376841127383e-06
30.612244897959183,0.006812920690579608,2.0044035057039303e-06
30.612244897959183,0.008254041852680182,1.8927427488491045e-06
30.612244897959183,0.01,1.7617510302225743e-06
30.612244897959183,0.012115276586285882,1.6295930323966164e-06
30.612244897959183,0.01467799267622069,1.479140857039256e-06
30.612244897959183,0.01778279410038923,1.331011582454575e-06
30.612244897959183,0.021544346900318832,1.1716159799802928e-06
30.612244897959183,0.026101572156825358,1.006721194488403e-06
30.612244897959183,0.03162277660168379,8.427661502011826e-07
30.612244897959183,0.03831186849557287,6.823230910826387e-07
30.612244897959183,0.046415888336127774,5.285872414501385e-07
30.612244897959183,0.05623413251903491,3.870835615930017e-07
30.612244897959183,0.06812920690579612,2.588908380801436e-07
30.612244897959183,0.08254041852680181,1.536775302553274e-07
30.612244897959183,0.1,7.456687835729672e-08
31.836734693877553,0.001,1.8585040166457138e-06
31.836734693877553,0.001211527658628589,1.8437642454422713e-06
31.836734693877553,0.0014677992676220691,1.8260794038666304e-06
31.836734693877553,0.0017782794100389228,1.8048935293200702e-06
31.836734693877553,0.0021544346900318843,1.7795564364458403e-06
31.836734693877553,0.0026101572156825357,1.7493106934355097e-06
31.836734693877553,0.0031622776601683794,1.713277398708885e-06
31.836734693877553,0.003831186849557285,1.6704407313262531e-06
31.836734693877553,0.004641588833612777,1.619631279957481e-06
31.836734693877553,0.005623413251903491,1.5595082198423477e-06
31.836734693877553,0.006812920690579608,1.4885405204316266e-06
31.836734693877553,0.008254041852680182,1.4049875449949956e-06
31.836734693877553,0.01,1.3068796659428497e-06
31.836734693877553,0.012115276586285882,1.2099193003587485e-06
31.836734693877553,0.01467799267622069,1.0988815535183842e-06
31.836734693877553,0.01778279410038923,9.877876523196514e-07
31.836734693877553,0.021544346900318832,8.697092695131448e-07
31.836734693877553,0.026101572156825358,7.472497989904935e-07
31.836734693877553,0.03162277660168379,6.244749389045268e-07
31.836734693877553,0.03831186849557287,5.048361426663387e-07
31.836734693877553,0.046415888336127774,3.9114238689576187e-07
31.836734693877553,0.05623413251903491,2.8557391880144194e-07
31.836734693877553,0.06812920690579612,1.9044956198936064e-07
31.836734693877553,0.08254041852680181,1.1229914011077023e-07
31.836734693877553,0.1,5.355217704044922e-08
33.06122448979592,0.001,1.378007773819719e-06
33.06122448979592,0.001211527658628589,1.3670998512286377e-06
33.06122448979592,0.0014677992676220691,1.3540021688017416e-06
33.06122448979592,0.0017782794100389228,1.3382980056975342e-06
33.06122448979592,0.0021544346900318843,1.3194991735665584e-06
33.06122448979592,0.0026101572156825357,1.2970360319849686e-06
33.06122448979592,0.0031622776601683794,1.2702466138728422e-06
33.06122448979592,0.003831186849557285,1.2383648579270756e-06
33.06122448979592,0.004641588833612777,1.2005079659135187e-06
33.06122448979592,0.005623413251903491,1.1556629452243426e-06
33.06122448979592,0.006812920690579608,1.102672474389912e-06
33.06122448979592,0.008254041852680182,1.0402203558280078e-06
33.06122448979592,0.01,9.684487338372164e-07
33.06122448979592,0.012115276586285882,8.960291958637426e-07
33.06122448979592,0.01467799267622069,8.143833967377382e-07
33.06122448979592,0.01778279410038923,7.31139596891675e-07
33.06122448979592,0.021544346900318832,6.439294966054434e-07
33.06122448979592,0.026101572156825358,5.532138417798923e-07
33.06122448979592,0.03162277660168379,4.6207591568304755e-07
33.06122448979592,0.03831186849557287,3.7313442897301504e-07
33.06122448979592,0.046415888336127774,2.885225416098944e-07
33.06122448979592,0.05623413251903491,2.0989840291269565e-07
33.06122448979592,0.06812920690579612,1.394968447810415e-07
33.06122448979592,0.08254041852680181,8.159033277765419e-08
33.06122448979592,0.1,3.807434849529351e-08
34.285714285714285,0.001,1.0190895736972e-06
34.285714285714285,0.001211527658628589,1.0110265877507517e-06
34.285714285714285,0.0014677992676220691,1.0013377494616333e-06
34.285714285714285,0.0017782794100389228,9.897112149133262e-07
34.285714285714285,0.0021544346900318843,9.757809960942999e-07
34.285714285714285,0.0026101572156825357,9.591192903049218e-07
34.285714285714285,0.0031622776601683794,9.392281404211677e-07
34.285714285714285,0.003831186849557285,9.155304385862129e-07
34.285714285714285,0.004641588833612777,8.873603013070909e-07
34.285714285714285,0.005623413251903491,8.539528726901022e-07
34.285714285714285,0.006812920690579608,8.14433664874871e-07
34.285714285714285,0.008254041852680182,7.678076329519958e-07
34.285714285714285,0.01,7.157162051591194e-07
34.285714285714285,0.012115276586285882,6.615740341454462e-07
34.285714285714285,0.01467799267622069,6.01803955796579e-07
34.285714285714285,0.01778279410038923,5.394888094885288e-07
34.285714285714285,0.021544346900318832,4.753043902989671e-07
34.285714285714285,0.026101572156825358,4.0830295508510674e-07
34.285714285714285,0.03162277660168379,3.408243801755445e-07
34.285714285714285,0.03831186849557287,2.7485705698332704e-07
34.285714285714285,0.046415888336127774,2.12022337876079e-07
34.285714285714285,0.05623413251903491,1.5358263113464932e-07
34.285714285714285,0.06812920690579612,1.0164078353785357e-07
34.285714285714285,0.08254041852680181,5.8858961526154925e-08
34.285714285714285,0.1,2.6779646703350687e-08
35.51020408163265,0.001,7.513886105927335e-07
35.51020408163265,0.001211527658628589,7.45435347136319e-07
35.51020408163265,0.0014677992676220691,7.382766369643404e-07
35.51020408163265,0.0017782794100389228,7.296795153876313e-07
35.51020408163265,0.0021544346900318843,7.193700583184493e-07
35.51020408163265,0.0026101572156825357,7.070274814558604e-07
35.51020408163265,0.0031622776601683794,6.922777283874444e-07
35.51020408163265,0.003831186849557285,6.746865686730681e-07
35.51020408163265,0.004641588833612777,6.537522400637892e-07
35.51020408163265,0.005623413251903491,6.288976897498474e-07
35.51020408163265,0.006812920690579608,5.994625054124612e-07
35.51020408163265,0.008254041852680182,5.646946877711723e-07
35.51020408163265,0.01,5.271577522207064e-07
35.51020408163265,0.012115276586285882,4.867264728858384e-07
35.51020408163265,0.01467799267622069,4.43201268610777e-07
35.51020408163265,0.01778279410038923,3.9660183834699985e-07
35.51020408163265,0.021544346900318832,3.4956159449598435e-07
35.51020408163265,0.026101572156825358,3.0024820067588257e-07
35.51020408163265,0.03162277660168379,2.5043872006690054e-07
35.51020408163265,0.03831186849557287,2.01644190333463e-07
35.51020408163265,0.046415888336127774,1.5509812297783137e-07
35.51020408163265,0.05623413251903491,1.1176273413351776e-07
35.51020408163265,0.06812920690579612,7.358314166878255e-08
35.51020408163265,0.08254041852680181,4.208504974651805e-08
35.51020408163265,0.1,1.865483283555568e-08
36.734693877551024,0.001,5.520644190549419e-07
36.734693877551024,0.001211527658628589,5.476738451030384e-07
36.734693877551024,0.0014677992676220691,5.423907938145014e-07
36.734693877551024,0.0017782794100389228,5.360415333127072e-07
36.734693877551024,0.0021544346900318843,5.284214003056498e-07
36.734693877551024,0.0026101572156825357,5.192902584398269e-07
36.734693877551024,0.0031622776601683794,5.083675598930259e-07
36.734693877551024,0.003831186849557285,4.953270342832397e-07
36.734693877551024,0.004641588833612777,4.79791041225456e-07
36.734693877551024,0.005623413251903491,4.61324639282562e-07
36.734693877551024,0.006812920690579608,4.394294496760524e-07
36.734693877551024,0.008254041852680182,4.135374353969325e-07
36.734693877551024,0.01,3.8672728627449127e-07
36.734693877551024,0.012115276586285882,3.5657172011212256e-07
36.734693877551024,0.01467799267622069,3.2507804942361707e-07
36.734693877551024,0.01778279410038923,2.9027029578375443e-07
36.734693877551024,0.021544346900318832,2.5596767201031814e-07
36.734693877551024,0.026101572156825358,2.19823410856286e-07
36.734693877551024,0.03162277660168379,1.83188264244868e-07
36.734693877551024,0.03831186849557287,1.4721155093510287e-07
36.734693877551024,0.046415888336127774,1.1283268291743997e-07
36.734693877551024,0.05623413251903491,8.07859746022913e-08
36.734693877551024,0.06812920690579612,5.2847979944827746e-08
36.734693877551024,0.08254041852680181,2.9753725812660878e-08
36.734693877551024,0.1,1.2741240656373102e-08
37.95918367346939,0.001,4.039436881741828e-07
37.95918367346939,0.001211527658628589,4.007092807178302e-07
37.95918367346939,0.0014677992676220691,3.9681504720913975e-07
37.95918367346939,0.0017782794100389228,3.9213166093410295e-07
37.95918367346939,0.0021544346900318843,3.865064825937876e-07
37.95918367346939,0.0026101572156825357,3.797600660175049e-07
37.95918367346939,0.0031622776601683794,3.716823513136708e-07
37.95918367346939,0.003831186849557285,3.620285687520439e-07
37.95918367346939,0.004641588833612777,3.5051488853447676e-07
37.95918367346939,0.005623413251903491,3.3681386576018835e-07
37.95918367346939,0.006812920690579608,3.2054974940695236e-07
37.95918367346939,0.008254041852680182,3.014259873575574e-07
37.95918367346939,0.01,2.8235713831563443e-07
37.95918367346939,0.012115276586285882,2.598949803205906e-07
37.95918367346939,0.01467799267622069,2.3728455384086228e-07
37.95918367346939,0.01778279410038923,2.1197880504267805e-07
37.95918367346939,0.021544346900318832,1.864535916711284e-07
37.95918367346939,0.026101572156825358,1.600930663678832e-07
37.95918367346939,0.03162277660168379,1.332624657883155e-07
37.95918367346939,0.03831186849557287,1.0683684044762985e-07
37.95918367346939,0.046415888336127774,8.153242230109018e-08
37.95918367346939,0.05623413251903491,5.791034933896235e-08
37.95918367346939,0.06812920690579612,3.757756630519702e-08
37.95918367346939,0.08254041852680181,2.0729631168939397e-08
37.95918367346939,0.1,8.466383345022689e-09
39.183673469387756,0.001,2.9412215634710015e-07
39.183673469387756,0.001211527658628589,2.9174217258752443e-07
39.183673469387756,0.0014677992676220691,2.8887505771173536e-07
39.183673469387756,0.0017782794100389228,2.8542471578072655e-07
39.183673469387756,0.0021544346900318843,2.812775183197741e-07
39.183673469387756,0.0026101572156825357,2.7629961901697433e-07
39.183673469387756,0.0031622776601683794,2.7033401935172697e-07
39.183673469387756,0.003831186849557285,2.631974054102167e-07
39.183673469387756,0.004641588833612777,2.5467678749653743e-07
39.183673469387756,0.005623413251903491,2.4452598696585767e-07
39.183673469387756,0.006812920690579608,2.3246203065237955e-07
39.183673469387756,0.008254041852680182,2.1914280506712736e-07
39.183673469387756,0.01,2.049760411136332e-07
39.183673469387756,0.012115276586285882,1.8869377333818003e-07
39.183673469387756,0.01467799267622069,1.721917947002507e-07
39.183673469387756,0.01778279410038923,1.5398244432053225e-07
39.183673469387756,0.021544346900318832,1.349560100805997e-07
39.183673469387756,0.026101572156825358,1.1584584080624807e-07
39.183673469387756,0.03162277660168379,9.629588577864e-08
39.183673469387756,0.03831186849557287,7.697309327141673e-08
39.183673469387756,0.046415888336127774,5.842419736396764e-08
39.183673469387756,0.05623413251903491,4.1231335865069354e-08
39.183673469387756,0.06812920690579612,2.637886739945561e-08
39.183673469387756,0.08254041852680181,1.4162496094989124e-08
39.183673469387756,0.1,5.402448792287919e-09
40.40816326530612,0.001,2.129101312234022e-07
40.40816326530612,0.001211527658628589,2.1116086541788983e-07
40.40816326530612,0.0014677992676220691,2.0905247336946575e-07
40.40816326530612,0.0017782794100389228,2.0651368233074302e-07
40.40816326530612,0.0021544346900318843,2.0346006426153616e-07
40.40816326530612,0.0026101572156825357,1.9979197613614862e-07
40.40816326530612,0.0031622776601683794,1.9539230029374296e-07
40.40816326530612,0.003831186849557285,1.9012400103594434e-07
40.40816326530612,0.004641588833612777,1.8382752418695816e-07
40.40816326530612,0.005623413251903491,1.7631807807911168e-07
40.40816326530612,0.006812920690579608,1.6738284816310704e-07
40.40816326530612,0.008254041852680182,1.582781421415666e-07
40.40816326530612,0.01,1.4776894751853292e-07
40.40816326530612,0.012115276586285882,1.3633078524318508e-07
40.40816326530612,0.01467799267622069,1.2406854247185998e-07
40.40816326530612,0.01778279410038923,1.1108367561483104e-07
40.40816326530612,0.021544346900318832,9.70702802948656e-08
40.40816326530612,0.026101572156825358,8.316798507498753e-08
40.40816326530612,0.03162277660168379,6.901049719372044e-08
40.40816326530612,0.03831186849557287,5.495758379958251e-08
40.40816326530612,0.046415888336127774,4.14271393374157e-08
40.40816326530612,0.05623413251903491,2.9092996465189204e-08
40.40816326530612,0.06812920690579612,1.820807930891986e-08
40.40816326530612,0.08254041852680181,9.516170358670217e-09
40.40816326530612,0.1,3.308294931396251e-09
41.63265306122449,0.001,1.5303740891303086e-07
41.63265306122449,0.001211527658628589,1.517532025641398e-07
41.63265306122449,0.0014677992676220691,1.502046135014181e-07
41.63265306122449,0.0017782794100389228,1.4833887733984197e-07
41.63265306122449,0.0021544346900318843,1.4609338249125102e-07
41.63265306122449,0.0026101572156825357,1.4339409427952547e-07
41.63265306122449,0.0031622776601683794,1.4015381798481807e-07
41.63265306122449,0.003831186849557285,1.362703128289725e-07
41.63265306122449,0.004641588833612777,1.316242782680985e-07
41.63265306122449,0.005623413251903491,1.2607724457535892e-07
41.63265306122449,0.006812920690579608,1.1996661075577025e-07
41.63265306122449,0.008254041852680182,1.1340302617693196e-07
41.63265306122449,0.01,1.0561920739110067e-07
41.63265306122449,0.012115276586285882,9.770966520554333e-08
41.63265306122449,0.01467799267622069,8.861193032153708e-08
41.63265306122449,0.01778279410038923,7.945730697082633e-08
41.63265306122449,0.021544346900318832,6.946009231262537e-08
41.63265306122449,0.026101572156825358,5.9122044603606695e-08
41.63265306122449,0.03162277660168379,4.894634163544781e-08
41.63265306122449,0.03831186849557287,3.879267685307238e-08
41.63265306122449,0.046415888336127774,2.9028633924029387e-08
41.63265306122449,0.05623413251903491,2.0222017433104003e-08
41.63265306122449,0.06812920690579612,1.2414080954595286e-08
41.63265306122449,0.08254041852680181,6.204706513569245e-09
41.63265306122449,0.1,1.8470414612204708e-09
42.85714285714286,0.001,1.090539623410943e-07
42.85714285714286,0.001211527658628589,1.0811228222361393e-07
42.85714285714286,0.0014677992676220691,1.0697624430989816e-07
42.85714285714286,0.0017782794100389228,1.0560685828138137e-07
42.85714285714286,0.0021544346900318843,1.039577810306004e-07
42.85714285714286,0.0026101572156825357,1.0197411452697686e-07
42.85714285714286,0.0031622776601683794,9.959107395956897e-08
42.85714285714286,0.003831186849557285,9.673253437709653e-08
42.85714285714286,0.004641588833612777,9.330947204227119e-08
42.85714285714286,0.005623413251903491,8.936344268472347e-08
42.85714285714286,0.006812920690579608,8.529166557828172e-08
42.85714285714286,0.008254041852680182,8.044414866814186e-08
42.85714285714286,0.01,7.5038299510834e-08
42.85714285714286,0.012115276586285882,6.933275637337534e-08
42.85714285714286,0.01467799267622069,6.28891180554877e-08
42.85714285714286,0.01778279410038923,5.623322554016218e-08
42.85714285714286,0.021544346900318832,4.918034227800449e-08
42.85714285714286,0.026101572156825358,4.1778728843192684e-08
42.85714285714286,0.03162277660168379,3.432146084957732e-08
42.85714285714286,0.03831186849557287,2.70495769236723e-08
42.85714285714286,0.046415888336127774,2.015353019471514e-08
42.85714285714286,0.05623413251903491,1.37768919237005e-08
42.85714285714286,0.06812920690579612,8.250522608613712e-09
42.85714285714286,0.08254041852680181,3.8461454038501454e-09
42.85714285714286,0.1,8.762079148559677e-10
44.08163265306123,0.001,7.687834091928769e-08
44.08163265306123,0.001211527658628589,7.61886547096319e-08
44.08163265306123,0.0014677992676220691,7.535629269392473e-08
44.08163265306123,0.0017782794100389228,7.435249599222844e-08
44.08163265306123,0.0021544346900318843,7.314302925323896e-08
44.08163265306123,0.0026101572156825357,7.1687266676377e-08
44.08163265306123,0.0031622776601683794,6.993717387011588e-08
44.08163265306123,0.003831186849557285,6.783619064134816e-08
44.08163265306123,0.004641588833612777,6.543125807088565e-08
44.08163265306123,0.005623413251903491,6.29210222838569e-08
44.08163265306123,0.006812920690579608,5.99222655485412e-08
44.08163265306123,0.008254041852680182,5.634807436245069e-08
44.08163265306123,0.01,5.27910779618725e-08
44.08163265306123,0.012115276586285882,4.857770062965071e-08
44.08163265306123,0.01467799267622069,4.418361386151315e-08
44.08163265306123,0.01778279410038923,3.925971932841591e-08
44.08163265306123,0.021544346900318832,3.435462640848987e-08
44.08163265306123,0.026101572156825358,2.914226204036001e-08
44.08163265306123,0.03162277660168379,2.3847221319525897e-08
44.08163265306123,0.03831186849557287,1.8654592390623345e-08
44.08163265306123,0.046415888336127774,1.3711117396059362e-08
44.08163265306123,0.05623413251903491,9.128022785614424e-09
44.08163265306123,0.06812920690579612,5.2704606828916614e-09
44.08163265306123,0.08254041852680181,2.2379875048734645e-09
44.08163265306123,0.1,2.4958396172379574e-10
45.30612244897959,0.001,5.3457493800770623e-08
45.30612244897959,0.001211527658628589,5.29529874506077e-08
45.30612244897959,0.0014677992676220691,5.234389539314551e-08
45.30612244897959,0.0017782794100389228,5.1609044392759195e-08
45.30612244897959,0.0021544346900318843,5.072319255369324e-08
45.30612244897959,0.0026101572156825357,4.965633690147371e-08
45.30612244897959,0.0031622776601683794,4.837293774233201e-08
45.30612244897959,0.003831186849557285,4.704660887947071e-08
45.30612244897959,0.004641588833612777,4.5507736210805545e-08
45.30612244897959,0.005623413251903491,4.3663966794269454e-08
45.30612244897959,0.006812920690579608,4.145913386610209e-08
45.30612244897959,0.008254041852680182,3.920101553301386e-08
45.30612244897959,0.01,3.658627876615929e-08
45.30612244897959,0.012115276586285882,3.3639420716273397e-08
45.30612244897959,0.01467799267622069,3.056123068665835e-08
45.30612244897959,0.01778279410038923,2.7165497705461695e-08
45.30612244897959,0.021544346900318832,2.357748302511434e-08
45.30612244897959,0.026101572156825358,1.9960495673795542e-08
45.30612244897959,0.03162277660168379,1.6246690524573235e-08
45.30612244897959,0.03831186849557287,1.2578455150036241e-08
45.30612244897959,0.046415888336127774,9.06908336053562e-09
45.30612244897959,0.05623413251903491,5.911849459779094e-09
45.30612244897959,0.06812920690579612,3.2106775799872894e-09
45.30612244897959,0.08254041852680181,1.1439672503149545e-09
45.30612244897959,0.1,0.0
46.53061224489796,0.001,3.651062262523851e-08
46.53061224489796,0.001211527658628589,3.614204126554769e-08
46.53061224489796,0.0014677992676220691,3.569690738158714e-08
46.53061224489796,0.0017782794100389228,3.5159661230492256e-08
46.53061224489796,0.0021544346900318843,3.457302217538556e-08
46.53061224489796,0.0026101572156825357,3.392480869054136e-08
46.53061224489796,0.0031622776601683794,3.31442934269227e-08
46.53061224489796,0.003831186849557285,3.2205569762082374e-08
46.53061224489796,0.004641588833612777,3.107810568884151e-08
46.53061224489796,0.005623413251903491,2.9737942690755275e-08
46.53061224489796,0.006812920690579608,2.8389643252475276e-08
46.53061224489796,0.008254041852680182,2.677818451464697e-08
46.53061224489796,0.01,2.487889768545985e-08
46.53061224489796,0.012115276586285882,2.2969658579812657e-08
46.53061224489796,0.01467799267622069,2.070404298287162e-08
46.53061224489796,0.01778279410038923,1.8443019051369257e-08
46.53061224489796,0.021544346900318832,1.5941539122011906e-08
46.53061224489796,0.026101572156825358,1.3335813991215919e-08
46.53061224489796,0.03162277660168379,1.077207287532737e-08
46.53061224489796,0.03831186849557287,8.21592406774394e-09
46.53061224489796,0.046415888336127774,5.814343121020747e-09
46.53061224489796,0.05623413251903491,3.6363734060615896e-09
46.53061224489796,0.06812920690579612,1.8022005831762047e-09
46.53061224489796,0.08254041852680181,4.4293795969440157e-10
46.53061224489796,0.1,0.0
47.755102040816325,0.001,2.446755327225394e-08
47.755102040816325,0.001211527658628589,2.4244651765923396e-08
47.755102040816325,0.0014677992676220691,2.3975333369748855e-08
47.755102040816325,0.0017782794100389228,2.3650110912396275e-08
47.755102040816325,0.0021544346900318843,2.325763687989909e-08
47.755102040816325,0.0026101572156825357,2.278437231747355e-08
47.755102040816325,0.0031622776601683794,2.221421070107998e-08
47.755102040816325,0.003831186849557285,2.1528056239215575e-08
47.755102040816325,0.004641588833612777,2.0831670584592635e-08
47.755102040816325,0.005623413251903491,2.0008286346261472e-08
47.755102040816325,0.006812920690579608,1.902133460492247e-08
47.755102040816325,0.008254041852680182,1.7867703639853105e-08
47.755102040816325,0.01,1.6692098888033683e-08
47.755102040816325,0.012115276586285882,1.529139650689741e-08
47.755102040816325,0.01467799267622069,1.3823765607345496e-08
47.755102040816325,0.01778279410038923,1.2175488820258433e-08
47.755102040816325,0.021544346900318832,1.051589866954758e-08
47.755102040816325,0.026101572156825358,8.74932980037461e-09
47.755102040816325,0.03162277660168379,6.9593782840450685e-09
47.755102040816325,0.03831186849557287,5.2129054264579754e-09
47.755102040816325,0.046415888336127774,3.5613412552973226e-09
47.755102040816325,0.05623413251903491,2.0825878210778926e-09
47.755102040816325,0.06812920690579612,8.704142934153398e-10
47.755102040816325,0.08254041852680181,1.066887418877237e-11
47.755102040816325,0.1,0.0
48.9795918367347,0.001,1.6055723948249278e-08
48.9795918367347,0.001211527658628589,1.5893442310677624e-08
48.9795918367347,0.0014677992676220691,1.5697318322729238e-08
48.9795918367347,0.0017782794100389228,1.546041345204344e-08
48.9795918367347,0.0021544346900318843,1.5201554720116852e-08
48.9795918367347,0.0026101572156825357,1.491518125869192e-08
48.9795918367347,0.0031622776601683794,1.4569922382898705e-08
48.9795918367347,0.003831186849557285,1.4154069018501173e-08
48.9795918367347,0.004641588833612777,1.365375354371772e-08
48.9795918367347,0.005623413251903491,1.3052621020299667e-08
48.9795918367347,0.006812920690579608,1.2420117983967423e-08
48.9795918367347,0.008254041852680182,1.1700985809978874e-08
48.9795918367347,0.01,1.0841192003396539e-08
48.9795918367347,0.012115276586285882,9.94186757739205e-09
48.9795918367347,0.01467799267622069,8.923448697862346e-09
48.9795918367347,0.01778279410038923,7.849916932436884e-09
48.9795918367347,0.021544346900318832,6.672298207588824e-09
48.9795918367347,0.026101572156825358,5.493365930867178e-09
48.9795918367347,0.03162277660168379,4.295474433576749e-09
48.9795918367347,0.03831186849557287,3.1130590374963173e-09
48.9795918367347,0.046415888336127774,2.0167032321651965e-09
48.9795918367347,0.05623413251903491,1.0413742296374307e-09
48.9795918367347,0.06812920690579612,2.7697417442813883e-10
48.9795918367347,0.08254041852680181,0.0
48.9795918367347,0.1,0.0
50.204081632653065,0.001,1.0227151276995455e-08
50.204081632653065,0.001211527658628589,1.0129371334642346e-08
50.204081632653065,0.0014677992676220691,1.0011160450752925e-08
50.204081632653065,0.0017782794100389228,9.868312089206489e-09
50.204081632653065,0.0021544346900318843,9.695781688902003e-09
50.204081632653065,0.0026101572156825357,9.487532075605818e-09
50.204081632653065,0.0031622776601683794,9.236355683886965e-09
50.204081632653065,0.003831186849557285,8.960163558949102e-09
50.204081632653065,0.004641588833612777,8.657381908776562e-09
50.204081632653065,0.005623413251903491,8.2932288712213e-09
50.204081632653065,0.006812920690579608,7.855879080496776e-09
50.204081632653065,0.008254041852680182,7.353957842962203e-09
50.204081632653065,0.01,6.8312184725106726e-09
50.204081632653065,0.012115276586285882,6.206716339812197e-09
50.204081632653065,0.01467799267622069,5.552906264826262e-09
50.204081632653065,0.01778279410038923,4.814800629538669e-09
50.204081632653065,0.021544346900318832,4.071351693858644e-09
50.204081632653065,0.026101572156825358,3.2818918792846408e-09
50.204081632653065,0.03162277660168379,2.486439454531653e-09
50.204081632653065,0.03831186849557287,1.7160935611534415e-09
50.204081632653065,0.046415888336127774,9.940543496508955e-10
50.204081632653065,0.05623413251903491,3.8621874778707054e-10
50.204081632653065,0.06812920690579612,0.0
50.204081632653065,0.08254041852680181,0.0
50.204081632653065,0.1,0.0
51.42857142857143,0.001,6.238031827686845e-09
51.42857142857143,0.001211527658628589,6.179225976022381e-09
51.42857142857143,0.0014677992676220691,6.108112957296866e-09
51.42857142857143,0.0017782794100389228,6.022149968277227e-09
51.42857142857143,0.0021544346900318843,5.918283733879359e-09
51.42857142857143,0.0026101572156825357,5.792854678559491e-09
51.42857142857143,0.0031622776601683794,5.641486027991972e-09
51.42857142857143,0.003831186849557285,5.45895674892355e-09
51.42857142857143,0.004641588833612777,5.239057761359892e-09
51.42857142857143,0.005623413251903491,5.011953255523076e-09
51.42857142857143,0.006812920690579608,4.747519668661351e-09
51.42857142857143,0.008254041852680182,4.4300964681929e-09
51.42857142857143,0.01,4.069155833522692e-09
51.42857142857143,0.012115276586285882,3.6903022181668887e-09
51.42857142857143,0.01467799267622069,3.2424530672127367e-09
51.42857142857143,0.01778279410038923,2.7936256721060254e-09
51.42857142857143,0.021544346900318832,2.299814681254593e-09
51.42857142857143,0.026101572156825358,1.7876808204395006e-09
51.42857142857143,0.03162277660168379,1.2814123686810866e-09
51.42857142857143,0.03831186849557287,7.991862322510541e-10
51.42857142857143,0.046415888336127774,3.5428218197549045e-10
51.42857142857143,0.05623413251903491,0.0
51.42857142857143,0.06812920690579612,0.0
51.42857142857143,0.08254041852680181,0.0
51.42857142857143,0.1,0.0
52.6530612244898,0.001,3.5949362817899642e-09
52.6530612244898,0.001211527658628589,3.5523955493986104e-09
52.6530612244898,0.0014677992676220691,3.5096205188582086e-09
52.6530612244898,0.0017782794100389228,3.4580124954304253e-09
52.6530612244898,0.0021544346900318843,3.395635705237513e-09
52.6530612244898,0.0026101572156825357,3.3202797870304854e-09
52.6530612244898,0.0031622776601683794,3.2292972297255897e-09
52.6530612244898,0.003831186849557285,3.119524254673131e-09
52.6530612244898,0.004641588833612777,2.9871905879423686e-09
52.6530612244898,0.005623413251903491,2.8285569948436665e-09
52.6530612244898,0.006812920690579608,2.669205422399624e-09
52.6530612244898,0.008254041852680182,2.4777354947213577e-09
52.6530612244898,0.01,2.2480414602767683e-09
52.6530612244898,0.012115276586285882,2.0111229919494797e-09
52.6530612244898,0.01467799267622069,1.7375349429171339e-09
52.6530612244898,0.01778279410038923,1.4530924589952305e-09
52.6530612244898,0.021544346900318832,1.143840305668853e-09
52.6530612244898,0.026101572156825358,8.287254849387282e-10
52.6530612244898,0.03162277660168379,5.22099971942621e-10
52.6530612244898,0.03831186849557287,2.3438559053677617e-10
52.6530612244898,0.046415888336127774,0.0
52.6530612244898,0.05623413251903491,0.0
52.6530612244898,0.06812920690579612,0.0
52.6530612244898,0.08254041852680181,0.0
52.6530612244898,0.1,0.0
53.87755102040816,0.001,1.886002792994052e-09
53.87755102040816,0.001211527658628589,1.862812859669397e-09
53.87755102040816,0.0014677992676220691,1.8372663415871371e-09
53.87755102040816,0.0017782794100389228,1.8063696457206615e-09
53.87755102040816,0.0021544346900318843,1.769015746169177e-09
53.87755102040816,0.0026101572156825357,1.7238746973708271e-09
53.87755102040816,0.0031622776601683794,1.6693515176009396e-09
53.87755102040816,0.003831186849557285,1.6035373562584564e-09
53.87755102040816,0.004641588833612777,1.5241534338477908e-09
53.87755102040816,0.005623413251903491,1.4300830285057162e-09
53.87755102040816,0.006812920690579608,1.334405547119671e-09
53.87755102040816,0.008254041852680182,1.2193483294404005e-09
53.87755102040816,0.01,1.08118843748736e-09
53.87755102040816,0.012115276586285882,9.407456460348228e-10
53.87755102040816,0.01467799267622069,7.759518333929349e-10
53.87755102040816,0.01778279410038923,6.087235972632972e-10
53.87755102040816,0.021544346900318832,4.288363175424072e-10
53.87755102040816,0.026101572156825358,2.47709836319011e-10
53.87755102040816,0.03162277660168379,7.374911637006294e-11
53.87755102040816,0.03831186849557287,0.0
53.87755102040816,0.046415888336127774,0.0
53.87755102040816,0.05623413251903491,0.0
53.87755102040816,0.06812920690579612,0.0
53.87755102040816,0.08254041852680181,0.0
53.87755102040816,0.1,0.0
55.10204081632653,0.001,8.312594327838247e-10
55.10204081632653,0.001211527658628589,8.186624105115437e-10
55.10204081632653,0.0014677992676220691,8.034202862442145e-10
55.10204081632653,0.0017782794100389228,7.849825773644568e-10
55.10204081632653,0.0021544346900318843,7.626865065861387e-10
55.10204081632653,0.0026101572156825357,7.357351311107756e-10
55.10204081632653,0.0031622776601683794,7.031716832731448e-10
55.10204081632653,0.003831186849557285,6.638496819980678e-10
55.10204081632653,0.004641588833612777,6.211088858945897e-10
55.10204081632653,0.005623413251903491,5.736155229123592e-10
55.10204081632653,0.006812920690579608,5.163976166292863e-10
55.10204081632653,0.008254041852680182,4.4754177669633406e-10
55.10204081632653,0.01,3.7646742431409113e-10
55.10204081632653,0.012115276586285882,2.9399208722134827e-10
55.10204081632653,0.01467799267622069,2.0675658540704835e-10
55.10204081632653,0.01778279410038923,1.1218749248970941e-10
55.10204081632653,0.021544346900318832,1.706437239946998e-11
55.10204081632653,0.026101572156825358,0.0
55.10204081632653,0.03162277660168379,0.0
55.10204081632653,0.03831186849557287,0.0
55.10204081632653,0.046415888336127774,0.0
55.10204081632653,0.05623413251903491,0.0
55.10204081632653,0.06812920690579612,0.0
55.10204081632653,0.08254041852680181,0.0
55.10204081632653,0.1,0.0
56.3265306122449,0.001,2.1329872858335105e-10
56.3265306122449,0.001211527658628589,2.0691200575025674e-10
56.3265306122449,0.0014677992676220691,1.9939945241926732e-10
56.3265306122449,0.0017782794100389228,1.9031022135123974e-10
56.3265306122449,0.0021544346900318843,1.7931655465704618e-10
56.3265306122449,0.0026101572156825357,1.660240071187435e-10
56.3265306122449,0.0031622776601683794,1.4995853944717356e-10
56.3265306122449,0.003831186849557285,1.305514153185356e-10
56.3265306122449,0.004641588833612777,1.0712166769834651e-10
56.3265306122449,0.005623413251903491,8.252174618764779e-11
56.3265306122449,0.006812920690579608,5.4263655025370895e-11
56.3265306122449,0.008254041852680182,2.0234792098384414e-11
56.3265306122449,0.01,0.0
56.3265306122449,0.012115276586285882,0.0
56.3265306122449,0.01467799267622069,0.0
56.3265306122449,0.01778279410038923,0.0
56.3265306122449,0.021544346900318832,0.0
56.3265306122449,0.026101572156825358,0.0
56.3265306122449,0.03162277660168379,0.0
56.3265306122449,0.03831186849557287,0.0
56.3265306122449,0.046415888336127774,0.0
56.3265306122449,0.05623413251903491,0.0
56.3265306122449,0.06812920690579612,0.0
56.3265306122449,0.08254041852680181,0.0
56.3265306122449,0.1,0.0
57.55102040816327,0.001,0.0
57.55102040816327,0.001211527658628589,0.0
57.55102040816327,0.0014677992676220691,0.0
57.55102040816327,0.0017782794100389228,0.0
57.55102040816327,0.0021544346900318843,0.0
57.55102040816327,0.0026101572156825357,0.0
57.55102040816327,0.0031622776601683794,0.0
57.55102040816327,0.003831186849557285,0.0
57.55102040816327,0.004641588833612777,0.0
57.55102040816327,0.005623413251903491,0.0
57.55102040816327,0.006812920690579608,0.0
57.55102040816327,0.008254041852680182,0.0
57.55102040816327,0.01,0.0
57.55102040816327,0.012115276586285882,0.0
57.55102040816327,0.01467799267622069,0.0
57.55102040816327,0.01778279410038923,0.0
57.55102040816327,0.021544346900318832,0.0
57.55102040816327,0.026101572156825358,0.0
57.55102040816327,0.03162277660168379,0.0
57.55102040816327,0.03831186849557287,0.0
57.55102040816327,0.046415888336127774,0.0
57.55102040816327,0.05623413251903491,0.0
57.55102040816327,0.06812920690579612,0.0
57.55102040816327,0.08254041852680181,0.0
57.55102040816327,0.1,0.0
58.775510204081634,0.001,0.0
58.775510204081634,0.001211527658628589,0.0
58.775510204081634,0.0014677992676220691,0.0
58.775510204081634,0.0017782794100389228,0.0
58.775510204081634,0.0021544346900318843,0.0
58.775510204081634,0.0026101572156825357,0.0
58.775510204081634,0.0031622776601683794,0.0
58.775510204081634,0.003831186849557285,0.0
58.775510204081634,0.004641588833612777,0.0
58.775510204081634,0.005623413251903491,0.0
58.775510204081634,0.006812920690579608,0.0
58.775510204081634,0.008254041852680182,0.0
58.775510204081634,0.01,0.0
58.775510204081634,0.012115276586285882,0.0
58.775510204081634,0.01467799267622069,0.0
58.775510204081634,0.01778279410038923,0.0
58.775510204081634,0.021544346900318832,0.0
58.775510204081634,0.026101572156825358,0.0
58.775510204081634,0.03162277660168379,0.0
58.775510204081634,0.03831186849557287,0.0
58.775510204081634,0.046415888336127774,0.0
58.775510204081634,0.05623413251903491,0.0
58.775510204081634,0.06812920690579612,0.0
58.775510204081634,0.08254041852680181,0.0
58.775510204081634,0.1,0.0
60.0,0.001,0.0
60.0,0.001211527658628589,0.0
60.0,0.0014677992676220691,0.0
60.0,0.0017782794100389228,0.0
60.0,0.0021544346900318843,0.0
60.0,0.0026101572156825357,0.0
60.0,0.0031622776601683794,0.0
60.0,0.003831186849557285,0.0
60.0,0.004641588833612777,0.0
60.0,0.005623413251903491,0.0
60.0,0.006812920690579608,0.0
60.0,0.008254041852680182,0.0
60.0,0.01,0.0
60.0,0.012115276586285882,0.0
60.0,0.01467799267622069,0.0
60.0,0.01778279410038923,0.0
60.0,0.021544346900318832,0.0
60.0,0.026101572156825358,0.0
60.0,0.03162277660168379,0.0
60.0,0.03831186849557287,0.0
60.0,0.046415888336127774,0.0
60.0,0.05623413251903491,0.0
60.0,0.06812920690579612,0.0
60.0,0.08254041852680181,0.0
60.0,0.1,0.0
