dA,dC,dE,td_full,td_traced,margin,contraction_holds
2,2,2,1.2599798850,0.5851700663,6.7480981871e-01,True
2,2,2,1.1844510318,0.4779704421,7.0648058969e-01,True
2,2,2,1.2228824993,0.6437996541,5.7908284511e-01,True
2,2,2,1.2203426193,0.6461145613,5.7422805806e-01,True
2,2,2,1.0184931052,0.5259587574,4.9253434778e-01,True
2,2,2,1.0237476886,0.4678987154,5.5584897324e-01,True
2,2,2,1.2325461560,0.6229927706,6.0955338539e-01,True
2,2,2,1.0243791406,0.5667004825,4.5767865813e-01,True
2,2,2,1.1939077485,0.6269494139,5.6695833469e-01,True
2,2,2,1.1515796056,0.6737824139,4.7779719169e-01,True
2,2,2,1.2458909198,0.6441880171,6.0170290275e-01,True
2,2,2,1.3061970164,0.6587925400,6.4740447639e-01,True
2,2,2,1.1738401167,0.7452831548,4.2855696185e-01,True
2,2,2,1.2399327966,0.5968630068,6.4306978979e-01,True
2,2,2,1.1394152627,0.6342634487,5.0515181398e-01,True
2,2,2,0.9963314421,0.4234686687,5.7286277341e-01,True
2,2,2,1.0669051699,0.5061277149,5.6077745496e-01,True
2,2,2,1.1805806193,0.6356454512,5.4493516818e-01,True
2,2,2,1.2279834834,0.7966669064,4.3131657692e-01,True
2,2,2,1.0963060386,0.4868594470,6.0944659155e-01,True
2,2,2,1.1140297137,0.6706496890,4.4338002467e-01,True
2,2,2,1.2824116264,0.5892849828,6.9312664356e-01,True
2,2,2,1.1442525258,0.7312350074,4.1301751838e-01,True
2,2,2,1.2084297027,0.5705812412,6.3784846159e-01,True
2,2,2,1.1208960642,0.6092231008,5.1167296339e-01,True
2,2,2,0.9441322735,0.5860978131,3.5803446039e-01,True
2,2,2,1.0807009804,0.5505905368,5.3011044365e-01,True
2,2,2,1.2590502844,0.6325385796,6.2651170475e-01,True
2,2,2,1.0735720830,0.6348831541,4.3868892890e-01,True
2,2,2,1.1427632417,0.6188029716,5.2396027002e-01,True
2,2,2,1.1593664646,0.6626820183,4.9668444636e-01,True
2,2,2,1.1039288888,0.4177291339,6.8619975488e-01,True
2,2,2,1.1510577944,0.6173244987,5.3373329575e-01,True
2,2,2,1.1657890245,0.6572744747,5.0851454983e-01,True
2,2,2,1.1004772522,0.5283973399,5.7207991237e-01,True
2,2,2,1.1749455571,0.6647376465,5.1020791056e-01,True
2,2,2,1.1717277370,0.6433724474,5.2835528950e-01,True
2,2,2,1.0539571363,0.5984850784,4.5547205788e-01,True
2,2,2,1.1569333923,0.4273637123,7.2956968000e-01,True
2,2,2,1.1668284437,0.6103823618,5.5644608187e-01,True
2,2,2,1.0542471640,0.5195952982,5.3465186585e-01,True
2,2,2,1.2060264414,0.4350669250,7.7095951641e-01,True
2,2,2,1.1235561239,0.4605272558,6.6302886808e-01,True
2,2,2,1.0907888339,0.5702187258,5.2057010811e-01,True
2,2,2,1.2124796458,0.6653222619,5.4715738385e-01,True
2,2,2,1.1358924180,0.6287214335,5.0717098451e-01,True
2,2,2,1.2252241044,0.6951256504,5.3009845403e-01,True
2,2,2,1.0183138352,0.6986449538,3.1966888137e-01,True
2,2,2,0.9993097291,0.3938379644,6.0547176467e-01,True
2,2,2,1.1096338824,0.6972114835,4.1242239887e-01,True
2,3,2,1.1673682445,0.4836138645,6.8375438003e-01,True
2,3,2,1.1001892100,0.3436465286,7.5654268141e-01,True
2,3,2,1.0497577023,0.2294762589,8.2028144332e-01,True
2,3,2,1.1128071742,0.4017118870,7.1109528724e-01,True
2,3,2,1.1834117904,0.4777923616,7.0561942882e-01,True
2,3,2,1.1130732595,0.3547623933,7.5831086621e-01,True
2,3,2,1.0328862735,0.4351603232,5.9772595030e-01,True
2,3,2,1.1641706313,0.5232682312,6.4090240007e-01,True
2,3,2,1.2633774675,0.5212864906,7.4209097692e-01,True
2,3,2,1.1485670605,0.5088183345,6.3974872590e-01,True
2,3,2,1.1294879504,0.3801571536,7.4933079679e-01,True
2,3,2,1.0822363874,0.2925930405,7.8964334686e-01,True
2,3,2,1.1523146490,0.4552062379,6.9710841108e-01,True
2,3,2,1.0193688894,0.2238328196,7.9553606979e-01,True
2,3,2,1.1310615141,0.3775551510,7.5350636308e-01,True
2,3,2,1.0870476782,0.3430289091,7.4401876916e-01,True
2,3,2,1.2071959582,0.3642372792,8.4295867897e-01,True
2,3,2,1.1327008032,0.3891838376,7.4351696562e-01,True
2,3,2,1.1603970069,0.4199119829,7.4048502404e-01,True
2,3,2,1.2659436237,0.5501726322,7.1577099157e-01,True
2,3,2,1.2076194958,0.4525241225,7.5509537336e-01,True
2,3,2,1.3041352157,0.3719274115,9.3220780420e-01,True
2,3,2,1.1446256585,0.3063388108,8.3828684772e-01,True
2,3,2,0.9781728016,0.4081123765,5.7006042509e-01,True
2,3,2,1.1769822973,0.4445083019,7.3247399546e-01,True
2,3,2,1.1328330536,0.4627879613,6.7004509229e-01,True
2,3,2,1.1712487878,0.3960741145,7.7517467322e-01,True
2,3,2,1.0919218849,0.3548289989,7.3709288607e-01,True
2,3,2,1.1089768737,0.2805181297,8.2845874403e-01,True
2,3,2,1.1788007797,0.4033311892,7.7546959048e-01,True
2,3,2,1.1164978205,0.4082501436,7.0824767693e-01,True
2,3,2,1.2511969264,0.3424919204,9.0870500594e-01,True
2,3,2,1.2155815652,0.3942967231,8.2128484218e-01,True
2,3,2,1.0017494196,0.3188650980,6.8288432168e-01,True
2,3,2,1.2026508562,0.3159501484,8.8670070781e-01,True
2,3,2,1.1365058795,0.4868237195,6.4968215998e-01,True
2,3,2,1.0826357633,0.3803143144,7.0232144895e-01,True
2,3,2,1.1811629021,0.4679759375,7.1318696461e-01,True
2,3,2,1.1234569246,0.4335472883,6.8990963625e-01,True
2,3,2,1.1219407980,0.4869838420,6.3495695596e-01,True
2,3,2,1.1388400433,0.3115466625,8.2729338085e-01,True
2,3,2,1.1612805156,0.3622807401,7.9899977556e-01,True
2,3,2,1.2087356754,0.4122726270,7.9646304843e-01,True
2,3,2,1.1666371820,0.4035933038,7.6304387828e-01,True
2,3,2,1.1853281908,0.3640424468,8.2128574397e-01,True
2,3,2,1.1625055198,0.5150941902,6.4741132963e-01,True
2,3,2,1.0770504633,0.3637692259,7.1328123745e-01,True
2,3,2,1.1908949790,0.4277750376,7.6311994143e-01,True
2,3,2,1.0968973541,0.4069476537,6.8994970045e-01,True
2,3,2,1.1867094000,0.3433600345,8.4334936549e-01,True
3,2,3,1.1016939653,0.6019401600,4.9975380532e-01,True
3,2,3,1.0873868760,0.5874025152,4.9998436074e-01,True
3,2,3,1.1211181394,0.6448577025,4.7626043698e-01,True
3,2,3,1.1748640496,0.5809281056,5.9393594404e-01,True
3,2,3,1.1472280343,0.5998306645,5.4739736978e-01,True
3,2,3,1.1890999198,0.5150609284,6.7403899137e-01,True
3,2,3,1.2310759881,0.6248778854,6.0619810274e-01,True
3,2,3,1.0895465308,0.6233914583,4.6615507251e-01,True
3,2,3,1.1149981947,0.5136488951,6.0134929967e-01,True
3,2,3,1.1533006137,0.4700097353,6.8329087841e-01,True
3,2,3,1.0822987811,0.5444701834,5.3782859774e-01,True
3,2,3,1.1178545525,0.6076595274,5.1019502508e-01,True
3,2,3,1.2002985755,0.6314487166,5.6884985894e-01,True
3,2,3,1.1262919154,0.6026194173,5.2367249805e-01,True
3,2,3,1.0631577885,0.5356867373,5.2747105129e-01,True
3,2,3,1.1921351677,0.6170731987,5.7506196898e-01,True
3,2,3,1.2252817970,0.6124593957,6.1282240132e-01,True
3,2,3,1.1611592093,0.5911413464,5.7001786287e-01,True
3,2,3,1.1193601921,0.6245706524,4.9478953976e-01,True
3,2,3,1.2303276905,0.5720628402,6.5826485030e-01,True
3,2,3,1.1565936201,0.5851615451,5.7143207501e-01,True
3,2,3,1.0571142333,0.5144518913,5.4266234196e-01,True
3,2,3,1.1283381715,0.5233018537,6.0503631780e-01,True
3,2,3,1.1689863435,0.6063779099,5.6260843366e-01,True
3,2,3,1.1334393949,0.5537475658,5.7969182912e-01,True
3,2,3,1.1292348864,0.6408099564,4.8842492994e-01,True
3,2,3,1.1960161561,0.5759236081,6.2009254803e-01,True
3,2,3,1.0883514427,0.5867446788,5.0160676390e-01,True
3,2,3,1.1062318836,0.6030592658,5.0317261780e-01,True
3,2,3,1.1481860645,0.5180111208,6.3017494369e-01,True
3,2,3,1.1249289957,0.5305645911,5.9436440460e-01,True
3,2,3,1.1387557242,0.6101568183,5.2859890592e-01,True
3,2,3,1.1786203750,0.6055955419,5.7302483306e-01,True
3,2,3,1.1921648412,0.5699405671,6.2222427407e-01,True
3,2,3,1.1111628247,0.5559761655,5.5518665924e-01,True
3,2,3,1.1807514674,0.5974229196,5.8332854786e-01,True
3,2,3,1.1195264588,0.5738466779,5.4567978096e-01,True
3,2,3,1.1767088730,0.6428347975,5.3387407545e-01,True
3,2,3,1.0866778822,0.5431276813,5.4355020083e-01,True
3,2,3,1.1542685756,0.5865667508,5.6770182476e-01,True
3,2,3,1.1432615802,0.5865793076,5.5668227265e-01,True
3,2,3,1.1639375699,0.6330367207,5.3090084918e-01,True
3,2,3,1.2096738405,0.6590909452,5.5058289529e-01,True
3,2,3,1.1687959326,0.5503864697,6.1840946291e-01,True
3,2,3,1.1396065732,0.5606056977,5.7900087549e-01,True
3,2,3,1.2179276267,0.5742932796,6.4363434712e-01,True
3,2,3,1.1436133705,0.5680191334,5.7559423718e-01,True
3,2,3,1.0340746185,0.4944818396,5.3959277892e-01,True
3,2,3,1.0965482435,0.5576100602,5.3893818338e-01,True
3,2,3,1.1177948108,0.5444398092,5.7335500163e-01,True
2,4,2,0.9966778309,0.1902867011,8.0639112986e-01,True
2,4,2,1.1172897808,0.2848258338,8.3246394702e-01,True
2,4,2,1.1614007848,0.2576832920,9.0371749283e-01,True
2,4,2,1.2197067238,0.2132308697,1.0064758541e+00,True
2,4,2,1.0716265361,0.2450742755,8.2655226068e-01,True
2,4,2,1.2175338659,0.3577291693,8.5980469666e-01,True
2,4,2,1.1428603307,0.3417339451,8.0112638555e-01,True
2,4,2,1.1893189700,0.3238079636,8.6551100646e-01,True
2,4,2,1.2289403910,0.2836432442,9.4529714677e-01,True
2,4,2,1.1100494448,0.2893801241,8.2066932063e-01,True
2,4,2,1.1237854293,0.2737579262,8.5002750318e-01,True
2,4,2,1.1319556989,0.3539388534,7.7801684550e-01,True
2,4,2,1.0947053059,0.3023973568,7.9230794919e-01,True
2,4,2,1.0701580435,0.2586056041,8.1155243934e-01,True
2,4,2,1.1293920773,0.2382464038,8.9114567354e-01,True
2,4,2,1.1852385886,0.3566642475,8.2857434105e-01,True
2,4,2,1.1332929245,0.3057697129,8.2752321160e-01,True
2,4,2,1.2541137555,0.2481948325,1.0059189230e+00,True
2,4,2,1.2340692716,0.3274067979,9.0666247369e-01,True
2,4,2,1.0866284375,0.2968139797,7.8981445775e-01,True
2,4,2,1.1721571157,0.2951673337,8.7698978196e-01,True
2,4,2,1.1302942422,0.2925828462,8.3771139597e-01,True
2,4,2,1.0765940200,0.3017587239,7.7483529616e-01,True
2,4,2,1.1125391065,0.2680539116,8.4448519482e-01,True
2,4,2,1.1013821293,0.1603415679,9.4104056141e-01,True
2,4,2,1.1336930787,0.3301353951,8.0355768362e-01,True
2,4,2,1.1560822324,0.3075821110,8.4850012139e-01,True
2,4,2,1.2010820061,0.2589512960,9.4213071008e-01,True
2,4,2,1.1396037637,0.3315180090,8.0808575466e-01,True
2,4,2,1.2137835011,0.3249415316,8.8884196954e-01,True
2,4,2,1.2721284711,0.3765800834,8.9554838768e-01,True
2,4,2,1.0812250890,0.3455381792,7.3568690990e-01,True
2,4,2,1.1575332010,0.2905464459,8.6698675508e-01,True
2,4,2,1.0910984345,0.2741700597,8.1692837487e-01,True
2,4,2,1.0743915637,0.2310673255,8.4332423819e-01,True
2,4,2,1.0580402650,0.3102089455,7.4783131948e-01,True
2,4,2,1.1187534822,0.3394406980,7.7931278429e-01,True
2,4,2,1.1995878339,0.2727866418,9.2680119215e-01,True
2,4,2,1.1245761298,0.2892476850,8.3532844479e-01,True
2,4,2,1.2397558300,0.2561816495,9.8357418048e-01,True
2,4,2,1.0605783517,0.3468357756,7.1374257613e-01,True
2,4,2,1.1152616717,0.2015097474,9.1375192428e-01,True
2,4,2,1.1851484336,0.2727834045,9.1236502909e-01,True
2,4,2,1.1499706541,0.2642262551,8.8574439899e-01,True
2,4,2,1.0693797167,0.2912664030,7.7811331371e-01,True
2,4,2,1.0797528989,0.3698864807,7.0986641821e-01,True
2,4,2,1.0509161946,0.2990627087,7.5185348595e-01,True
2,4,2,1.1718323662,0.2211900694,9.5064229673e-01,True
2,4,2,1.1259506918,0.3099700476,8.1598064418e-01,True
2,4,2,1.1084717638,0.2060394155,9.0243234832e-01,True
4,2,4,1.1480940502,0.6183821525,5.2971189770e-01,True
4,2,4,1.1511742814,0.6329213860,5.1825289541e-01,True
4,2,4,1.1259853387,0.5654708041,5.6051453464e-01,True
4,2,4,1.1198845660,0.5876644662,5.3222009980e-01,True
4,2,4,1.1273900731,0.6070846027,5.2030547038e-01,True
4,2,4,1.1542002729,0.5752524778,5.7894779507e-01,True
4,2,4,1.1581405985,0.6290845979,5.2905600060e-01,True
4,2,4,1.1174317455,0.6120740681,5.0535767747e-01,True
4,2,4,1.1588863189,0.6112346635,5.4765165545e-01,True
4,2,4,1.1515669120,0.6195379969,5.3202891514e-01,True
4,2,4,1.1151663153,0.5735031309,5.4166318439e-01,True
4,2,4,1.1309910147,0.6323926340,4.9859838068e-01,True
4,2,4,1.1032728219,0.5414491298,5.6182369204e-01,True
4,2,4,1.1269330900,0.5796214672,5.4731162273e-01,True
4,2,4,1.1013526819,0.5620611137,5.3929156816e-01,True
4,2,4,1.1313459880,0.6309292967,5.0041669134e-01,True
4,2,4,1.1509009740,0.6025861600,5.4831481408e-01,True
4,2,4,1.1579036146,0.6090654529,5.4883816170e-01,True
4,2,4,1.1372623357,0.5765359499,5.6072638573e-01,True
4,2,4,1.1653023386,0.6149628860,5.5033945256e-01,True
4,2,4,1.1342115587,0.6060918895,5.2811966917e-01,True
4,2,4,1.1431896008,0.5810434748,5.6214612594e-01,True
4,2,4,1.1338297491,0.5895299289,5.4429982022e-01,True
4,2,4,1.1360796743,0.6216361866,5.1444348770e-01,True
4,2,4,1.1273154167,0.5931554555,5.3415996114e-01,True
4,2,4,1.1536447693,0.6242350265,5.2940974285e-01,True
4,2,4,1.1741437898,0.6127210931,5.6142269677e-01,True
4,2,4,1.1018064518,0.5964430765,5.0536337528e-01,True
4,2,4,1.1266534101,0.5743987218,5.5225468826e-01,True
4,2,4,1.1547412639,0.6080082934,5.4673297056e-01,True
4,2,4,1.1970249595,0.6396716438,5.5735331567e-01,True
4,2,4,1.1462635735,0.5667134644,5.7955010905e-01,True
4,2,4,1.1198976400,0.6016057890,5.1829185095e-01,True
4,2,4,1.1566097936,0.6278918989,5.2871789472e-01,True
4,2,4,1.1421781183,0.6033716041,5.3880651416e-01,True
4,2,4,1.1203586715,0.6114334057,5.0892526581e-01,True
4,2,4,1.1809612832,0.6227888182,5.5817246497e-01,True
4,2,4,1.1258727290,0.5810357426,5.4483698637e-01,True
4,2,4,1.1307339643,0.6148534472,5.1588051711e-01,True
4,2,4,1.1486063304,0.5621383808,5.8646794959e-01,True
4,2,4,1.1651944648,0.5891892599,5.7600520489e-01,True
4,2,4,1.1573095843,0.6225526181,5.3475696624e-01,True
4,2,4,1.1320283961,0.5741681605,5.5786023555e-01,True
4,2,4,1.1833622413,0.6544783246,5.2888391663e-01,True
4,2,4,1.1123639690,0.5883531299,5.2401083917e-01,True
4,2,4,1.1084226657,0.5747220582,5.3370060754e-01,True
4,2,4,1.1233207843,0.6099583493,5.1336243497e-01,True
4,2,4,1.1722904536,0.6425685823,5.2972187126e-01,True
4,2,4,1.1178928823,0.6137853599,5.0410752248e-01,True
4,2,4,1.1561351872,0.6143036677,5.4183151952e-01,True
3,3,3,1.1260465301,0.4025750615,7.2347146863e-01,True
3,3,3,1.0840529084,0.3446668506,7.3938605786e-01,True
3,3,3,1.1436320310,0.3820589132,7.6157311782e-01,True
3,3,3,1.1777672612,0.3547865265,8.2298073465e-01,True
3,3,3,1.1234288546,0.3842689958,7.3915985885e-01,True
3,3,3,1.1322624429,0.3741246150,7.5813782788e-01,True
3,3,3,1.0931124082,0.3945679279,6.9854448033e-01,True
3,3,3,1.0827834119,0.3666684049,7.1611500703e-01,True
3,3,3,1.0911038350,0.3741835873,7.1692024769e-01,True
3,3,3,1.1150152406,0.3939723743,7.2104286632e-01,True
3,3,3,1.1048879704,0.4150417750,6.8984619544e-01,True
3,3,3,1.1558196101,0.4034686331,7.5235097702e-01,True
3,3,3,1.0607410680,0.3527514145,7.0798965345e-01,True
3,3,3,1.1482368750,0.4026918068,7.4554506829e-01,True
3,3,3,1.1146305037,0.3865534369,7.2807706679e-01,True
3,3,3,1.1363997590,0.3284194470,8.0798031202e-01,True
3,3,3,1.1174874557,0.4371147596,6.8037269609e-01,True
3,3,3,1.1174937673,0.4009048181,7.1658894925e-01,True
3,3,3,1.0927524346,0.3450354819,7.4771695275e-01,True
3,3,3,1.2029550369,0.4006581227,8.0229691421e-01,True
3,3,3,1.1460771572,0.4130246688,7.3305248842e-01,True
3,3,3,1.0953548968,0.3706815928,7.2467330400e-01,True
3,3,3,1.1223610261,0.4625904051,6.5977062101e-01,True
3,3,3,1.1025175782,0.3853055469,7.1721203126e-01,True
3,3,3,1.1348955582,0.4028793762,7.3201618209e-01,True
3,3,3,1.1699675868,0.3747784891,7.9518909772e-01,True
3,3,3,1.1087039780,0.3658391307,7.4286484736e-01,True
3,3,3,1.1075685768,0.4362367616,6.7133181513e-01,True
3,3,3,1.1401253238,0.4195783141,7.2054700976e-01,True
3,3,3,1.1627506577,0.3798454288,7.8290522892e-01,True
3,3,3,1.1763351648,0.3733543922,8.0298077259e-01,True
3,3,3,1.1267394539,0.3483784376,7.7836101632e-01,True
3,3,3,1.1592150861,0.3817334256,7.7748166044e-01,True
3,3,3,1.1252634281,0.3778135853,7.4744984278e-01,True
3,3,3,1.1112447423,0.3915163864,7.1972835587e-01,True
3,3,3,1.1391459056,0.4176571319,7.2148877373e-01,True
3,3,3,1.1550222059,0.3657376913,7.8928451463e-01,True
3,3,3,1.1172538155,0.3923677782,7.2488603729e-01,True
3,3,3,1.1299607994,0.3765205345,7.5344026496e-01,True
3,3,3,1.0802358001,0.3767313745,7.0350442558e-01,True
3,3,3,1.0879842840,0.4031325763,6.8485170765e-01,True
3,3,3,1.1018093609,0.4296010395,6.7220832141e-01,True
3,3,3,1.1371670043,0.3729396154,7.6422738890e-01,True
3,3,3,1.1271547524,0.3982723063,7.2888244608e-01,True
3,3,3,1.1743390617,0.4621566154,7.1218244625e-01,True
3,3,3,1.1401419432,0.4316134901,7.0852845302e-01,True
3,3,3,1.1323258018,0.3928414389,7.3948436284e-01,True
3,3,3,1.0973481656,0.4043245967,6.9302356888e-01,True
3,3,3,1.1615725574,0.3829469101,7.7862564735e-01,True
3,3,3,1.1029108919,0.3890416222,7.1386926970e-01,True
