noise_param,dephase_log_neg,dephase_K_D_PLOB,dephase_gap_bits,depol_log_neg,depol_E_R,depol_gap_bits
0.0000,1.0000000000,1.0000000000,0.0000000000,1.0000000000,1.0000000000,0.0000000000
0.0010,0.9985565831,0.9885922423,0.0099643409,0.9989175728,0.9899440464,0.0089735264
0.0020,0.9971117207,0.9791859287,0.0179257920,0.9978343328,0.9813889049,0.0164454279
0.0030,0.9956654097,0.9705359482,0.0251294616,0.9967502788,0.9734007417,0.0233495371
0.0040,0.9942176474,0.9623776397,0.0318400077,0.9956654097,0.9657810607,0.0298843491
0.0050,0.9927684308,0.9545853077,0.0381831231,0.9945797242,0.9584355895,0.0361441347
0.0060,0.9913177569,0.9470849197,0.0442328372,0.9934932211,0.9513088035,0.0421844175
0.0070,0.9898656229,0.9398275580,0.0500380649,0.9924058990,0.9443640139,0.0480418851
0.0080,0.9884120257,0.9327784552,0.0556335705,0.9913177569,0.9375751447,0.0537426122
0.0090,0.9869569625,0.9259116163,0.0610453462,0.9902287934,0.9309226989,0.0593060945
0.0100,0.9855004303,0.9192068641,0.0662935662,0.9891390074,0.9243915434,0.0647474640
0.0110,0.9840424261,0.9126480801,0.0713943460,0.9880483975,0.9179695887,0.0700788088
0.0120,0.9825829469,0.9062220902,0.0763608568,0.9869569625,0.9116469538,0.0753100087
0.0130,0.9811219898,0.8999179246,0.0812040652,0.9858647012,0.9054154109,0.0804492904
0.0140,0.9796595517,0.8937263069,0.0859332448,0.9847716124,0.8992680021,0.0855036102
0.0150,0.9781956297,0.8876392899,0.0905563398,0.9836776947,0.8931987666,0.0904789281
0.0160,0.9767302207,0.8816499886,0.0950802321,0.9825829469,0.8872025401,0.0953804068
0.0170,0.9752633217,0.8757523807,0.0995109410,0.9814873678,0.8812748055,0.1002125623
0.0180,0.9737949297,0.8699411538,0.1038537758,0.9803909561,0.8754115778,0.1049793782
0.0190,0.9723250416,0.8642115871,0.1081134544,0.9792937104,0.8696093161,0.1096843944
0.0200,0.9708536543,0.8585594575,0.1122941969,0.9781956297,0.8638648524,0.1143307773
0.0210,0.9693807649,0.8529809648,0.1163998002,0.9770967125,0.8581753362,0.1189213763
0.0220,0.9679063703,0.8474726715,0.1204336988,0.9759969576,0.8525381888,0.1234587688
0.0230,0.9664304673,0.8420314530,0.1243990143,0.9748963638,0.8469510663,0.1279452974
0.0240,0.9649530529,0.8366544568,0.1282985961,0.9737949297,0.8414118288,0.1323831008
0.0250,0.9634741240,0.8313390685,0.1321350555,0.9726926540,0.8359185150,0.1367741390
0.0260,0.9619936774,0.8260828831,0.1359107943,0.9715895355,0.8304693205,0.1411202150
0.0270,0.9605117101,0.8208836808,0.1396280293,0.9704855729,0.8250625802,0.1454229927
0.0280,0.9590282189,0.8157394067,0.1432888123,0.9693807649,0.8196967523,0.1496840127
0.0290,0.9575432008,0.8106481525,0.1468950482,0.9682751102,0.8143704050,0.1539047052
0.0300,0.9560566524,0.8056081422,0.1504485102,0.9671686075,0.8090822059,0.1580864017
0.0310,0.9545685708,0.8006177179,0.1539508529,0.9660612555,0.8038309109,0.1622303446
0.0320,0.9530789526,0.7956753290,0.1574036236,0.9649530529,0.7986153568,0.1663376961
0.0330,0.9515877948,0.7907795221,0.1608082727,0.9638439984,0.7934344528,0.1704095456
0.0340,0.9500950942,0.7859289319,0.1641661623,0.9627340906,0.7882871745,0.1744469161
0.0350,0.9486008475,0.7811222735,0.1674785740,0.9616233283,0.7831725576,0.1784507706
0.0360,0.9471050516,0.7763583355,0.1707467161,0.9605117101,0.7780896933,0.1824220168
0.0370,0.9456077032,0.7716359742,0.1739717290,0.9593992348,0.7730377230,0.1863615118
0.0380,0.9441087991,0.7669541074,0.1771546917,0.9582859009,0.7680158348,0.1902700662
0.0390,0.9426083361,0.7623117104,0.1802966257,0.9571717072,0.7630232594,0.1941484479
0.0400,0.9411063109,0.7577078109,0.1833985000,0.9560566524,0.7580592671,0.1979973853
0.0410,0.9396027204,0.7531414853,0.1864612350,0.9549407351,0.7531231649,0.2018175702
0.0420,0.9380975611,0.7486118553,0.1894857058,0.9538239539,0.7482142932,0.2056096607
0.0430,0.9365908298,0.7441180844,0.1924727455,0.9527063076,0.7433320244,0.2093742833
0.0440,0.9350825233,0.7396593750,0.1954231483,0.9515877948,0.7384757596,0.2131120352
0.0450,0.9335726383,0.7352349661,0.1983376722,0.9504684142,0.7336449276,0.2168234866
0.0460,0.9320611713,0.7308441303,0.2012170410,0.9493481643,0.7288389823,0.2205091820
0.0470,0.9305481192,0.7264861723,0.2040619470,0.9482270439,0.7240574016,0.2241696423
0.0480,0.9290334786,0.7221604260,0.2068730526,0.9471050516,0.7192996855,0.2278053661
0.0490,0.9275172462,0.7178662535,0.2096509927,0.9459821860,0.7145653550,0.2314168310
0.0500,0.9259994186,0.7136030429,0.2123963757,0.9448584458,0.7098539505,0.2350044953
0.0510,0.9244799924,0.7093702067,0.2151097857,0.9437338296,0.7051650311,0.2385687985
0.0520,0.9229589642,0.7051671806,0.2177917836,0.9426083361,0.7004981729,0.2421101632
0.0530,0.9214363308,0.7009934223,0.2204429085,0.9414819639,0.6958529686,0.2456289953
0.0540,0.9199120887,0.6968484096,0.2230636790,0.9403547115,0.6912290260,0.2491256855
0.0550,0.9183862344,0.6927316401,0.2256545943,0.9392265777,0.6866259678,0.2526006099
0.0560,0.9168587647,0.6886426296,0.2282161351,0.9380975611,0.6820434303,0.2560541308
0.0570,0.9153296760,0.6845809111,0.2307487650,0.9369676602,0.6774810627,0.2594865975
0.0580,0.9137989650,0.6805460342,0.2332529308,0.9358368737,0.6729385266,0.2628983471
0.0590,0.9122666281,0.6765375641,0.2357290639,0.9347052002,0.6684154954,0.2662897048
0.0600,0.9107326619,0.6725550808,0.2381775811,0.9335726383,0.6639116535,0.2696609847
0.0610,0.9091970630,0.6685981784,0.2405988846,0.9324391866,0.6594266959,0.2730124906
0.0620,0.9076598279,0.6646664641,0.2429933637,0.9313048437,0.6549603276,0.2763445160
0.0630,0.9061209530,0.6607595582,0.2453613948,0.9301696082,0.6505122631,0.2796573451
0.0640,0.9045804349,0.6568770929,0.2477033421,0.9290334786,0.6460822260,0.2829512526
0.0650,0.9030382701,0.6530187119,0.2500195582,0.9278964537,0.6416699486,0.2862265051
0.0660,0.9014944550,0.6491840701,0.2523103849,0.9267585320,0.6372751715,0.2894833605
0.0670,0.8999489862,0.6453728328,0.2545761534,0.9256197120,0.6328976430,0.2927220690
0.0680,0.8984018600,0.6415846754,0.2568171846,0.9244799924,0.6285371191,0.2959428732
0.0690,0.8968530729,0.6378192827,0.2590337902,0.9233393716,0.6241933631,0.2991460086
0.0700,0.8953026213,0.6340763491,0.2612262722,0.9221978484,0.6198661448,0.3023317036
0.0710,0.8937505017,0.6303555774,0.2633949243,0.9210554212,0.6155552410,0.3055001802
0.0720,0.8921967105,0.6266566789,0.2655400315,0.9199120887,0.6112604346,0.3086516541
0.0730,0.8906412440,0.6229793732,0.2676618708,0.9187678493,0.6069815146,0.3117863347
0.0740,0.8890840986,0.6193233873,0.2697607113,0.9176227017,0.6027182758,0.3149044260
0.0750,0.8875252707,0.6156884559,0.2718368149,0.9164766444,0.5984705185,0.3180061259
0.0760,0.8859647568,0.6120743206,0.2738904361,0.9153296760,0.5942380485,0.3210916275
0.0770,0.8844025530,0.6084807301,0.2759218229,0.9141817950,0.5900206766,0.3241611184
0.0780,0.8828386558,0.6049074395,0.2779312163,0.9130330000,0.5858182186,0.3272147813
0.0790,0.8812730614,0.6013542102,0.2799188512,0.9118832894,0.5816304950,0.3302527944
0.0800,0.8797057663,0.5978208098,0.2818849565,0.9107326619,0.5774573308,0.3332753311
0.0810,0.8781367666,0.5943070117,0.2838297549,0.9095811160,0.5732985556,0.3362825604
0.0820,0.8765660588,0.5908125950,0.2857534638,0.9084286502,0.5691540030,0.3392746472
0.0830,0.8749936389,0.5873373441,0.2876562949,0.9072752630,0.5650235108,0.3422517522
0.0840,0.8734195034,0.5838810487,0.2895384547,0.9061209530,0.5609069207,0.3452140323
0.0850,0.8718436485,0.5804435038,0.2914001447,0.9049657187,0.5568040781,0.3481616405
0.0860,0.8702660704,0.5770245088,0.2932415616,0.9038095586,0.5527148324,0.3510947262
0.0870,0.8686867653,0.5736238681,0.2950628972,0.9026524712,0.5486390360,0.3540134352
0.0880,0.8671057295,0.5702413907,0.2968643388,0.9014944550,0.5445765451,0.3569179100
0.0890,0.8655229591,0.5668768898,0.2986460693,0.9003355086,0.5405272190,0.3598082897
0.0900,0.8639384504,0.5635301829,0.3004082675,0.8991756305,0.5364909202,0.3626847103
0.0910,0.8623521995,0.5602010917,0.3021511078,0.8980148191,0.5324675144,0.3655473046
0.0920,0.8607642026,0.5568894418,0.3038747609,0.8968530729,0.5284568702,0.3683962027
0.0930,0.8591744559,0.5535950624,0.3055793934,0.8956903905,0.5244588589,0.3712315315
0.0940,0.8575829554,0.5503177869,0.3072651685,0.8945267703,0.5204733549,0.3740534153
0.0950,0.8559896973,0.5470574518,0.3089322455,0.8933622108,0.5165002351,0.3768619757
0.0960,0.8543946778,0.5438138974,0.3105807803,0.8921967105,0.5125393789,0.3796573316
0.0970,0.8527978928,0.5405869673,0.3122109255,0.8910302678,0.5085906684,0.3824395994
0.0980,0.8511993386,0.5373765082,0.3138228304,0.8898628814,0.5046539882,0.3852088932
0.0990,0.8495990112,0.5341823703,0.3154166409,0.8886945495,0.5007292251,0.3879653244
0.1000,0.8479969066,0.5310044064,0.3169925001,0.8875252707,0.4968162683,0.3907090024
0.1010,0.8463930209,0.5278424728,0.3185505481,0.8863550435,0.4929150092,0.3934400343
0.1020,0.8447873501,0.5246964282,0.3200909219,0.8851838663,0.4890253414,0.3961585249
0.1030,0.8431798903,0.5215661345,0.3216137557,0.8840117376,0.4851471606,0.3988645770
0.1040,0.8415706374,0.5184514562,0.3231191812,0.8828386558,0.4812803644,0.4015582913
0.1050,0.8399595875,0.5153522603,0.3246073272,0.8816646193,0.4774248526,0.4042397667
0.1060,0.8383467365,0.5122684165,0.3260783201,0.8804896267,0.4735805269,0.4069090998
0.1070,0.8367320805,0.5091997969,0.3275322835,0.8793136763,0.4697472906,0.4095663857
0.1080,0.8351156153,0.5061462763,0.3289693390,0.8781367666,0.4659250491,0.4122117175
0.1090,0.8334973369,0.5031077315,0.3303896053,0.8769588961,0.4621137096,0.4148451865
0.1100,0.8318772412,0.5000840418,0.3317931994,0.8757800631,0.4583131807,0.4174668823
0.1110,0.8302553242,0.4970750888,0.3331802354,0.8746002660,0.4545233731,0.4200768930
0.1120,0.8286315817,0.4940807559,0.3345508258,0.8734195034,0.4507441987,0.4226753047
0.1130,0.8270060096,0.4911009291,0.3359050805,0.8722377736,0.4469755713,0.4252622024
0.1140,0.8253786039,0.4881354962,0.3372431077,0.8710550751,0.4432174060,0.4278376690
0.1150,0.8237493603,0.4851843470,0.3385650133,0.8698714062,0.4394696197,0.4304017864
0.1160,0.8221182747,0.4822473733,0.3398709015,0.8686867653,0.4357321305,0.4329546348
0.1170,0.8204853430,0.4793244687,0.3411608742,0.8675011509,0.4320048581,0.4354962928
0.1180,0.8188505609,0.4764155289,0.3424350320,0.8663145614,0.4282877234,0.4380268380
0.1190,0.8172139243,0.4735204512,0.3436934730,0.8651269951,0.4245806487,0.4405463463
0.1200,0.8155754289,0.4706391347,0.3449362941,0.8639384504,0.4208835579,0.4430548926
0.1210,0.8139350705,0.4677714802,0.3461635903,0.8627489258,0.4171963757,0.4455525501
0.1220,0.8122928449,0.4649173903,0.3473754546,0.8615584196,0.4135190285,0.4480393911
0.1230,0.8106487478,0.4620767689,0.3485719788,0.8603669301,0.4098514437,0.4505154864
0.1240,0.8090027749,0.4592495220,0.3497532529,0.8591744559,0.4061935499,0.4529809060
0.1250,0.8073549221,0.4564355568,0.3509193653,0.8579809951,0.4025452768,0.4554357183
0.1260,0.8057051848,0.4536347820,0.3520704028,0.8567865463,0.3989065555,0.4578799908
0.1270,0.8040535590,0.4508471080,0.3532064509,0.8555911077,0.3952773180,0.4603137897
0.1280,0.8024000401,0.4480724465,0.3543275936,0.8543946778,0.3916574974,0.4627371804
0.1290,0.8007446239,0.4453107107,0.3554339133,0.8531972548,0.3880470278,0.4651502270
0.1300,0.7990873061,0.4425618150,0.3565254911,0.8519988371,0.3844458445,0.4675529926
0.1310,0.7974280822,0.4398256753,0.3576024069,0.8507994231,0.3808538837,0.4699455394
0.1320,0.7957669478,0.4371022089,0.3586647389,0.8495990112,0.3772710827,0.4723279285
0.1330,0.7941038986,0.4343913341,0.3597125644,0.8483975995,0.3736973795,0.4747002200
0.1340,0.7924389301,0.4316929708,0.3607459593,0.8471951866,0.3701327134,0.4770624732
0.1350,0.7907720379,0.4290070399,0.3617649979,0.8459917707,0.3665770243,0.4794147464
0.1360,0.7891032175,0.4263334636,0.3627697539,0.8447873501,0.3630302531,0.4817570969
0.1370,0.7874324645,0.4236721652,0.3637602993,0.8435819232,0.3594923418,0.4840895813
0.1380,0.7857597744,0.4210230693,0.3647367051,0.8423754882,0.3559632330,0.4864122552
0.1390,0.7840851427,0.4183861014,0.3656990413,0.8411680435,0.3524428702,0.4887251734
0.1400,0.7824085649,0.4157611884,0.3666473766,0.8399595875,0.3489311977,0.4910283898
0.1410,0.7807300365,0.4131482579,0.3675817786,0.8387501183,0.3454281607,0.4933219576
0.1420,0.7790495528,0.4105472389,0.3685023140,0.8375396344,0.3419337052,0.4956059292
0.1430,0.7773671095,0.4079580613,0.3694090482,0.8363281339,0.3384477779,0.4978803560
0.1440,0.7756827017,0.4053806559,0.3703020458,0.8351156153,0.3349703262,0.5001452890
0.1450,0.7739963251,0.4028149547,0.3711813704,0.8339020767,0.3315012984,0.5024007783
0.1460,0.7723079750,0.4002608907,0.3720470843,0.8326875164,0.3280406434,0.5046468730
0.1470,0.7706176467,0.3977183974,0.3728992492,0.8314719328,0.3245883109,0.5068836220
0.1480,0.7689253356,0.3951874099,0.3737379257,0.8302553242,0.3211442512,0.5091110730
0.1490,0.7672310370,0.3926678636,0.3745631734,0.8290376887,0.3177084153,0.5113292734
0.1500,0.7655347464,0.3901596953,0.3753750511,0.8278190246,0.3142807550,0.5135382696
0.1510,0.7638364589,0.3876628423,0.3761736166,0.8265993303,0.3108612226,0.5157381077
0.1520,0.7621361699,0.3851772429,0.3769589271,0.8253786039,0.3074497711,0.5179288328
0.1530,0.7604338747,0.3827028362,0.3777310384,0.8241568437,0.3040463542,0.5201104895
0.1540,0.7587295685,0.3802395623,0.3784900061,0.8229340480,0.3006509261,0.5222831220
0.1550,0.7570232465,0.3777873620,0.3792358845,0.8217102150,0.2972634416,0.5244467735
0.1560,0.7553149040,0.3753461767,0.3799687273,0.8204853430,0.2938838562,0.5266014868
0.1570,0.7536045363,0.3729159490,0.3806885873,0.8192594301,0.2905121259,0.5287473042
0.1580,0.7518921384,0.3704966218,0.3813955166,0.8180324747,0.2871482073,0.5308842673
0.1590,0.7501777056,0.3680881390,0.3820895666,0.8168044748,0.2837920577,0.5330124172
0.1600,0.7484612330,0.3656904454,0.3827707876,0.8155754289,0.2804436346,0.5351317942
0.1610,0.7467427158,0.3633034861,0.3834392297,0.8143453350,0.2771028964,0.5372424385
0.1620,0.7450221490,0.3609272072,0.3840949418,0.8131141913,0.2737698019,0.5393443895
0.1630,0.7432995279,0.3585615556,0.3847379723,0.8118819962,0.2704443102,0.5414376860
0.1640,0.7415748474,0.3562064785,0.3853683689,0.8106487478,0.2671263814,0.5435223664
0.1650,0.7398481027,0.3538619241,0.3859861786,0.8094144442,0.2638159755,0.5455984687
0.1660,0.7381192888,0.3515278412,0.3865914476,0.8081790838,0.2605130536,0.5476660302
0.1670,0.7363884007,0.3492041791,0.3871842216,0.8069426646,0.2572175768,0.5497250878
0.1680,0.7346554335,0.3468908879,0.3877645456,0.8057051848,0.2539295070,0.5517756779
0.1690,0.7329203821,0.3445879182,0.3883324640,0.8044666427,0.2506488062,0.5538178365
0.1700,0.7311832416,0.3422952213,0.3888880203,0.8032270364,0.2473754374,0.5558515991
0.1710,0.7294440068,0.3400127490,0.3894312578,0.8019863641,0.2441093634,0.5578770007
0.1720,0.7277026728,0.3377404540,0.3899622189,0.8007446239,0.2408505481,0.5598940759
0.1730,0.7259592345,0.3354782891,0.3904809454,0.7995018141,0.2375989553,0.5619028588
0.1740,0.7242136868,0.3332262080,0.3909874787,0.7982579326,0.2343545495,0.5639033832
0.1750,0.7224660245,0.3309841649,0.3914818595,0.7970129778,0.2311172956,0.5658956823
0.1760,0.7207162425,0.3287521146,0.3919641279,0.7957669478,0.2278871588,0.5678797890
0.1770,0.7189643358,0.3265300123,0.3924343234,0.7945198406,0.2246641048,0.5698557359
0.1780,0.7172102990,0.3243178138,0.3928924852,0.7932716545,0.2214480997,0.5718235548
0.1790,0.7154541271,0.3221154755,0.3933386516,0.7920223875,0.2182391099,0.5737832776
0.1800,0.7136958148,0.3199229543,0.3937728606,0.7907720379,0.2150371023,0.5757349355
0.1810,0.7119353570,0.3177402074,0.3941951496,0.7895206036,0.2118420442,0.5776785594
0.1820,0.7101727483,0.3155671928,0.3946055555,0.7882680829,0.2086539031,0.5796141798
0.1830,0.7084079835,0.3134038688,0.3950041147,0.7870144738,0.2054726470,0.5815418268
0.1840,0.7066410573,0.3112501943,0.3953908630,0.7857597744,0.2022982442,0.5834615302
0.1850,0.7048719645,0.3091061286,0.3957658359,0.7845039829,0.1991306634,0.5853733195
0.1860,0.7031006996,0.3069716314,0.3961290682,0.7832470974,0.1959698737,0.5872772236
0.1870,0.7013272574,0.3048466630,0.3964805944,0.7819891159,0.1928158444,0.5891732714
0.1880,0.6995516325,0.3027311842,0.3968204483,0.7807300365,0.1896685453,0.5910614912
0.1890,0.6977738196,0.3006251560,0.3971486635,0.7794698573,0.1865279463,0.5929419110
0.1900,0.6959938131,0.2985285401,0.3974652730,0.7782085764,0.1833940179,0.5948145585
0.1910,0.6942116078,0.2964412985,0.3977703093,0.7769461919,0.1802667307,0.5966794611
0.1920,0.6924271981,0.2943633935,0.3980638045,0.7756827017,0.1771460558,0.5985366459
0.1930,0.6906405786,0.2922947882,0.3983457904,0.7744181041,0.1740319645,0.6003861396
0.1940,0.6888517439,0.2902354457,0.3986162982,0.7731523970,0.1709244284,0.6022279686
0.1950,0.6870606883,0.2881853298,0.3988753586,0.7718855785,0.1678234194,0.6040621591
0.1960,0.6852674065,0.2861444045,0.3991230020,0.7706176467,0.1647289098,0.6058887368
0.1970,0.6834718929,0.2841126343,0.3993592585,0.7693485995,0.1616408722,0.6077077273
0.1980,0.6816741418,0.2820899841,0.3995841577,0.7680784350,0.1585592792,0.6095191558
0.1990,0.6798741477,0.2800764192,0.3997977286,0.7668071513,0.1554841041,0.6113230472
0.2000,0.6780719051,0.2780719051,0.4000000000,0.7655347464,0.1524153202,0.6131194262
0.2010,0.6762674083,0.2760764079,0.4001910004,0.7642612182,0.1493529011,0.6149083171
0.2020,0.6744606516,0.2740898940,0.4003707576,0.7629865649,0.1462968208,0.6166897441
0.2030,0.6726516293,0.2721123300,0.4005392994,0.7617107844,0.1432470535,0.6184637309
0.2040,0.6708403359,0.2701436831,0.4006966528,0.7604338747,0.1402035736,0.6202303011
0.2050,0.6690267655,0.2681839206,0.4008428449,0.7591558338,0.1371663559,0.6219894779
0.2060,0.6672109125,0.2662330105,0.4009779020,0.7578766597,0.1341353753,0.6237412845
0.2070,0.6653927710,0.2642909207,0.4011018503,0.7565963505,0.1311106070,0.6254857435
0.2080,0.6635723354,0.2623576198,0.4012147156,0.7553149040,0.1280920266,0.6272228774
0.2090,0.6617495998,0.2604330766,0.4013165232,0.7540323184,0.1250796098,0.6289527086
0.2100,0.6599245584,0.2585172601,0.4014072983,0.7527485914,0.1220733325,0.6306752589
0.2110,0.6580972054,0.2566101398,0.4014870656,0.7514637212,0.1190731709,0.6323905503
0.2120,0.6562675348,0.2547116854,0.4015558494,0.7501777056,0.1160791014,0.6340986042
0.2130,0.6544355408,0.2528218671,0.4016136737,0.7488905426,0.1130911008,0.6357994418
0.2140,0.6526012176,0.2509406552,0.4016605624,0.7476022303,0.1101091459,0.6374930843
0.2150,0.6507645591,0.2490680204,0.4016965388,0.7463127664,0.1071332139,0.6391795525
0.2160,0.6489255595,0.2472039336,0.4017216259,0.7450221490,0.1041632821,0.6408588669
0.2170,0.6470842126,0.2453483662,0.4017358465,0.7437303760,0.1011993281,0.6425310479
0.2180,0.6452405126,0.2435012896,0.4017392230,0.7424374454,0.0982413296,0.6441961158
0.2190,0.6433944535,0.2416626759,0.4017317776,0.7411433550,0.0952892647,0.6458540903
0.2200,0.6415460291,0.2398324970,0.4017135320,0.7398481027,0.0923431115,0.6475049912
0.2210,0.6396952334,0.2380107255,0.4016845079,0.7385516865,0.0894028485,0.6491488380
0.2220,0.6378420603,0.2361973341,0.4016447263,0.7372541043,0.0864684543,0.6507856500
0.2230,0.6359865037,0.2343922956,0.4015942081,0.7359553540,0.0835399077,0.6524154463
0.2240,0.6341285575,0.2325955834,0.4015329741,0.7346554335,0.0806171877,0.6540382457
0.2250,0.6322682155,0.2308071710,0.4014610445,0.7333543406,0.0777002736,0.6556540670
0.2260,0.6304054715,0.2290270321,0.4013784394,0.7320520733,0.0747891448,0.6572629285
0.2270,0.6285403193,0.2272551408,0.4012851785,0.7307486294,0.0718837808,0.6588648487
0.2280,0.6266727526,0.2254914713,0.4011812813,0.7294440068,0.0689841614,0.6604598454
0.2290,0.6248027653,0.2237359983,0.4010667670,0.7281382034,0.0660902667,0.6620479367
0.2300,0.6229303509,0.2219886965,0.4009416545,0.7268312170,0.0632020768,0.6636291403
0.2310,0.6210555033,0.2202495408,0.4008059625,0.7255230455,0.0603195720,0.6652034735
0.2320,0.6191782161,0.2185185068,0.4006597093,0.7242136868,0.0574427329,0.6667709539
0.2330,0.6172984828,0.2167955697,0.4005029131,0.7229031386,0.0545715401,0.6683315984
0.2340,0.6154162973,0.2150807055,0.4003355918,0.7215913988,0.0517059746,0.6698854242
0.2350,0.6135316529,0.2133738900,0.4001577629,0.7202784652,0.0488460174,0.6714324478
0.2360,0.6116445434,0.2116750996,0.3999694438,0.7189643358,0.0459916497,0.6729726861
0.2370,0.6097549622,0.2099843107,0.3997706515,0.7176490082,0.0431428529,0.6745061553
0.2380,0.6078629028,0.2083014999,0.3995614030,0.7163324803,0.0402996085,0.6760328718
0.2390,0.6059683588,0.2066266442,0.3993417147,0.7150147499,0.0374618983,0.6775528516
0.2400,0.6040713237,0.2049597206,0.3991116031,0.7136958148,0.0346297041,0.6790661107
0.2410,0.6021717908,0.2033007066,0.3988710841,0.7123756729,0.0318030081,0.6805726648
0.2420,0.6002697535,0.2016495797,0.3986201738,0.7110543218,0.0289817923,0.6820725295
0.2430,0.5983652053,0.2000063176,0.3983588877,0.7097317594,0.0261660392,0.6835657203
0.2440,0.5964581396,0.1983708984,0.3980872411,0.7084079835,0.0233557312,0.6850522523
0.2450,0.5945485496,0.1967433002,0.3978052493,0.7070829918,0.0205508510,0.6865321408
0.2460,0.5926364286,0.1951235015,0.3975129272,0.7057567820,0.0177513815,0.6880054006
0.2470,0.5907217700,0.1935114807,0.3972102893,0.7044293521,0.0149573055,0.6894720466
0.2480,0.5888045670,0.1919072168,0.3968973502,0.7031006996,0.0121686063,0.6909320933
0.2490,0.5868848129,0.1903106887,0.3965741242,0.7017708224,0.0093852670,0.6923855554
0.2500,0.5849625007,0.1887218755,0.3962406252,0.7004397181,0.0066072710,0.6938324472
0.2510,0.5830376238,0.1871407568,0.3958968670,0.6991073846,0.0038346019,0.6952727827
0.2520,0.5811101752,0.1855673121,0.3955428632,0.6977738196,0.0010672434,0.6967065762
0.2530,0.5791801481,0.1840015210,0.3951786271,0.6964390207,0.0000000000,0.6964390207
0.2540,0.5772475356,0.1824433637,0.3948041719,0.6951029856,0.0000000000,0.6951029856
0.2550,0.5753123307,0.1808928202,0.3944195105,0.6937657122,0.0000000000,0.6937657122
0.2560,0.5733745264,0.1793498708,0.3940246556,0.6924271981,0.0000000000,0.6924271981
0.2570,0.5714341159,0.1778144961,0.3936196198,0.6910874410,0.0000000000,0.6910874410
0.2580,0.5694910920,0.1762866767,0.3932044153,0.6897464385,0.0000000000,0.6897464385
0.2590,0.5675454476,0.1747663935,0.3927790542,0.6884041884,0.0000000000,0.6884041884
0.2600,0.5655971759,0.1732536275,0.3923435483,0.6870606883,0.0000000000,0.6870606883
0.2610,0.5636462695,0.1717483600,0.3918979095,0.6857159360,0.0000000000,0.6857159360
0.2620,0.5616927214,0.1702505722,0.3914421492,0.6843699290,0.0000000000,0.6843699290
0.2630,0.5597365244,0.1687602458,0.3909762786,0.6830226651,0.0000000000,0.6830226651
0.2640,0.5577776714,0.1672773625,0.3905003089,0.6816741418,0.0000000000,0.6816741418
0.2650,0.5558161551,0.1658019041,0.3900142509,0.6803243568,0.0000000000,0.6803243568
0.2660,0.5538519682,0.1643338528,0.3895181154,0.6789733079,0.0000000000,0.6789733079
0.2670,0.5518851035,0.1628731906,0.3890119129,0.6776209925,0.0000000000,0.6776209925
0.2680,0.5499155536,0.1614199000,0.3884956536,0.6762674083,0.0000000000,0.6762674083
0.2690,0.5479433113,0.1599739635,0.3879693478,0.6749125529,0.0000000000,0.6749125529
0.2700,0.5459683691,0.1585353638,0.3874330053,0.6735564240,0.0000000000,0.6735564240
0.2710,0.5439907197,0.1571040837,0.3868866360,0.6721990191,0.0000000000,0.6721990191
0.2720,0.5420103555,0.1556801062,0.3863302493,0.6708403359,0.0000000000,0.6708403359
0.2730,0.5400272693,0.1542634145,0.3857638547,0.6694803719,0.0000000000,0.6694803719
0.2740,0.5380414533,0.1528539919,0.3851874615,0.6681191247,0.0000000000,0.6681191247
0.2750,0.5360529002,0.1514518217,0.3846010785,0.6667565919,0.0000000000,0.6667565919
0.2760,0.5340616024,0.1500568877,0.3840047148,0.6653927710,0.0000000000,0.6653927710
0.2770,0.5320675523,0.1486691734,0.3833983788,0.6640276597,0.0000000000,0.6640276597
0.2780,0.5300707422,0.1472886630,0.3827820793,0.6626612555,0.0000000000,0.6626612555
0.2790,0.5280711646,0.1459153402,0.3821558243,0.6612935559,0.0000000000,0.6612935559
0.2800,0.5260688117,0.1445491894,0.3815196222,0.6599245584,0.0000000000,0.6599245584
0.2810,0.5240636758,0.1431901949,0.3808734809,0.6585542607,0.0000000000,0.6585542607
0.2820,0.5220557492,0.1418383410,0.3802174082,0.6571826601,0.0000000000,0.6571826601
0.2830,0.5200450240,0.1404936124,0.3795514116,0.6558097544,0.0000000000,0.6558097544
0.2840,0.5180314926,0.1391559938,0.3788754988,0.6544355408,0.0000000000,0.6544355408
0.2850,0.5160151470,0.1378254701,0.3781896769,0.6530600171,0.0000000000,0.6530600171
0.2860,0.5139959794,0.1365020262,0.3774939532,0.6516831806,0.0000000000,0.6516831806
0.2870,0.5119739818,0.1351856473,0.3767883345,0.6503050289,0.0000000000,0.6503050289
0.2880,0.5099491463,0.1338763186,0.3760728277,0.6489255595,0.0000000000,0.6489255595
0.2890,0.5079214650,0.1325740256,0.3753474394,0.6475447697,0.0000000000,0.6475447697
0.2900,0.5058909297,0.1312787537,0.3746121761,0.6461626572,0.0000000000,0.6461626572
0.2910,0.5038575326,0.1299904885,0.3738670440,0.6447792193,0.0000000000,0.6447792193
0.2920,0.5018212654,0.1287092160,0.3731120494,0.6433944535,0.0000000000,0.6433944535
0.2930,0.4997821201,0.1274349219,0.3723471983,0.6420083573,0.0000000000,0.6420083573
0.2940,0.4977400886,0.1261675922,0.3715724964,0.6406209280,0.0000000000,0.6406209280
0.2950,0.4956951626,0.1249072132,0.3707879494,0.6392321632,0.0000000000,0.6392321632
0.2960,0.4936473340,0.1236537711,0.3699935629,0.6378420603,0.0000000000,0.6378420603
0.2970,0.4915965944,0.1224072522,0.3691893422,0.6364506167,0.0000000000,0.6364506167
0.2980,0.4895429356,0.1211676431,0.3683752926,0.6350578297,0.0000000000,0.6350578297
0.2990,0.4874863493,0.1199349304,0.3675514190,0.6336636969,0.0000000000,0.6336636969
0.3000,0.4854268272,0.1187091008,0.3667177264,0.6322682155,0.0000000000,0.6322682155
0.3010,0.4833643607,0.1174901412,0.3658742196,0.6308713830,0.0000000000,0.6308713830
0.3020,0.4812989415,0.1162780385,0.3650209030,0.6294731968,0.0000000000,0.6294731968
0.3030,0.4792305612,0.1150727799,0.3641577813,0.6280736542,0.0000000000,0.6280736542
0.3040,0.4771592112,0.1138743525,0.3632848587,0.6266727526,0.0000000000,0.6266727526
0.3050,0.4750848829,0.1126827437,0.3624021392,0.6252704894,0.0000000000,0.6252704894
0.3060,0.4730075679,0.1114979409,0.3615096270,0.6238668619,0.0000000000,0.6238668619
0.3070,0.4709272575,0.1103199316,0.3606073259,0.6224618674,0.0000000000,0.6224618674
0.3080,0.4688439430,0.1091487034,0.3596952396,0.6210555033,0.0000000000,0.6210555033
0.3090,0.4667576157,0.1079842441,0.3587733716,0.6196477669,0.0000000000,0.6196477669
0.3100,0.4646682670,0.1068265416,0.3578417254,0.6182386556,0.0000000000,0.6182386556
0.3110,0.4625758880,0.1056755838,0.3569003042,0.6168281666,0.0000000000,0.6168281666
0.3120,0.4604804700,0.1045313589,0.3559491112,0.6154162973,0.0000000000,0.6154162973
0.3130,0.4583820042,0.1033938548,0.3549881493,0.6140030449,0.0000000000,0.6140030449
0.3140,0.4562804815,0.1022630601,0.3540174214,0.6125884067,0.0000000000,0.6125884067
0.3150,0.4541758932,0.1011389630,0.3530369302,0.6111723800,0.0000000000,0.6111723800
0.3160,0.4520682302,0.1000215519,0.3520466783,0.6097549622,0.0000000000,0.6097549622
0.3170,0.4499574836,0.0989108156,0.3510466680,0.6083361503,0.0000000000,0.6083361503
0.3180,0.4478436444,0.0978067427,0.3500369016,0.6069159418,0.0000000000,0.6069159418
0.3190,0.4457267033,0.0967093220,0.3490173814,0.6054943339,0.0000000000,0.6054943339
0.3200,0.4436066515,0.0956185423,0.3479881092,0.6040713237,0.0000000000,0.6040713237
0.3210,0.4414834796,0.0945343926,0.3469490870,0.6026469085,0.0000000000,0.6026469085
0.3220,0.4393571785,0.0934568621,0.3459003164,0.6012210856,0.0000000000,0.6012210856
0.3230,0.4372277389,0.0923859399,0.3448417990,0.5997938521,0.0000000000,0.5997938521
0.3240,0.4350951516,0.0913216152,0.3437735364,0.5983652053,0.0000000000,0.5983652053
0.3250,0.4329594073,0.0902638775,0.3426955298,0.5969351424,0.0000000000,0.5969351424
0.3260,0.4308204965,0.0892127161,0.3416077804,0.5955036605,0.0000000000,0.5955036605
0.3270,0.4286784099,0.0881681207,0.3405102892,0.5940707569,0.0000000000,0.5940707569
0.3280,0.4265331381,0.0871300810,0.3394030572,0.5926364286,0.0000000000,0.5926364286
0.3290,0.4243846715,0.0860985865,0.3382860850,0.5912006729,0.0000000000,0.5912006729
0.3300,0.4222330007,0.0850736272,0.3371593735,0.5897634870,0.0000000000,0.5897634870
0.3310,0.4200781160,0.0840551930,0.3360229230,0.5883248679,0.0000000000,0.5883248679
0.3320,0.4179200078,0.0830432739,0.3348767339,0.5868848129,0.0000000000,0.5868848129
0.3330,0.4157586665,0.0820378600,0.3337208065,0.5854433189,0.0000000000,0.5854433189
0.3340,0.4135940824,0.0810389415,0.3325551409,0.5840003833,0.0000000000,0.5840003833
0.3350,0.4114262457,0.0800465086,0.3313797371,0.5825560030,0.0000000000,0.5825560030
0.3360,0.4092551467,0.0790605518,0.3301945949,0.5811101752,0.0000000000,0.5811101752
0.3370,0.4070807755,0.0780810615,0.3289997140,0.5796628970,0.0000000000,0.5796628970
0.3380,0.4049031221,0.0771080281,0.3277950940,0.5782141655,0.0000000000,0.5782141655
0.3390,0.4027221768,0.0761414424,0.3265807344,0.5767639777,0.0000000000,0.5767639777
0.3400,0.4005379296,0.0751812950,0.3253566346,0.5753123307,0.0000000000,0.5753123307
0.3410,0.3983503703,0.0742275768,0.3241227936,0.5738592216,0.0000000000,0.5738592216
0.3420,0.3961594891,0.0732802785,0.3228792105,0.5724046474,0.0000000000,0.5724046474
0.3430,0.3939652757,0.0723393913,0.3216258844,0.5709486052,0.0000000000,0.5709486052
0.3440,0.3917677200,0.0714049060,0.3203628140,0.5694910920,0.0000000000,0.5694910920
0.3450,0.3895668118,0.0704768138,0.3190899979,0.5680321048,0.0000000000,0.5680321048
0.3460,0.3873625408,0.0695551060,0.3178074349,0.5665716406,0.0000000000,0.5665716406
0.3470,0.3851548969,0.0686397737,0.3165151232,0.5651096965,0.0000000000,0.5651096965
0.3480,0.3829438696,0.0677308085,0.3152130611,0.5636462695,0.0000000000,0.5636462695
0.3490,0.3807294485,0.0668282016,0.3139012469,0.5621813565,0.0000000000,0.5621813565
0.3500,0.3785116233,0.0659319446,0.3125796786,0.5607149545,0.0000000000,0.5607149545
0.3510,0.3762903833,0.0650420292,0.3112483541,0.5592470605,0.0000000000,0.5592470605
0.3520,0.3740657182,0.0641584470,0.3099072713,0.5577776714,0.0000000000,0.5577776714
0.3530,0.3718376173,0.0632811897,0.3085564276,0.5563067842,0.0000000000,0.5563067842
0.3540,0.3696060700,0.0624102492,0.3071958208,0.5548343959,0.0000000000,0.5548343959
0.3550,0.3673710656,0.0615456174,0.3058254483,0.5533605033,0.0000000000,0.5533605033
0.3560,0.3651325935,0.0606872863,0.3044453072,0.5518851035,0.0000000000,0.5518851035
0.3570,0.3628906427,0.0598352479,0.3030553948,0.5504081932,0.0000000000,0.5504081932
0.3580,0.3606452025,0.0589894943,0.3016557081,0.5489297695,0.0000000000,0.5489297695
0.3590,0.3583962620,0.0581500179,0.3002462441,0.5474498291,0.0000000000,0.5474498291
0.3600,0.3561438102,0.0573168107,0.2988269995,0.5459683691,0.0000000000,0.5459683691
0.3610,0.3538878363,0.0564898653,0.2973979710,0.5444853862,0.0000000000,0.5444853862
0.3620,0.3516283291,0.0556691740,0.2959591551,0.5430008774,0.0000000000,0.5430008774
0.3630,0.3493652776,0.0548547294,0.2945105482,0.5415148395,0.0000000000,0.5415148395
0.3640,0.3470986706,0.0540465239,0.2930521467,0.5400272693,0.0000000000,0.5400272693
0.3650,0.3448284970,0.0532445503,0.2915839467,0.5385381636,0.0000000000,0.5385381636
0.3660,0.3425547455,0.0524488013,0.2901059442,0.5370475194,0.0000000000,0.5370475194
0.3670,0.3402774048,0.0516592695,0.2886181352,0.5355553334,0.0000000000,0.5355553334
0.3680,0.3379964635,0.0508759480,0.2871205155,0.5340616024,0.0000000000,0.5340616024
0.3690,0.3357119103,0.0500988296,0.2856130807,0.5325663233,0.0000000000,0.5325663233
0.3700,0.3334237337,0.0493279073,0.2840958264,0.5310694927,0.0000000000,0.5310694927
0.3710,0.3311319222,0.0485631742,0.2825687480,0.5295711076,0.0000000000,0.5295711076
0.3720,0.3288364642,0.0478046234,0.2810318409,0.5280711646,0.0000000000,0.5280711646
0.3730,0.3265373481,0.0470522481,0.2794851001,0.5265696605,0.0000000000,0.5265696605
0.3740,0.3242345623,0.0463060415,0.2779285208,0.5250665921,0.0000000000,0.5250665921
0.3750,0.3219280949,0.0455659971,0.2763620978,0.5235619561,0.0000000000,0.5235619561
0.3760,0.3196179342,0.0448321081,0.2747858261,0.5220557492,0.0000000000,0.5220557492
0.3770,0.3173040684,0.0441043682,0.2731997002,0.5205479681,0.0000000000,0.5205479681
0.3780,0.3149864855,0.0433827707,0.2716037148,0.5190386096,0.0000000000,0.5190386096
0.3790,0.3126651736,0.0426673094,0.2699978642,0.5175276703,0.0000000000,0.5175276703
0.3800,0.3103401206,0.0419579778,0.2683821428,0.5160151470,0.0000000000,0.5160151470
0.3810,0.3080113146,0.0412547697,0.2667565449,0.5145010363,0.0000000000,0.5145010363
0.3820,0.3056787432,0.0405576789,0.2651210643,0.5129853348,0.0000000000,0.5129853348
0.3830,0.3033423945,0.0398666993,0.2634756952,0.5114680393,0.0000000000,0.5114680393
0.3840,0.3010022560,0.0391818247,0.2618204313,0.5099491463,0.0000000000,0.5099491463
0.3850,0.2986583156,0.0385030492,0.2601552664,0.5084286525,0.0000000000,0.5084286525
0.3860,0.2963105607,0.0378303668,0.2584801939,0.5069065546,0.0000000000,0.5069065546
0.3870,0.2939589790,0.0371637716,0.2567952074,0.5053828491,0.0000000000,0.5053828491
0.3880,0.2916035580,0.0365032578,0.2551003002,0.5038575326,0.0000000000,0.5038575326
0.3890,0.2892442852,0.0358488197,0.2533954655,0.5023306017,0.0000000000,0.5023306017
0.3900,0.2868811478,0.0352004515,0.2516806963,0.5008020531,0.0000000000,0.5008020531
0.3910,0.2845141332,0.0345581476,0.2499559857,0.4992718832,0.0000000000,0.4992718832
0.3920,0.2821432288,0.0339219024,0.2482213264,0.4977400886,0.0000000000,0.4977400886
0.3930,0.2797684216,0.0332917104,0.2464767112,0.4962066659,0.0000000000,0.4962066659
0.3940,0.2773896988,0.0326675662,0.2447221326,0.4946716116,0.0000000000,0.4946716116
0.3950,0.2750070475,0.0320494643,0.2429575832,0.4931349223,0.0000000000,0.4931349223
0.3960,0.2726204547,0.0314373994,0.2411830552,0.4915965944,0.0000000000,0.4915965944
0.3970,0.2702299072,0.0308313663,0.2393985409,0.4900566245,0.0000000000,0.4900566245
0.3980,0.2678353921,0.0302313597,0.2376040324,0.4885150090,0.0000000000,0.4885150090
0.3990,0.2654368960,0.0296373745,0.2357995216,0.4869717444,0.0000000000,0.4869717444
0.4000,0.2630344058,0.0290494055,0.2339850003,0.4854268272,0.0000000000,0.4854268272
0.4010,0.2606279081,0.0284674478,0.2321604603,0.4838802538,0.0000000000,0.4838802538
0.4020,0.2582173895,0.0278914964,0.2303258932,0.4823320207,0.0000000000,0.4823320207
0.4030,0.2558028366,0.0273215462,0.2284812904,0.4807821244,0.0000000000,0.4807821244
0.4040,0.2533842358,0.0267575926,0.2266266432,0.4792305612,0.0000000000,0.4792305612
0.4050,0.2509615735,0.0261996306,0.2247619430,0.4776773276,0.0000000000,0.4776773276
0.4060,0.2485348361,0.0256476555,0.2228871807,0.4761224199,0.0000000000,0.4761224199
0.4070,0.2461040099,0.0251016626,0.2210023473,0.4745658345,0.0000000000,0.4745658345
0.4080,0.2436690810,0.0245616473,0.2191074337,0.4730075679,0.0000000000,0.4730075679
0.4090,0.2412300355,0.0240276050,0.2172024305,0.4714476164,0.0000000000,0.4714476164
0.4100,0.2387868596,0.0234995312,0.2152873283,0.4698859763,0.0000000000,0.4698859763
0.4110,0.2363395392,0.0229774215,0.2133621177,0.4683226439,0.0000000000,0.4683226439
0.4120,0.2338880602,0.0224612713,0.2114267889,0.4667576157,0.0000000000,0.4667576157
0.4130,0.2314324084,0.0219510764,0.2094813321,0.4651908879,0.0000000000,0.4651908879
0.4140,0.2289725698,0.0214468324,0.2075257373,0.4636224569,0.0000000000,0.4636224569
0.4150,0.2265085298,0.0209485352,0.2055599946,0.4620523188,0.0000000000,0.4620523188
0.4160,0.2240402742,0.0204561805,0.2035840937,0.4604804700,0.0000000000,0.4604804700
0.4170,0.2215677885,0.0199697641,0.2015980244,0.4589069069,0.0000000000,0.4589069069
0.4180,0.2190910582,0.0194892821,0.1996017761,0.4573316255,0.0000000000,0.4573316255
0.4190,0.2166100687,0.0190147304,0.1975953384,0.4557546222,0.0000000000,0.4557546222
0.4200,0.2141248054,0.0185461050,0.1955787004,0.4541758932,0.0000000000,0.4541758932
0.4210,0.2116352533,0.0180834019,0.1935518514,0.4525954347,0.0000000000,0.4525954347
0.4220,0.2091413978,0.0176266175,0.1915147804,0.4510132429,0.0000000000,0.4510132429
0.4230,0.2066432240,0.0171757477,0.1894674763,0.4494293141,0.0000000000,0.4494293141
0.4240,0.2041407168,0.0167307889,0.1874099279,0.4478436444,0.0000000000,0.4478436444
0.4250,0.2016338612,0.0162917374,0.1853421238,0.4462562299,0.0000000000,0.4462562299
0.4260,0.1991226420,0.0158585895,0.1832640525,0.4446670668,0.0000000000,0.4446670668
0.4270,0.1966070441,0.0154313416,0.1811757025,0.4430761514,0.0000000000,0.4430761514
0.4280,0.1940870521,0.0150099902,0.1790770620,0.4414834796,0.0000000000,0.4414834796
0.4290,0.1915626507,0.0145945317,0.1769681190,0.4398890476,0.0000000000,0.4398890476
0.4300,0.1890338244,0.0141849628,0.1748488616,0.4382928516,0.0000000000,0.4382928516
0.4310,0.1865005576,0.0137812801,0.1727192776,0.4366948876,0.0000000000,0.4366948876
0.4320,0.1839628348,0.0133834802,0.1705793547,0.4350951516,0.0000000000,0.4350951516
0.4330,0.1814206403,0.0129915598,0.1684290805,0.4334936398,0.0000000000,0.4334936398
0.4340,0.1788739582,0.0126055157,0.1662684425,0.4318903483,0.0000000000,0.4318903483
0.4350,0.1763227726,0.0122253447,0.1640974280,0.4302852730,0.0000000000,0.4302852730
0.4360,0.1737670677,0.0118510437,0.1619160240,0.4286784099,0.0000000000,0.4286784099
0.4370,0.1712068274,0.0114826096,0.1597242178,0.4270697552,0.0000000000,0.4270697552
0.4380,0.1686420356,0.0111200394,0.1575219962,0.4254593048,0.0000000000,0.4254593048
0.4390,0.1660726759,0.0107633301,0.1553093458,0.4238470546,0.0000000000,0.4238470546
0.4400,0.1634987323,0.0104124788,0.1530862535,0.4222330007,0.0000000000,0.4222330007
0.4410,0.1609201882,0.0100674825,0.1508527056,0.4206171390,0.0000000000,0.4206171390
0.4420,0.1583370272,0.0097283386,0.1486086886,0.4189994654,0.0000000000,0.4189994654
0.4430,0.1557492327,0.0093950441,0.1463541886,0.4173799760,0.0000000000,0.4173799760
0.4440,0.1531567881,0.0090675964,0.1440891916,0.4157586665,0.0000000000,0.4157586665
0.4450,0.1505596766,0.0087459928,0.1418136837,0.4141355330,0.0000000000,0.4141355330
0.4460,0.1479578814,0.0084302307,0.1395276507,0.4125105712,0.0000000000,0.4125105712
0.4470,0.1453513856,0.0081203074,0.1372310781,0.4108837772,0.0000000000,0.4108837772
0.4480,0.1427401721,0.0078162206,0.1349239516,0.4092551467,0.0000000000,0.4092551467
0.4490,0.1401242239,0.0075179676,0.1326062563,0.4076246756,0.0000000000,0.4076246756
0.4500,0.1375035237,0.0072255460,0.1302779777,0.4059923597,0.0000000000,0.4059923597
0.4510,0.1348780543,0.0069389535,0.1279391008,0.4043581948,0.0000000000,0.4043581948
0.4520,0.1322477983,0.0066581878,0.1255896105,0.4027221768,0.0000000000,0.4027221768
0.4530,0.1296127381,0.0063832465,0.1232294916,0.4010843015,0.0000000000,0.4010843015
0.4540,0.1269728563,0.0061141275,0.1208587287,0.3994445646,0.0000000000,0.3994445646
0.4550,0.1243281350,0.0058508285,0.1184773065,0.3978029619,0.0000000000,0.3978029619
0.4560,0.1216785566,0.0055933474,0.1160852092,0.3961594891,0.0000000000,0.3961594891
0.4570,0.1190241031,0.0053416822,0.1136824210,0.3945141420,0.0000000000,0.3945141420
0.4580,0.1163647567,0.0050958307,0.1112689260,0.3928669162,0.0000000000,0.3928669162
0.4590,0.1137004992,0.0048557910,0.1088447081,0.3912178076,0.0000000000,0.3912178076
0.4600,0.1110313124,0.0046215612,0.1064097512,0.3895668118,0.0000000000,0.3895668118
0.4610,0.1083571781,0.0043931393,0.1039640388,0.3879139244,0.0000000000,0.3879139244
0.4620,0.1056780779,0.0041705235,0.1015075544,0.3862591411,0.0000000000,0.3862591411
0.4630,0.1029939933,0.0039537121,0.0990402813,0.3846024577,0.0000000000,0.3846024577
0.4640,0.1003049058,0.0037427032,0.0965622026,0.3829438696,0.0000000000,0.3829438696
0.4650,0.0976107966,0.0035374951,0.0940733015,0.3812833725,0.0000000000,0.3812833725
0.4660,0.0949116470,0.0033380863,0.0915735608,0.3796209621,0.0000000000,0.3796209621
0.4670,0.0922074381,0.0031444750,0.0890629631,0.3779566338,0.0000000000,0.3779566338
0.4680,0.0894981508,0.0029566598,0.0865414910,0.3762903833,0.0000000000,0.3762903833
0.4690,0.0867837661,0.0027746391,0.0840091271,0.3746222062,0.0000000000,0.3746222062
0.4700,0.0840642648,0.0025984114,0.0814658534,0.3729520979,0.0000000000,0.3729520979
0.4710,0.0813396275,0.0024279754,0.0789116520,0.3712800540,0.0000000000,0.3712800540
0.4720,0.0786098347,0.0022633297,0.0763465050,0.3696060700,0.0000000000,0.3696060700
0.4730,0.0758748670,0.0021044728,0.0737703941,0.3679301414,0.0000000000,0.3679301414
0.4740,0.0731347046,0.0019514037,0.0711833009,0.3662522637,0.0000000000,0.3662522637
0.4750,0.0703893279,0.0018041210,0.0685852069,0.3645724323,0.0000000000,0.3645724323
0.4760,0.0676387169,0.0016626235,0.0659760934,0.3628906427,0.0000000000,0.3628906427
0.4770,0.0648828516,0.0015269101,0.0633559415,0.3612068902,0.0000000000,0.3612068902
0.4780,0.0621217119,0.0013969798,0.0607247321,0.3595211704,0.0000000000,0.3595211704
0.4790,0.0593552776,0.0012728314,0.0580824462,0.3578334786,0.0000000000,0.3578334786
0.4800,0.0565835284,0.0011544640,0.0554290644,0.3561438102,0.0000000000,0.3561438102
0.4810,0.0538064437,0.0010418766,0.0527645670,0.3544521606,0.0000000000,0.3544521606
0.4820,0.0510240030,0.0009350684,0.0500889346,0.3527585250,0.0000000000,0.3527585250
0.4830,0.0482361857,0.0008340385,0.0474021472,0.3510628989,0.0000000000,0.3510628989
0.4840,0.0454429708,0.0007387860,0.0447041848,0.3493652776,0.0000000000,0.3493652776
0.4850,0.0426443374,0.0006493102,0.0419950272,0.3476656563,0.0000000000,0.3476656563
0.4860,0.0398402645,0.0005656104,0.0392746542,0.3459640303,0.0000000000,0.3459640303
0.4870,0.0370307309,0.0004876859,0.0365430451,0.3442603950,0.0000000000,0.3442603950
0.4880,0.0342157153,0.0004155361,0.0338001793,0.3425547455,0.0000000000,0.3425547455
0.4890,0.0313951963,0.0003491604,0.0310460359,0.3408470771,0.0000000000,0.3408470771
0.4900,0.0285691522,0.0002885582,0.0282805939,0.3391373849,0.0000000000,0.3391373849
0.4910,0.0257375614,0.0002337292,0.0255038322,0.3374256643,0.0000000000,0.3374256643
0.4920,0.0229004021,0.0001846728,0.0227157293,0.3357119103,0.0000000000,0.3357119103
0.4930,0.0200576523,0.0001413887,0.0199162636,0.3339961182,0.0000000000,0.3339961182
0.4940,0.0172092900,0.0001038765,0.0171054135,0.3322782831,0.0000000000,0.3322782831
0.4950,0.0143552930,0.0000721360,0.0142831570,0.3305584000,0.0000000000,0.3305584000
0.4960,0.0114956388,0.0000461667,0.0114494721,0.3288364642,0.0000000000,0.3288364642
0.4970,0.0086303051,0.0000259687,0.0086043365,0.3271124707,0.0000000000,0.3271124707
0.4980,0.0057592693,0.0000115416,0.0057477277,0.3253864147,0.0000000000,0.3253864147
0.4990,0.0028825085,0.0000028854,0.0028796231,0.3236582910,0.0000000000,0.3236582910
0.5000,0.0000000000,0.0000000000,0.0000000000,0.3219280949,0.0000000000,0.3219280949
0.5010,0.0028825085,0.0000028854,0.0028796231,0.3201958213,0.0000000000,0.3201958213
0.5020,0.0057592693,0.0000115416,0.0057477277,0.3184614652,0.0000000000,0.3184614652
0.5030,0.0086303051,0.0000259687,0.0086043365,0.3167250216,0.0000000000,0.3167250216
0.5040,0.0114956388,0.0000461667,0.0114494721,0.3149864855,0.0000000000,0.3149864855
0.5050,0.0143552930,0.0000721360,0.0142831570,0.3132458518,0.0000000000,0.3132458518
0.5060,0.0172092900,0.0001038765,0.0171054135,0.3115031155,0.0000000000,0.3115031155
0.5070,0.0200576523,0.0001413887,0.0199162636,0.3097582714,0.0000000000,0.3097582714
0.5080,0.0229004021,0.0001846728,0.0227157293,0.3080113146,0.0000000000,0.3080113146
0.5090,0.0257375614,0.0002337292,0.0255038322,0.3062622397,0.0000000000,0.3062622397
0.5100,0.0285691522,0.0002885582,0.0282805939,0.3045110418,0.0000000000,0.3045110418
0.5110,0.0313951963,0.0003491604,0.0310460359,0.3027577156,0.0000000000,0.3027577156
0.5120,0.0342157153,0.0004155361,0.0338001793,0.3010022560,0.0000000000,0.3010022560
0.5130,0.0370307309,0.0004876859,0.0365430451,0.2992446578,0.0000000000,0.2992446578
0.5140,0.0398402645,0.0005656104,0.0392746542,0.2974849157,0.0000000000,0.2974849157
0.5150,0.0426443374,0.0006493102,0.0419950272,0.2957230245,0.0000000000,0.2957230245
0.5160,0.0454429708,0.0007387860,0.0447041848,0.2939589790,0.0000000000,0.2939589790
0.5170,0.0482361857,0.0008340385,0.0474021472,0.2921927739,0.0000000000,0.2921927739
0.5180,0.0510240030,0.0009350684,0.0500889346,0.2904244039,0.0000000000,0.2904244039
0.5190,0.0538064437,0.0010418766,0.0527645670,0.2886538636,0.0000000000,0.2886538636
0.5200,0.0565835284,0.0011544640,0.0554290644,0.2868811478,0.0000000000,0.2868811478
0.5210,0.0593552776,0.0012728314,0.0580824462,0.2851062511,0.0000000000,0.2851062511
0.5220,0.0621217119,0.0013969798,0.0607247321,0.2833291681,0.0000000000,0.2833291681
0.5230,0.0648828516,0.0015269101,0.0633559415,0.2815498934,0.0000000000,0.2815498934
0.5240,0.0676387169,0.0016626235,0.0659760934,0.2797684216,0.0000000000,0.2797684216
0.5250,0.0703893279,0.0018041210,0.0685852069,0.2779847473,0.0000000000,0.2779847473
0.5260,0.0731347046,0.0019514037,0.0711833009,0.2761988650,0.0000000000,0.2761988650
0.5270,0.0758748670,0.0021044728,0.0737703941,0.2744107693,0.0000000000,0.2744107693
0.5280,0.0786098347,0.0022633297,0.0763465050,0.2726204547,0.0000000000,0.2726204547
0.5290,0.0813396275,0.0024279754,0.0789116520,0.2708279156,0.0000000000,0.2708279156
0.5300,0.0840642648,0.0025984114,0.0814658534,0.2690331465,0.0000000000,0.2690331465
0.5310,0.0867837661,0.0027746391,0.0840091271,0.2672361418,0.0000000000,0.2672361418
0.5320,0.0894981508,0.0029566598,0.0865414910,0.2654368960,0.0000000000,0.2654368960
0.5330,0.0922074381,0.0031444750,0.0890629631,0.2636354036,0.0000000000,0.2636354036
0.5340,0.0949116470,0.0033380863,0.0915735608,0.2618316588,0.0000000000,0.2618316588
0.5350,0.0976107966,0.0035374951,0.0940733015,0.2600256560,0.0000000000,0.2600256560
0.5360,0.1003049058,0.0037427032,0.0965622026,0.2582173895,0.0000000000,0.2582173895
0.5370,0.1029939933,0.0039537121,0.0990402813,0.2564068538,0.0000000000,0.2564068538
0.5380,0.1056780779,0.0041705235,0.1015075544,0.2545940430,0.0000000000,0.2545940430
0.5390,0.1083571781,0.0043931393,0.1039640388,0.2527789515,0.0000000000,0.2527789515
0.5400,0.1110313124,0.0046215612,0.1064097512,0.2509615735,0.0000000000,0.2509615735
0.5410,0.1137004992,0.0048557910,0.1088447081,0.2491419033,0.0000000000,0.2491419033
0.5420,0.1163647567,0.0050958307,0.1112689260,0.2473199350,0.0000000000,0.2473199350
0.5430,0.1190241031,0.0053416822,0.1136824210,0.2454956628,0.0000000000,0.2454956628
0.5440,0.1216785566,0.0055933474,0.1160852092,0.2436690810,0.0000000000,0.2436690810
0.5450,0.1243281350,0.0058508285,0.1184773065,0.2418401836,0.0000000000,0.2418401836
0.5460,0.1269728563,0.0061141275,0.1208587287,0.2400089647,0.0000000000,0.2400089647
0.5470,0.1296127381,0.0063832465,0.1232294916,0.2381754186,0.0000000000,0.2381754186
0.5480,0.1322477983,0.0066581878,0.1255896105,0.2363395392,0.0000000000,0.2363395392
0.5490,0.1348780543,0.0069389535,0.1279391008,0.2345013206,0.0000000000,0.2345013206
0.5500,0.1375035237,0.0072255460,0.1302779777,0.2326607568,0.0000000000,0.2326607568
0.5510,0.1401242239,0.0075179676,0.1326062563,0.2308178419,0.0000000000,0.2308178419
0.5520,0.1427401721,0.0078162206,0.1349239516,0.2289725698,0.0000000000,0.2289725698
0.5530,0.1453513856,0.0081203074,0.1372310781,0.2271249344,0.0000000000,0.2271249344
0.5540,0.1479578814,0.0084302307,0.1395276507,0.2252749299,0.0000000000,0.2252749299
0.5550,0.1505596766,0.0087459928,0.1418136837,0.2234225499,0.0000000000,0.2234225499
0.5560,0.1531567881,0.0090675964,0.1440891916,0.2215677885,0.0000000000,0.2215677885
0.5570,0.1557492327,0.0093950441,0.1463541886,0.2197106395,0.0000000000,0.2197106395
0.5580,0.1583370272,0.0097283386,0.1486086886,0.2178510968,0.0000000000,0.2178510968
0.5590,0.1609201882,0.0100674825,0.1508527056,0.2159891541,0.0000000000,0.2159891541
0.5600,0.1634987323,0.0104124788,0.1530862535,0.2141248054,0.0000000000,0.2141248054
0.5610,0.1660726759,0.0107633301,0.1553093458,0.2122580442,0.0000000000,0.2122580442
0.5620,0.1686420356,0.0111200394,0.1575219962,0.2103888644,0.0000000000,0.2103888644
0.5630,0.1712068274,0.0114826096,0.1597242178,0.2085172598,0.0000000000,0.2085172598
0.5640,0.1737670677,0.0118510437,0.1619160240,0.2066432240,0.0000000000,0.2066432240
0.5650,0.1763227726,0.0122253447,0.1640974280,0.2047667507,0.0000000000,0.2047667507
0.5660,0.1788739582,0.0126055157,0.1662684425,0.2028878335,0.0000000000,0.2028878335
0.5670,0.1814206403,0.0129915598,0.1684290805,0.2010064661,0.0000000000,0.2010064661
0.5680,0.1839628348,0.0133834802,0.1705793547,0.1991226420,0.0000000000,0.1991226420
0.5690,0.1865005576,0.0137812801,0.1727192776,0.1972363549,0.0000000000,0.1972363549
0.5700,0.1890338244,0.0141849628,0.1748488616,0.1953475983,0.0000000000,0.1953475983
0.5710,0.1915626507,0.0145945317,0.1769681190,0.1934563657,0.0000000000,0.1934563657
0.5720,0.1940870521,0.0150099902,0.1790770620,0.1915626507,0.0000000000,0.1915626507
0.5730,0.1966070441,0.0154313416,0.1811757025,0.1896664467,0.0000000000,0.1896664467
0.5740,0.1991226420,0.0158585895,0.1832640525,0.1877677470,0.0000000000,0.1877677470
0.5750,0.2016338612,0.0162917374,0.1853421238,0.1858665453,0.0000000000,0.1858665453
0.5760,0.2041407168,0.0167307889,0.1874099279,0.1839628348,0.0000000000,0.1839628348
0.5770,0.2066432240,0.0171757477,0.1894674763,0.1820566090,0.0000000000,0.1820566090
0.5780,0.2091413978,0.0176266175,0.1915147804,0.1801478612,0.0000000000,0.1801478612
0.5790,0.2116352533,0.0180834019,0.1935518514,0.1782365846,0.0000000000,0.1782365846
0.5800,0.2141248054,0.0185461050,0.1955787004,0.1763227726,0.0000000000,0.1763227726
0.5810,0.2166100687,0.0190147304,0.1975953384,0.1744064185,0.0000000000,0.1744064185
0.5820,0.2190910582,0.0194892821,0.1996017761,0.1724875155,0.0000000000,0.1724875155
0.5830,0.2215677885,0.0199697641,0.2015980244,0.1705660568,0.0000000000,0.1705660568
0.5840,0.2240402742,0.0204561805,0.2035840937,0.1686420356,0.0000000000,0.1686420356
0.5850,0.2265085298,0.0209485352,0.2055599946,0.1667154450,0.0000000000,0.1667154450
0.5860,0.2289725698,0.0214468324,0.2075257373,0.1647862781,0.0000000000,0.1647862781
0.5870,0.2314324084,0.0219510764,0.2094813321,0.1628545282,0.0000000000,0.1628545282
0.5880,0.2338880602,0.0224612713,0.2114267889,0.1609201882,0.0000000000,0.1609201882
0.5890,0.2363395392,0.0229774215,0.2133621177,0.1589832512,0.0000000000,0.1589832512
0.5900,0.2387868596,0.0234995312,0.2152873283,0.1570437101,0.0000000000,0.1570437101
0.5910,0.2412300355,0.0240276050,0.2172024305,0.1551015581,0.0000000000,0.1551015581
0.5920,0.2436690810,0.0245616473,0.2191074337,0.1531567881,0.0000000000,0.1531567881
0.5930,0.2461040099,0.0251016626,0.2210023473,0.1512093929,0.0000000000,0.1512093929
0.5940,0.2485348361,0.0256476555,0.2228871807,0.1492593655,0.0000000000,0.1492593655
0.5950,0.2509615735,0.0261996306,0.2247619430,0.1473066988,0.0000000000,0.1473066988
0.5960,0.2533842358,0.0267575926,0.2266266432,0.1453513856,0.0000000000,0.1453513856
0.5970,0.2558028366,0.0273215462,0.2284812904,0.1433934187,0.0000000000,0.1433934187
0.5980,0.2582173895,0.0278914964,0.2303258932,0.1414327909,0.0000000000,0.1414327909
0.5990,0.2606279081,0.0284674478,0.2321604603,0.1394694950,0.0000000000,0.1394694950
0.6000,0.2630344058,0.0290494055,0.2339850003,0.1375035237,0.0000000000,0.1375035237
0.6010,0.2654368960,0.0296373745,0.2357995216,0.1355348698,0.0000000000,0.1355348698
0.6020,0.2678353921,0.0302313597,0.2376040324,0.1335635257,0.0000000000,0.1335635257
0.6030,0.2702299072,0.0308313663,0.2393985409,0.1315894843,0.0000000000,0.1315894843
0.6040,0.2726204547,0.0314373994,0.2411830552,0.1296127381,0.0000000000,0.1296127381
0.6050,0.2750070475,0.0320494643,0.2429575832,0.1276332797,0.0000000000,0.1276332797
0.6060,0.2773896988,0.0326675662,0.2447221326,0.1256511017,0.0000000000,0.1256511017
0.6070,0.2797684216,0.0332917104,0.2464767112,0.1236661965,0.0000000000,0.1236661965
0.6080,0.2821432288,0.0339219024,0.2482213264,0.1216785566,0.0000000000,0.1216785566
0.6090,0.2845141332,0.0345581476,0.2499559857,0.1196881745,0.0000000000,0.1196881745
0.6100,0.2868811478,0.0352004515,0.2516806963,0.1176950427,0.0000000000,0.1176950427
0.6110,0.2892442852,0.0358488197,0.2533954655,0.1156991534,0.0000000000,0.1156991534
0.6120,0.2916035580,0.0365032578,0.2551003002,0.1137004992,0.0000000000,0.1137004992
0.6130,0.2939589790,0.0371637716,0.2567952074,0.1116990722,0.0000000000,0.1116990722
0.6140,0.2963105607,0.0378303668,0.2584801939,0.1096948648,0.0000000000,0.1096948648
0.6150,0.2986583156,0.0385030492,0.2601552664,0.1076878693,0.0000000000,0.1076878693
0.6160,0.3010022560,0.0391818247,0.2618204313,0.1056780779,0.0000000000,0.1056780779
0.6170,0.3033423945,0.0398666993,0.2634756952,0.1036654828,0.0000000000,0.1036654828
0.6180,0.3056787432,0.0405576789,0.2651210643,0.1016500761,0.0000000000,0.1016500761
0.6190,0.3080113146,0.0412547697,0.2667565449,0.0996318500,0.0000000000,0.0996318500
0.6200,0.3103401206,0.0419579778,0.2683821428,0.0976107966,0.0000000000,0.0976107966
0.6210,0.3126651736,0.0426673094,0.2699978642,0.0955869080,0.0000000000,0.0955869080
0.6220,0.3149864855,0.0433827707,0.2716037148,0.0935601762,0.0000000000,0.0935601762
0.6230,0.3173040684,0.0441043682,0.2731997002,0.0915305931,0.0000000000,0.0915305931
0.6240,0.3196179342,0.0448321081,0.2747858261,0.0894981508,0.0000000000,0.0894981508
0.6250,0.3219280949,0.0455659971,0.2763620978,0.0874628413,0.0000000000,0.0874628413
0.6260,0.3242345623,0.0463060415,0.2779285208,0.0854246563,0.0000000000,0.0854246563
0.6270,0.3265373481,0.0470522481,0.2794851001,0.0833835877,0.0000000000,0.0833835877
0.6280,0.3288364642,0.0478046234,0.2810318409,0.0813396275,0.0000000000,0.0813396275
0.6290,0.3311319222,0.0485631742,0.2825687480,0.0792927673,0.0000000000,0.0792927673
0.6300,0.3334237337,0.0493279073,0.2840958264,0.0772429989,0.0000000000,0.0772429989
0.6310,0.3357119103,0.0500988296,0.2856130807,0.0751903142,0.0000000000,0.0751903142
0.6320,0.3379964635,0.0508759480,0.2871205155,0.0731347046,0.0000000000,0.0731347046
0.6330,0.3402774048,0.0516592695,0.2886181352,0.0710761620,0.0000000000,0.0710761620
0.6340,0.3425547455,0.0524488013,0.2901059442,0.0690146779,0.0000000000,0.0690146779
0.6350,0.3448284970,0.0532445503,0.2915839467,0.0669502439,0.0000000000,0.0669502439
0.6360,0.3470986706,0.0540465239,0.2930521467,0.0648828516,0.0000000000,0.0648828516
0.6370,0.3493652776,0.0548547294,0.2945105482,0.0628124924,0.0000000000,0.0628124924
0.6380,0.3516283291,0.0556691740,0.2959591551,0.0607391579,0.0000000000,0.0607391579
0.6390,0.3538878363,0.0564898653,0.2973979710,0.0586628394,0.0000000000,0.0586628394
0.6400,0.3561438102,0.0573168107,0.2988269995,0.0565835284,0.0000000000,0.0565835284
0.6410,0.3583962620,0.0581500179,0.3002462441,0.0545012162,0.0000000000,0.0545012162
0.6420,0.3606452025,0.0589894943,0.3016557081,0.0524158942,0.0000000000,0.0524158942
0.6430,0.3628906427,0.0598352479,0.3030553948,0.0503275536,0.0000000000,0.0503275536
0.6440,0.3651325935,0.0606872863,0.3044453072,0.0482361857,0.0000000000,0.0482361857
0.6450,0.3673710656,0.0615456174,0.3058254483,0.0461417816,0.0000000000,0.0461417816
0.6460,0.3696060700,0.0624102492,0.3071958208,0.0440443327,0.0000000000,0.0440443327
0.6470,0.3718376173,0.0632811897,0.3085564276,0.0419438300,0.0000000000,0.0419438300
0.6480,0.3740657182,0.0641584470,0.3099072713,0.0398402645,0.0000000000,0.0398402645
0.6490,0.3762903833,0.0650420292,0.3112483541,0.0377336274,0.0000000000,0.0377336274
0.6500,0.3785116233,0.0659319446,0.3125796786,0.0356239097,0.0000000000,0.0356239097
0.6510,0.3807294485,0.0668282016,0.3139012469,0.0335111024,0.0000000000,0.0335111024
0.6520,0.3829438696,0.0677308085,0.3152130611,0.0313951963,0.0000000000,0.0313951963
0.6530,0.3851548969,0.0686397737,0.3165151232,0.0292761824,0.0000000000,0.0292761824
0.6540,0.3873625408,0.0695551060,0.3178074349,0.0271540515,0.0000000000,0.0271540515
0.6550,0.3895668118,0.0704768138,0.3190899979,0.0250287945,0.0000000000,0.0250287945
0.6560,0.3917677200,0.0714049060,0.3203628140,0.0229004021,0.0000000000,0.0229004021
0.6570,0.3939652757,0.0723393913,0.3216258844,0.0207688651,0.0000000000,0.0207688651
0.6580,0.3961594891,0.0732802785,0.3228792105,0.0186341741,0.0000000000,0.0186341741
0.6590,0.3983503703,0.0742275768,0.3241227936,0.0164963199,0.0000000000,0.0164963199
0.6600,0.4005379296,0.0751812950,0.3253566346,0.0143552930,0.0000000000,0.0143552930
0.6610,0.4027221768,0.0761414424,0.3265807344,0.0122110840,0.0000000000,0.0122110840
0.6620,0.4049031221,0.0771080281,0.3277950940,0.0100636833,0.0000000000,0.0100636833
0.6630,0.4070807755,0.0780810615,0.3289997140,0.0079130816,0.0000000000,0.0079130816
0.6640,0.4092551467,0.0790605518,0.3301945949,0.0057592693,0.0000000000,0.0057592693
0.6650,0.4114262457,0.0800465086,0.3313797371,0.0036022367,0.0000000000,0.0036022367
0.6660,0.4135940824,0.0810389415,0.3325551409,0.0014419742,0.0000000000,0.0014419742
0.6670,0.4157586665,0.0820378600,0.3337208065,0.0000000000,0.0000000000,0.0000000000
0.6680,0.4179200078,0.0830432739,0.3348767339,0.0000000000,0.0000000000,0.0000000000
0.6690,0.4200781160,0.0840551930,0.3360229230,0.0000000000,0.0000000000,0.0000000000
0.6700,0.4222330007,0.0850736272,0.3371593735,0.0000000000,0.0000000000,0.0000000000
0.6710,0.4243846715,0.0860985865,0.3382860850,0.0000000000,0.0000000000,0.0000000000
0.6720,0.4265331381,0.0871300810,0.3394030572,0.0000000000,0.0000000000,0.0000000000
0.6730,0.4286784099,0.0881681207,0.3405102892,0.0000000000,0.0000000000,0.0000000000
0.6740,0.4308204965,0.0892127161,0.3416077804,0.0000000000,0.0000000000,0.0000000000
0.6750,0.4329594073,0.0902638775,0.3426955298,0.0000000000,0.0000000000,0.0000000000
0.6760,0.4350951516,0.0913216152,0.3437735364,0.0000000000,0.0000000000,0.0000000000
0.6770,0.4372277389,0.0923859399,0.3448417990,0.0000000000,0.0000000000,0.0000000000
0.6780,0.4393571785,0.0934568621,0.3459003164,0.0000000000,0.0000000000,0.0000000000
0.6790,0.4414834796,0.0945343926,0.3469490870,0.0000000000,0.0000000000,0.0000000000
0.6800,0.4436066515,0.0956185423,0.3479881092,0.0000000000,0.0000000000,0.0000000000
0.6810,0.4457267033,0.0967093220,0.3490173814,0.0000000000,0.0000000000,0.0000000000
0.6820,0.4478436444,0.0978067427,0.3500369016,0.0000000000,0.0000000000,0.0000000000
0.6830,0.4499574836,0.0989108156,0.3510466680,0.0000000000,0.0000000000,0.0000000000
0.6840,0.4520682302,0.1000215519,0.3520466783,0.0000000000,0.0000000000,0.0000000000
0.6850,0.4541758932,0.1011389630,0.3530369302,0.0000000000,0.0000000000,0.0000000000
0.6860,0.4562804815,0.1022630601,0.3540174214,0.0000000000,0.0000000000,0.0000000000
0.6870,0.4583820042,0.1033938548,0.3549881493,0.0000000000,0.0000000000,0.0000000000
0.6880,0.4604804700,0.1045313589,0.3559491112,0.0000000000,0.0000000000,0.0000000000
0.6890,0.4625758880,0.1056755838,0.3569003042,0.0000000000,0.0000000000,0.0000000000
0.6900,0.4646682670,0.1068265416,0.3578417254,0.0000000000,0.0000000000,0.0000000000
0.6910,0.4667576157,0.1079842441,0.3587733716,0.0000000000,0.0000000000,0.0000000000
0.6920,0.4688439430,0.1091487034,0.3596952396,0.0000000000,0.0000000000,0.0000000000
0.6930,0.4709272575,0.1103199316,0.3606073259,0.0000000000,0.0000000000,0.0000000000
0.6940,0.4730075679,0.1114979409,0.3615096270,0.0000000000,0.0000000000,0.0000000000
0.6950,0.4750848829,0.1126827437,0.3624021392,0.0000000000,0.0000000000,0.0000000000
0.6960,0.4771592112,0.1138743525,0.3632848587,0.0000000000,0.0000000000,0.0000000000
0.6970,0.4792305612,0.1150727799,0.3641577813,0.0000000000,0.0000000000,0.0000000000
0.6980,0.4812989415,0.1162780385,0.3650209030,0.0000000000,0.0000000000,0.0000000000
0.6990,0.4833643607,0.1174901412,0.3658742196,0.0000000000,0.0000000000,0.0000000000
0.7000,0.4854268272,0.1187091008,0.3667177264,0.0000000000,0.0000000000,0.0000000000
0.7010,0.4874863493,0.1199349304,0.3675514190,0.0000000000,0.0000000000,0.0000000000
0.7020,0.4895429356,0.1211676431,0.3683752926,0.0000000000,0.0000000000,0.0000000000
0.7030,0.4915965944,0.1224072522,0.3691893422,0.0000000000,0.0000000000,0.0000000000
0.7040,0.4936473340,0.1236537711,0.3699935629,0.0000000000,0.0000000000,0.0000000000
0.7050,0.4956951626,0.1249072132,0.3707879494,0.0000000000,0.0000000000,0.0000000000
0.7060,0.4977400886,0.1261675922,0.3715724964,0.0000000000,0.0000000000,0.0000000000
0.7070,0.4997821201,0.1274349219,0.3723471983,0.0000000000,0.0000000000,0.0000000000
0.7080,0.5018212654,0.1287092160,0.3731120494,0.0000000000,0.0000000000,0.0000000000
0.7090,0.5038575326,0.1299904885,0.3738670440,0.0000000000,0.0000000000,0.0000000000
0.7100,0.5058909297,0.1312787537,0.3746121761,0.0000000000,0.0000000000,0.0000000000
0.7110,0.5079214650,0.1325740256,0.3753474394,0.0000000000,0.0000000000,0.0000000000
0.7120,0.5099491463,0.1338763186,0.3760728277,0.0000000000,0.0000000000,0.0000000000
0.7130,0.5119739818,0.1351856473,0.3767883345,0.0000000000,0.0000000000,0.0000000000
0.7140,0.5139959794,0.1365020262,0.3774939532,0.0000000000,0.0000000000,0.0000000000
0.7150,0.5160151470,0.1378254701,0.3781896769,0.0000000000,0.0000000000,0.0000000000
0.7160,0.5180314926,0.1391559938,0.3788754988,0.0000000000,0.0000000000,0.0000000000
0.7170,0.5200450240,0.1404936124,0.3795514116,0.0000000000,0.0000000000,0.0000000000
0.7180,0.5220557492,0.1418383410,0.3802174082,0.0000000000,0.0000000000,0.0000000000
0.7190,0.5240636758,0.1431901949,0.3808734809,0.0000000000,0.0000000000,0.0000000000
0.7200,0.5260688117,0.1445491894,0.3815196222,0.0000000000,0.0000000000,0.0000000000
0.7210,0.5280711646,0.1459153402,0.3821558243,0.0000000000,0.0000000000,0.0000000000
0.7220,0.5300707422,0.1472886630,0.3827820793,0.0000000000,0.0000000000,0.0000000000
0.7230,0.5320675523,0.1486691734,0.3833983788,0.0000000000,0.0000000000,0.0000000000
0.7240,0.5340616024,0.1500568877,0.3840047148,0.0000000000,0.0000000000,0.0000000000
0.7250,0.5360529002,0.1514518217,0.3846010785,0.0000000000,0.0000000000,0.0000000000
0.7260,0.5380414533,0.1528539919,0.3851874615,0.0000000000,0.0000000000,0.0000000000
0.7270,0.5400272693,0.1542634145,0.3857638547,0.0000000000,0.0000000000,0.0000000000
0.7280,0.5420103555,0.1556801062,0.3863302493,0.0000000000,0.0000000000,0.0000000000
0.7290,0.5439907197,0.1571040837,0.3868866360,0.0000000000,0.0000000000,0.0000000000
0.7300,0.5459683691,0.1585353638,0.3874330053,0.0000000000,0.0000000000,0.0000000000
0.7310,0.5479433113,0.1599739635,0.3879693478,0.0000000000,0.0000000000,0.0000000000
0.7320,0.5499155536,0.1614199000,0.3884956536,0.0000000000,0.0000000000,0.0000000000
0.7330,0.5518851035,0.1628731906,0.3890119129,0.0000000000,0.0000000000,0.0000000000
0.7340,0.5538519682,0.1643338528,0.3895181154,0.0000000000,0.0000000000,0.0000000000
0.7350,0.5558161551,0.1658019041,0.3900142509,0.0000000000,0.0000000000,0.0000000000
0.7360,0.5577776714,0.1672773625,0.3905003089,0.0000000000,0.0000000000,0.0000000000
0.7370,0.5597365244,0.1687602458,0.3909762786,0.0000000000,0.0000000000,0.0000000000
0.7380,0.5616927214,0.1702505722,0.3914421492,0.0000000000,0.0000000000,0.0000000000
0.7390,0.5636462695,0.1717483600,0.3918979095,0.0000000000,0.0000000000,0.0000000000
0.7400,0.5655971759,0.1732536275,0.3923435483,0.0000000000,0.0000000000,0.0000000000
0.7410,0.5675454476,0.1747663935,0.3927790542,0.0000000000,0.0000000000,0.0000000000
0.7420,0.5694910920,0.1762866767,0.3932044153,0.0000000000,0.0000000000,0.0000000000
0.7430,0.5714341159,0.1778144961,0.3936196198,0.0000000000,0.0000000000,0.0000000000
0.7440,0.5733745264,0.1793498708,0.3940246556,0.0000000000,0.0000000000,0.0000000000
0.7450,0.5753123307,0.1808928202,0.3944195105,0.0000000000,0.0000000000,0.0000000000
0.7460,0.5772475356,0.1824433637,0.3948041719,0.0000000000,0.0000000000,0.0000000000
0.7470,0.5791801481,0.1840015210,0.3951786271,0.0000000000,0.0000000000,0.0000000000
0.7480,0.5811101752,0.1855673121,0.3955428632,0.0000000000,0.0000000000,0.0000000000
0.7490,0.5830376238,0.1871407568,0.3958968670,0.0000000000,0.0000000000,0.0000000000
0.7500,0.5849625007,0.1887218755,0.3962406252,0.0000000000,0.0000000000,0.0000000000
0.7510,0.5868848129,0.1903106887,0.3965741242,0.0000000000,0.0000000000,0.0000000000
0.7520,0.5888045670,0.1919072168,0.3968973502,0.0000000000,0.0000000000,0.0000000000
0.7530,0.5907217700,0.1935114807,0.3972102893,0.0000000000,0.0000000000,0.0000000000
0.7540,0.5926364286,0.1951235015,0.3975129272,0.0000000000,0.0000000000,0.0000000000
0.7550,0.5945485496,0.1967433002,0.3978052493,0.0000000000,0.0000000000,0.0000000000
0.7560,0.5964581396,0.1983708984,0.3980872411,0.0000000000,0.0000000000,0.0000000000
0.7570,0.5983652053,0.2000063176,0.3983588877,0.0000000000,0.0000000000,0.0000000000
0.7580,0.6002697535,0.2016495797,0.3986201738,0.0000000000,0.0000000000,0.0000000000
0.7590,0.6021717908,0.2033007066,0.3988710841,0.0000000000,0.0000000000,0.0000000000
0.7600,0.6040713237,0.2049597206,0.3991116031,0.0000000000,0.0000000000,0.0000000000
0.7610,0.6059683588,0.2066266442,0.3993417147,0.0000000000,0.0000000000,0.0000000000
0.7620,0.6078629028,0.2083014999,0.3995614030,0.0000000000,0.0000000000,0.0000000000
0.7630,0.6097549622,0.2099843107,0.3997706515,0.0000000000,0.0000000000,0.0000000000
0.7640,0.6116445434,0.2116750996,0.3999694438,0.0000000000,0.0000000000,0.0000000000
0.7650,0.6135316529,0.2133738900,0.4001577629,0.0000000000,0.0000000000,0.0000000000
0.7660,0.6154162973,0.2150807055,0.4003355918,0.0000000000,0.0000000000,0.0000000000
0.7670,0.6172984828,0.2167955697,0.4005029131,0.0000000000,0.0000000000,0.0000000000
0.7680,0.6191782161,0.2185185068,0.4006597093,0.0000000000,0.0000000000,0.0000000000
0.7690,0.6210555033,0.2202495408,0.4008059625,0.0000000000,0.0000000000,0.0000000000
0.7700,0.6229303509,0.2219886965,0.4009416545,0.0000000000,0.0000000000,0.0000000000
0.7710,0.6248027653,0.2237359983,0.4010667670,0.0000000000,0.0000000000,0.0000000000
0.7720,0.6266727526,0.2254914713,0.4011812813,0.0000000000,0.0000000000,0.0000000000
0.7730,0.6285403193,0.2272551408,0.4012851785,0.0000000000,0.0000000000,0.0000000000
0.7740,0.6304054715,0.2290270321,0.4013784394,0.0000000000,0.0000000000,0.0000000000
0.7750,0.6322682155,0.2308071710,0.4014610445,0.0000000000,0.0000000000,0.0000000000
0.7760,0.6341285575,0.2325955834,0.4015329741,0.0000000000,0.0000000000,0.0000000000
0.7770,0.6359865037,0.2343922956,0.4015942081,0.0000000000,0.0000000000,0.0000000000
0.7780,0.6378420603,0.2361973341,0.4016447263,0.0000000000,0.0000000000,0.0000000000
0.7790,0.6396952334,0.2380107255,0.4016845079,0.0000000000,0.0000000000,0.0000000000
0.7800,0.6415460291,0.2398324970,0.4017135320,0.0000000000,0.0000000000,0.0000000000
0.7810,0.6433944535,0.2416626759,0.4017317776,0.0000000000,0.0000000000,0.0000000000
0.7820,0.6452405126,0.2435012896,0.4017392230,0.0000000000,0.0000000000,0.0000000000
0.7830,0.6470842126,0.2453483662,0.4017358465,0.0000000000,0.0000000000,0.0000000000
0.7840,0.6489255595,0.2472039336,0.4017216259,0.0000000000,0.0000000000,0.0000000000
0.7850,0.6507645591,0.2490680204,0.4016965388,0.0000000000,0.0000000000,0.0000000000
0.7860,0.6526012176,0.2509406552,0.4016605624,0.0000000000,0.0000000000,0.0000000000
0.7870,0.6544355408,0.2528218671,0.4016136737,0.0000000000,0.0000000000,0.0000000000
0.7880,0.6562675348,0.2547116854,0.4015558494,0.0000000000,0.0000000000,0.0000000000
0.7890,0.6580972054,0.2566101398,0.4014870656,0.0000000000,0.0000000000,0.0000000000
0.7900,0.6599245584,0.2585172601,0.4014072983,0.0000000000,0.0000000000,0.0000000000
0.7910,0.6617495998,0.2604330766,0.4013165232,0.0000000000,0.0000000000,0.0000000000
0.7920,0.6635723354,0.2623576198,0.4012147156,0.0000000000,0.0000000000,0.0000000000
0.7930,0.6653927710,0.2642909207,0.4011018503,0.0000000000,0.0000000000,0.0000000000
0.7940,0.6672109125,0.2662330105,0.4009779020,0.0000000000,0.0000000000,0.0000000000
0.7950,0.6690267655,0.2681839206,0.4008428449,0.0000000000,0.0000000000,0.0000000000
0.7960,0.6708403359,0.2701436831,0.4006966528,0.0000000000,0.0000000000,0.0000000000
0.7970,0.6726516293,0.2721123300,0.4005392994,0.0000000000,0.0000000000,0.0000000000
0.7980,0.6744606516,0.2740898940,0.4003707576,0.0000000000,0.0000000000,0.0000000000
0.7990,0.6762674083,0.2760764079,0.4001910004,0.0000000000,0.0000000000,0.0000000000
0.8000,0.6780719051,0.2780719051,0.4000000000,0.0000000000,0.0000000000,0.0000000000
0.8010,0.6798741477,0.2800764192,0.3997977286,0.0000000000,0.0000000000,0.0000000000
0.8020,0.6816741418,0.2820899841,0.3995841577,0.0000000000,0.0000000000,0.0000000000
0.8030,0.6834718929,0.2841126343,0.3993592585,0.0000000000,0.0000000000,0.0000000000
0.8040,0.6852674065,0.2861444045,0.3991230020,0.0000000000,0.0000000000,0.0000000000
0.8050,0.6870606883,0.2881853298,0.3988753586,0.0000000000,0.0000000000,0.0000000000
0.8060,0.6888517439,0.2902354457,0.3986162982,0.0000000000,0.0000000000,0.0000000000
0.8070,0.6906405786,0.2922947882,0.3983457904,0.0000000000,0.0000000000,0.0000000000
0.8080,0.6924271981,0.2943633935,0.3980638045,0.0000000000,0.0000000000,0.0000000000
0.8090,0.6942116078,0.2964412985,0.3977703093,0.0000000000,0.0000000000,0.0000000000
0.8100,0.6959938131,0.2985285401,0.3974652730,0.0000000000,0.0000000000,0.0000000000
0.8110,0.6977738196,0.3006251560,0.3971486635,0.0000000000,0.0000000000,0.0000000000
0.8120,0.6995516325,0.3027311842,0.3968204483,0.0000000000,0.0000000000,0.0000000000
0.8130,0.7013272574,0.3048466630,0.3964805944,0.0000000000,0.0000000000,0.0000000000
0.8140,0.7031006996,0.3069716314,0.3961290682,0.0000000000,0.0000000000,0.0000000000
0.8150,0.7048719645,0.3091061286,0.3957658359,0.0000000000,0.0000000000,0.0000000000
0.8160,0.7066410573,0.3112501943,0.3953908630,0.0000000000,0.0000000000,0.0000000000
0.8170,0.7084079835,0.3134038688,0.3950041147,0.0000000000,0.0000000000,0.0000000000
0.8180,0.7101727483,0.3155671928,0.3946055555,0.0000000000,0.0000000000,0.0000000000
0.8190,0.7119353570,0.3177402074,0.3941951496,0.0000000000,0.0000000000,0.0000000000
0.8200,0.7136958148,0.3199229543,0.3937728606,0.0000000000,0.0000000000,0.0000000000
0.8210,0.7154541271,0.3221154755,0.3933386516,0.0000000000,0.0000000000,0.0000000000
0.8220,0.7172102990,0.3243178138,0.3928924852,0.0000000000,0.0000000000,0.0000000000
0.8230,0.7189643358,0.3265300123,0.3924343234,0.0000000000,0.0000000000,0.0000000000
0.8240,0.7207162425,0.3287521146,0.3919641279,0.0000000000,0.0000000000,0.0000000000
0.8250,0.7224660245,0.3309841649,0.3914818595,0.0000000000,0.0000000000,0.0000000000
0.8260,0.7242136868,0.3332262080,0.3909874787,0.0000000000,0.0000000000,0.0000000000
0.8270,0.7259592345,0.3354782891,0.3904809454,0.0000000000,0.0000000000,0.0000000000
0.8280,0.7277026728,0.3377404540,0.3899622189,0.0000000000,0.0000000000,0.0000000000
0.8290,0.7294440068,0.3400127490,0.3894312578,0.0000000000,0.0000000000,0.0000000000
0.8300,0.7311832416,0.3422952213,0.3888880203,0.0000000000,0.0000000000,0.0000000000
0.8310,0.7329203821,0.3445879182,0.3883324640,0.0000000000,0.0000000000,0.0000000000
0.8320,0.7346554335,0.3468908879,0.3877645456,0.0000000000,0.0000000000,0.0000000000
0.8330,0.7363884007,0.3492041791,0.3871842216,0.0000000000,0.0000000000,0.0000000000
0.8340,0.7381192888,0.3515278412,0.3865914476,0.0000000000,0.0000000000,0.0000000000
0.8350,0.7398481027,0.3538619241,0.3859861786,0.0000000000,0.0000000000,0.0000000000
0.8360,0.7415748474,0.3562064785,0.3853683689,0.0000000000,0.0000000000,0.0000000000
0.8370,0.7432995279,0.3585615556,0.3847379723,0.0000000000,0.0000000000,0.0000000000
0.8380,0.7450221490,0.3609272072,0.3840949418,0.0000000000,0.0000000000,0.0000000000
0.8390,0.7467427158,0.3633034861,0.3834392297,0.0000000000,0.0000000000,0.0000000000
0.8400,0.7484612330,0.3656904454,0.3827707876,0.0000000000,0.0000000000,0.0000000000
0.8410,0.7501777056,0.3680881390,0.3820895666,0.0000000000,0.0000000000,0.0000000000
0.8420,0.7518921384,0.3704966218,0.3813955166,0.0000000000,0.0000000000,0.0000000000
0.8430,0.7536045363,0.3729159490,0.3806885873,0.0000000000,0.0000000000,0.0000000000
0.8440,0.7553149040,0.3753461767,0.3799687273,0.0000000000,0.0000000000,0.0000000000
0.8450,0.7570232465,0.3777873620,0.3792358845,0.0000000000,0.0000000000,0.0000000000
0.8460,0.7587295685,0.3802395623,0.3784900061,0.0000000000,0.0000000000,0.0000000000
0.8470,0.7604338747,0.3827028362,0.3777310384,0.0000000000,0.0000000000,0.0000000000
0.8480,0.7621361699,0.3851772429,0.3769589271,0.0000000000,0.0000000000,0.0000000000
0.8490,0.7638364589,0.3876628423,0.3761736166,0.0000000000,0.0000000000,0.0000000000
0.8500,0.7655347464,0.3901596953,0.3753750511,0.0000000000,0.0000000000,0.0000000000
0.8510,0.7672310370,0.3926678636,0.3745631734,0.0000000000,0.0000000000,0.0000000000
0.8520,0.7689253356,0.3951874099,0.3737379257,0.0000000000,0.0000000000,0.0000000000
0.8530,0.7706176467,0.3977183974,0.3728992492,0.0000000000,0.0000000000,0.0000000000
0.8540,0.7723079750,0.4002608907,0.3720470843,0.0000000000,0.0000000000,0.0000000000
0.8550,0.7739963251,0.4028149547,0.3711813704,0.0000000000,0.0000000000,0.0000000000
0.8560,0.7756827017,0.4053806559,0.3703020458,0.0000000000,0.0000000000,0.0000000000
0.8570,0.7773671095,0.4079580613,0.3694090482,0.0000000000,0.0000000000,0.0000000000
0.8580,0.7790495528,0.4105472389,0.3685023140,0.0000000000,0.0000000000,0.0000000000
0.8590,0.7807300365,0.4131482579,0.3675817786,0.0000000000,0.0000000000,0.0000000000
0.8600,0.7824085649,0.4157611884,0.3666473766,0.0000000000,0.0000000000,0.0000000000
0.8610,0.7840851427,0.4183861014,0.3656990413,0.0000000000,0.0000000000,0.0000000000
0.8620,0.7857597744,0.4210230693,0.3647367051,0.0000000000,0.0000000000,0.0000000000
0.8630,0.7874324645,0.4236721652,0.3637602993,0.0000000000,0.0000000000,0.0000000000
0.8640,0.7891032175,0.4263334636,0.3627697539,0.0000000000,0.0000000000,0.0000000000
0.8650,0.7907720379,0.4290070399,0.3617649979,0.0000000000,0.0000000000,0.0000000000
0.8660,0.7924389301,0.4316929708,0.3607459593,0.0000000000,0.0000000000,0.0000000000
0.8670,0.7941038986,0.4343913341,0.3597125644,0.0000000000,0.0000000000,0.0000000000
0.8680,0.7957669478,0.4371022089,0.3586647389,0.0000000000,0.0000000000,0.0000000000
0.8690,0.7974280822,0.4398256753,0.3576024069,0.0000000000,0.0000000000,0.0000000000
0.8700,0.7990873061,0.4425618150,0.3565254911,0.0000000000,0.0000000000,0.0000000000
0.8710,0.8007446239,0.4453107107,0.3554339133,0.0000000000,0.0000000000,0.0000000000
0.8720,0.8024000401,0.4480724465,0.3543275936,0.0000000000,0.0000000000,0.0000000000
0.8730,0.8040535590,0.4508471080,0.3532064509,0.0000000000,0.0000000000,0.0000000000
0.8740,0.8057051848,0.4536347820,0.3520704028,0.0000000000,0.0000000000,0.0000000000
0.8750,0.8073549221,0.4564355568,0.3509193653,0.0000000000,0.0000000000,0.0000000000
0.8760,0.8090027749,0.4592495220,0.3497532529,0.0000000000,0.0000000000,0.0000000000
0.8770,0.8106487478,0.4620767689,0.3485719788,0.0000000000,0.0000000000,0.0000000000
0.8780,0.8122928449,0.4649173903,0.3473754546,0.0000000000,0.0000000000,0.0000000000
0.8790,0.8139350705,0.4677714802,0.3461635903,0.0000000000,0.0000000000,0.0000000000
0.8800,0.8155754289,0.4706391347,0.3449362941,0.0000000000,0.0000000000,0.0000000000
0.8810,0.8172139243,0.4735204512,0.3436934730,0.0000000000,0.0000000000,0.0000000000
0.8820,0.8188505609,0.4764155289,0.3424350320,0.0000000000,0.0000000000,0.0000000000
0.8830,0.8204853430,0.4793244687,0.3411608742,0.0000000000,0.0000000000,0.0000000000
0.8840,0.8221182747,0.4822473733,0.3398709015,0.0000000000,0.0000000000,0.0000000000
0.8850,0.8237493603,0.4851843470,0.3385650133,0.0000000000,0.0000000000,0.0000000000
0.8860,0.8253786039,0.4881354962,0.3372431077,0.0000000000,0.0000000000,0.0000000000
0.8870,0.8270060096,0.4911009291,0.3359050805,0.0000000000,0.0000000000,0.0000000000
0.8880,0.8286315817,0.4940807559,0.3345508258,0.0000000000,0.0000000000,0.0000000000
0.8890,0.8302553242,0.4970750888,0.3331802354,0.0000000000,0.0000000000,0.0000000000
0.8900,0.8318772412,0.5000840418,0.3317931994,0.0000000000,0.0000000000,0.0000000000
0.8910,0.8334973369,0.5031077315,0.3303896053,0.0000000000,0.0000000000,0.0000000000
0.8920,0.8351156153,0.5061462763,0.3289693390,0.0000000000,0.0000000000,0.0000000000
0.8930,0.8367320805,0.5091997969,0.3275322835,0.0000000000,0.0000000000,0.0000000000
0.8940,0.8383467365,0.5122684165,0.3260783201,0.0000000000,0.0000000000,0.0000000000
0.8950,0.8399595875,0.5153522603,0.3246073272,0.0000000000,0.0000000000,0.0000000000
0.8960,0.8415706374,0.5184514562,0.3231191812,0.0000000000,0.0000000000,0.0000000000
0.8970,0.8431798903,0.5215661345,0.3216137557,0.0000000000,0.0000000000,0.0000000000
0.8980,0.8447873501,0.5246964282,0.3200909219,0.0000000000,0.0000000000,0.0000000000
0.8990,0.8463930209,0.5278424728,0.3185505481,0.0000000000,0.0000000000,0.0000000000
0.9000,0.8479969066,0.5310044064,0.3169925001,0.0000000000,0.0000000000,0.0000000000
0.9010,0.8495990112,0.5341823703,0.3154166409,0.0000000000,0.0000000000,0.0000000000
0.9020,0.8511993386,0.5373765082,0.3138228304,0.0000000000,0.0000000000,0.0000000000
0.9030,0.8527978928,0.5405869673,0.3122109255,0.0000000000,0.0000000000,0.0000000000
0.9040,0.8543946778,0.5438138974,0.3105807803,0.0000000000,0.0000000000,0.0000000000
0.9050,0.8559896973,0.5470574518,0.3089322455,0.0000000000,0.0000000000,0.0000000000
0.9060,0.8575829554,0.5503177869,0.3072651685,0.0000000000,0.0000000000,0.0000000000
0.9070,0.8591744559,0.5535950624,0.3055793934,0.0000000000,0.0000000000,0.0000000000
0.9080,0.8607642026,0.5568894418,0.3038747609,0.0000000000,0.0000000000,0.0000000000
0.9090,0.8623521995,0.5602010917,0.3021511078,0.0000000000,0.0000000000,0.0000000000
0.9100,0.8639384504,0.5635301829,0.3004082675,0.0000000000,0.0000000000,0.0000000000
0.9110,0.8655229591,0.5668768898,0.2986460693,0.0000000000,0.0000000000,0.0000000000
0.9120,0.8671057295,0.5702413907,0.2968643388,0.0000000000,0.0000000000,0.0000000000
0.9130,0.8686867653,0.5736238681,0.2950628972,0.0000000000,0.0000000000,0.0000000000
0.9140,0.8702660704,0.5770245088,0.2932415616,0.0000000000,0.0000000000,0.0000000000
0.9150,0.8718436485,0.5804435038,0.2914001447,0.0000000000,0.0000000000,0.0000000000
0.9160,0.8734195034,0.5838810487,0.2895384547,0.0000000000,0.0000000000,0.0000000000
0.9170,0.8749936389,0.5873373441,0.2876562949,0.0000000000,0.0000000000,0.0000000000
0.9180,0.8765660588,0.5908125950,0.2857534638,0.0000000000,0.0000000000,0.0000000000
0.9190,0.8781367666,0.5943070117,0.2838297549,0.0000000000,0.0000000000,0.0000000000
0.9200,0.8797057663,0.5978208098,0.2818849565,0.0000000000,0.0000000000,0.0000000000
0.9210,0.8812730614,0.6013542102,0.2799188512,0.0000000000,0.0000000000,0.0000000000
0.9220,0.8828386558,0.6049074395,0.2779312163,0.0000000000,0.0000000000,0.0000000000
0.9230,0.8844025530,0.6084807301,0.2759218229,0.0000000000,0.0000000000,0.0000000000
0.9240,0.8859647568,0.6120743206,0.2738904361,0.0000000000,0.0000000000,0.0000000000
0.9250,0.8875252707,0.6156884559,0.2718368149,0.0000000000,0.0000000000,0.0000000000
0.9260,0.8890840986,0.6193233873,0.2697607113,0.0000000000,0.0000000000,0.0000000000
0.9270,0.8906412440,0.6229793732,0.2676618708,0.0000000000,0.0000000000,0.0000000000
0.9280,0.8921967105,0.6266566789,0.2655400315,0.0000000000,0.0000000000,0.0000000000
0.9290,0.8937505017,0.6303555774,0.2633949243,0.0000000000,0.0000000000,0.0000000000
0.9300,0.8953026213,0.6340763491,0.2612262722,0.0000000000,0.0000000000,0.0000000000
0.9310,0.8968530729,0.6378192827,0.2590337902,0.0000000000,0.0000000000,0.0000000000
0.9320,0.8984018600,0.6415846754,0.2568171846,0.0000000000,0.0000000000,0.0000000000
0.9330,0.8999489862,0.6453728328,0.2545761534,0.0000000000,0.0000000000,0.0000000000
0.9340,0.9014944550,0.6491840701,0.2523103849,0.0000000000,0.0000000000,0.0000000000
0.9350,0.9030382701,0.6530187119,0.2500195582,0.0000000000,0.0000000000,0.0000000000
0.9360,0.9045804349,0.6568770929,0.2477033421,0.0000000000,0.0000000000,0.0000000000
0.9370,0.9061209530,0.6607595582,0.2453613948,0.0000000000,0.0000000000,0.0000000000
0.9380,0.9076598279,0.6646664641,0.2429933637,0.0000000000,0.0000000000,0.0000000000
0.9390,0.9091970630,0.6685981784,0.2405988846,0.0000000000,0.0000000000,0.0000000000
0.9400,0.9107326619,0.6725550808,0.2381775811,0.0000000000,0.0000000000,0.0000000000
0.9410,0.9122666281,0.6765375641,0.2357290639,0.0000000000,0.0000000000,0.0000000000
0.9420,0.9137989650,0.6805460342,0.2332529308,0.0000000000,0.0000000000,0.0000000000
0.9430,0.9153296760,0.6845809111,0.2307487650,0.0000000000,0.0000000000,0.0000000000
0.9440,0.9168587647,0.6886426296,0.2282161351,0.0000000000,0.0000000000,0.0000000000
0.9450,0.9183862344,0.6927316401,0.2256545943,0.0000000000,0.0000000000,0.0000000000
0.9460,0.9199120887,0.6968484096,0.2230636790,0.0000000000,0.0000000000,0.0000000000
0.9470,0.9214363308,0.7009934223,0.2204429085,0.0000000000,0.0000000000,0.0000000000
0.9480,0.9229589642,0.7051671806,0.2177917836,0.0000000000,0.0000000000,0.0000000000
0.9490,0.9244799924,0.7093702067,0.2151097857,0.0000000000,0.0000000000,0.0000000000
0.9500,0.9259994186,0.7136030429,0.2123963757,0.0000000000,0.0000000000,0.0000000000
0.9510,0.9275172462,0.7178662535,0.2096509927,0.0000000000,0.0000000000,0.0000000000
0.9520,0.9290334786,0.7221604260,0.2068730526,0.0000000000,0.0000000000,0.0000000000
0.9530,0.9305481192,0.7264861723,0.2040619470,0.0000000000,0.0000000000,0.0000000000
0.9540,0.9320611713,0.7308441303,0.2012170410,0.0000000000,0.0000000000,0.0000000000
0.9550,0.9335726383,0.7352349661,0.1983376722,0.0000000000,0.0000000000,0.0000000000
0.9560,0.9350825233,0.7396593750,0.1954231483,0.0000000000,0.0000000000,0.0000000000
0.9570,0.9365908298,0.7441180844,0.1924727455,0.0000000000,0.0000000000,0.0000000000
0.9580,0.9380975611,0.7486118553,0.1894857058,0.0000000000,0.0000000000,0.0000000000
0.9590,0.9396027204,0.7531414853,0.1864612350,0.0000000000,0.0000000000,0.0000000000
0.9600,0.9411063109,0.7577078109,0.1833985000,0.0000000000,0.0000000000,0.0000000000
0.9610,0.9426083361,0.7623117104,0.1802966257,0.0000000000,0.0000000000,0.0000000000
0.9620,0.9441087991,0.7669541074,0.1771546917,0.0000000000,0.0000000000,0.0000000000
0.9630,0.9456077032,0.7716359742,0.1739717290,0.0000000000,0.0000000000,0.0000000000
0.9640,0.9471050516,0.7763583355,0.1707467161,0.0000000000,0.0000000000,0.0000000000
0.9650,0.9486008475,0.7811222735,0.1674785740,0.0000000000,0.0000000000,0.0000000000
0.9660,0.9500950942,0.7859289319,0.1641661623,0.0000000000,0.0000000000,0.0000000000
0.9670,0.9515877948,0.7907795221,0.1608082727,0.0000000000,0.0000000000,0.0000000000
0.9680,0.9530789526,0.7956753290,0.1574036236,0.0000000000,0.0000000000,0.0000000000
0.9690,0.9545685708,0.8006177179,0.1539508529,0.0000000000,0.0000000000,0.0000000000
0.9700,0.9560566524,0.8056081422,0.1504485102,0.0000000000,0.0000000000,0.0000000000
0.9710,0.9575432008,0.8106481525,0.1468950482,0.0000000000,0.0000000000,0.0000000000
0.9720,0.9590282189,0.8157394067,0.1432888123,0.0000000000,0.0000000000,0.0000000000
0.9730,0.9605117101,0.8208836808,0.1396280293,0.0000000000,0.0000000000,0.0000000000
0.9740,0.9619936774,0.8260828831,0.1359107943,0.0000000000,0.0000000000,0.0000000000
0.9750,0.9634741240,0.8313390685,0.1321350555,0.0000000000,0.0000000000,0.0000000000
0.9760,0.9649530529,0.8366544568,0.1282985961,0.0000000000,0.0000000000,0.0000000000
0.9770,0.9664304673,0.8420314530,0.1243990143,0.0000000000,0.0000000000,0.0000000000
0.9780,0.9679063703,0.8474726715,0.1204336988,0.0000000000,0.0000000000,0.0000000000
0.9790,0.9693807649,0.8529809648,0.1163998002,0.0000000000,0.0000000000,0.0000000000
0.9800,0.9708536543,0.8585594575,0.1122941969,0.0000000000,0.0000000000,0.0000000000
0.9810,0.9723250416,0.8642115871,0.1081134544,0.0000000000,0.0000000000,0.0000000000
0.9820,0.9737949297,0.8699411538,0.1038537758,0.0000000000,0.0000000000,0.0000000000
0.9830,0.9752633217,0.8757523807,0.0995109410,0.0000000000,0.0000000000,0.0000000000
0.9840,0.9767302207,0.8816499886,0.0950802321,0.0000000000,0.0000000000,0.0000000000
0.9850,0.9781956297,0.8876392899,0.0905563398,0.0000000000,0.0000000000,0.0000000000
0.9860,0.9796595517,0.8937263069,0.0859332448,0.0000000000,0.0000000000,0.0000000000
0.9870,0.9811219898,0.8999179246,0.0812040652,0.0000000000,0.0000000000,0.0000000000
0.9880,0.9825829469,0.9062220902,0.0763608568,0.0000000000,0.0000000000,0.0000000000
0.9890,0.9840424261,0.9126480801,0.0713943460,0.0000000000,0.0000000000,0.0000000000
0.9900,0.9855004303,0.9192068641,0.0662935662,0.0000000000,0.0000000000,0.0000000000
0.9910,0.9869569625,0.9259116163,0.0610453462,0.0000000000,0.0000000000,0.0000000000
0.9920,0.9884120257,0.9327784552,0.0556335705,0.0000000000,0.0000000000,0.0000000000
0.9930,0.9898656229,0.9398275580,0.0500380649,0.0000000000,0.0000000000,0.0000000000
0.9940,0.9913177569,0.9470849197,0.0442328372,0.0000000000,0.0000000000,0.0000000000
0.9950,0.9927684308,0.9545853077,0.0381831231,0.0000000000,0.0000000000,0.0000000000
0.9960,0.9942176474,0.9623776397,0.0318400077,0.0000000000,0.0000000000,0.0000000000
0.9970,0.9956654097,0.9705359482,0.0251294616,0.0000000000,0.0000000000,0.0000000000
0.9980,0.9971117207,0.9791859287,0.0179257920,0.0000000000,0.0000000000,0.0000000000
0.9990,0.9985565831,0.9885922423,0.0099643409,0.0000000000,0.0000000000,0.0000000000
1.0000,1.0000000000,1.0000000000,0.0000000000,0.0000000000,0.0000000000,0.0000000000
