pair,diagonal,t,param_A,param_B,log_neg_bits
AD_x_DP,equal,0.0010,0.0010,0.0010,0.9978350556
AD_x_DP,equal,0.0060,0.0060,0.0060,0.9869504586
AD_x_DP,equal,0.0110,0.0110,0.0110,0.9760203503
AD_x_DP,equal,0.0160,0.0160,0.0160,0.9650446135
AD_x_DP,equal,0.0211,0.0211,0.0211,0.9540231436
AD_x_DP,equal,0.0261,0.0261,0.0261,0.9429558497
AD_x_DP,equal,0.0311,0.0311,0.0311,0.9318426552
AD_x_DP,equal,0.0361,0.0361,0.0361,0.9206834993
AD_x_DP,equal,0.0411,0.0411,0.0411,0.9094783379
AD_x_DP,equal,0.0461,0.0461,0.0461,0.8982271454
AD_x_DP,equal,0.0512,0.0512,0.0512,0.8869299153
AD_x_DP,equal,0.0562,0.0562,0.0562,0.8755866621
AD_x_DP,equal,0.0612,0.0612,0.0612,0.8641974231
AD_x_DP,equal,0.0662,0.0662,0.0662,0.8527622594
AD_x_DP,equal,0.0712,0.0712,0.0712,0.8412812582
AD_x_DP,equal,0.0762,0.0762,0.0762,0.8297545346
AD_x_DP,equal,0.0812,0.0812,0.0812,0.8181822335
AD_x_DP,equal,0.0863,0.0863,0.0863,0.8065645319
AD_x_DP,equal,0.0913,0.0913,0.0913,0.7949016413
AD_x_DP,equal,0.0963,0.0963,0.0963,0.7831938101
AD_x_DP,equal,0.1013,0.1013,0.1013,0.7714413264
AD_x_DP,equal,0.1063,0.1063,0.1063,0.7596445207
AD_x_DP,equal,0.1113,0.1113,0.1113,0.7478037693
AD_x_DP,equal,0.1163,0.1163,0.1163,0.7359194973
AD_x_DP,equal,0.1214,0.1214,0.1214,0.7239921826
AD_x_DP,equal,0.1264,0.1264,0.1264,0.7120223592
AD_x_DP,equal,0.1314,0.1314,0.1314,0.7000106218
AD_x_DP,equal,0.1364,0.1364,0.1364,0.6879576297
AD_x_DP,equal,0.1414,0.1414,0.1414,0.6758641122
AD_x_DP,equal,0.1464,0.1464,0.1464,0.6637308731
AD_x_DP,equal,0.1515,0.1515,0.1515,0.6515587965
AD_x_DP,equal,0.1565,0.1565,0.1565,0.6393488525
AD_x_DP,equal,0.1615,0.1615,0.1615,0.6271021036
AD_x_DP,equal,0.1665,0.1665,0.1665,0.6148197116
AD_x_DP,equal,0.1715,0.1715,0.1715,0.6025029444
AD_x_DP,equal,0.1765,0.1765,0.1765,0.5901531844
AD_x_DP,equal,0.1815,0.1815,0.1815,0.5777719366
AD_x_DP,equal,0.1866,0.1866,0.1866,0.5653608376
AD_x_DP,equal,0.1916,0.1916,0.1916,0.5529216650
AD_x_DP,equal,0.1966,0.1966,0.1966,0.5404563485
AD_x_DP,equal,0.2016,0.2016,0.2016,0.5279669802
AD_x_DP,equal,0.2066,0.2066,0.2066,0.5154558268
AD_x_DP,equal,0.2116,0.2116,0.2116,0.5029253425
AD_x_DP,equal,0.2166,0.2166,0.2166,0.4903781821
AD_x_DP,equal,0.2217,0.2217,0.2217,0.4778172162
AD_x_DP,equal,0.2267,0.2267,0.2267,0.4652455462
AD_x_DP,equal,0.2317,0.2317,0.2317,0.4526665207
AD_x_DP,equal,0.2367,0.2367,0.2367,0.4400837536
AD_x_DP,equal,0.2417,0.2417,0.2417,0.4275011423
AD_x_DP,equal,0.2467,0.2467,0.2467,0.4149228873
AD_x_DP,equal,0.2518,0.2518,0.2518,0.4023535132
AD_x_DP,equal,0.2568,0.2568,0.2568,0.3897978906
AD_x_DP,equal,0.2618,0.2618,0.2618,0.3772612587
AD_x_DP,equal,0.2668,0.2668,0.2668,0.3647492493
AD_x_DP,equal,0.2718,0.2718,0.2718,0.3522679115
AD_x_DP,equal,0.2768,0.2768,0.2768,0.3398237372
AD_x_DP,equal,0.2818,0.2818,0.2818,0.3274236869
AD_x_DP,equal,0.2869,0.2869,0.2869,0.3150752159
AD_x_DP,equal,0.2919,0.2919,0.2919,0.3027863008
AD_x_DP,equal,0.2969,0.2969,0.2969,0.2905654651
AD_x_DP,equal,0.3019,0.3019,0.3019,0.2784218037
AD_x_DP,equal,0.3069,0.3069,0.3069,0.2663650068
AD_x_DP,equal,0.3119,0.3119,0.3119,0.2544053802
AD_x_DP,equal,0.3169,0.3169,0.3169,0.2425538631
AD_x_DP,equal,0.3220,0.3220,0.3220,0.2308220420
AD_x_DP,equal,0.3270,0.3270,0.3270,0.2192221586
AD_x_DP,equal,0.3320,0.3320,0.3320,0.2077671110
AD_x_DP,equal,0.3370,0.3370,0.3370,0.1964704470
AD_x_DP,equal,0.3420,0.3420,0.3420,0.1853463477
AD_x_DP,equal,0.3470,0.3470,0.3470,0.1744095986
AD_x_DP,equal,0.3521,0.3521,0.3521,0.1636755487
AD_x_DP,equal,0.3571,0.3571,0.3571,0.1531600530
AD_x_DP,equal,0.3621,0.3621,0.3621,0.1428793992
AD_x_DP,equal,0.3671,0.3671,0.3671,0.1328502155
AD_x_DP,equal,0.3721,0.3721,0.3721,0.1230893589
AD_x_DP,equal,0.3771,0.3771,0.3771,0.1136137833
AD_x_DP,equal,0.3821,0.3821,0.3821,0.1044403874
AD_x_DP,equal,0.3872,0.3872,0.3872,0.0955858431
AD_x_DP,equal,0.3922,0.3922,0.3922,0.0870664059
AD_x_DP,equal,0.3972,0.3972,0.3972,0.0788977105
AD_x_DP,equal,0.4022,0.4022,0.4022,0.0710945558
AD_x_DP,equal,0.4072,0.4072,0.4072,0.0636706830
AD_x_DP,equal,0.4122,0.4122,0.4122,0.0566385553
AD_x_DP,equal,0.4173,0.4173,0.4173,0.0500091434
AD_x_DP,equal,0.4223,0.4223,0.4223,0.0437917270
AD_x_DP,equal,0.4273,0.4273,0.4273,0.0379937171
AD_x_DP,equal,0.4323,0.4323,0.4323,0.0326205088
AD_x_DP,equal,0.4373,0.4373,0.4373,0.0276753692
AD_x_DP,equal,0.4423,0.4423,0.4423,0.0231593659
AD_x_DP,equal,0.4473,0.4473,0.4473,0.0190713396
AD_x_DP,equal,0.4524,0.4524,0.4524,0.0154079217
AD_x_DP,equal,0.4574,0.4574,0.4574,0.0121635964
AD_x_DP,equal,0.4624,0.4624,0.4624,0.0093308039
AD_x_DP,equal,0.4674,0.4674,0.4674,0.0069000811
AD_x_DP,equal,0.4724,0.4724,0.4724,0.0048602323
AD_x_DP,equal,0.4774,0.4774,0.4774,0.0031985246
AD_x_DP,equal,0.4824,0.4824,0.4824,0.0019008986
AD_x_DP,equal,0.4875,0.4875,0.4875,0.0009521889
AD_x_DP,equal,0.4925,0.4925,0.4925,0.0003363449
AD_x_DP,equal,0.4975,0.4975,0.4975,0.0000366486
AD_x_DP,equal,0.5025,0.5025,0.5025,0.0000359208
AD_x_DP,equal,0.5075,0.5075,0.5075,0.0003167141
AD_x_DP,equal,0.5125,0.5125,0.5125,0.0008614879
AD_x_DP,equal,0.5176,0.5176,0.5176,0.0016527651
AD_x_DP,equal,0.5226,0.5226,0.5226,0.0026732673
AD_x_DP,equal,0.5276,0.5276,0.5276,0.0039060306
AD_x_DP,equal,0.5326,0.5326,0.5326,0.0053345012
AD_x_DP,equal,0.5376,0.5376,0.5376,0.0069426124
AD_x_DP,equal,0.5426,0.5426,0.5426,0.0087148443
AD_x_DP,equal,0.5476,0.5476,0.5476,0.0106362682
AD_x_DP,equal,0.5527,0.5527,0.5527,0.0126925764
AD_x_DP,equal,0.5577,0.5577,0.5577,0.0148701013
AD_x_DP,equal,0.5627,0.5627,0.5627,0.0171558229
AD_x_DP,equal,0.5677,0.5677,0.5677,0.0195373688
AD_x_DP,equal,0.5727,0.5727,0.5727,0.0220030066
AD_x_DP,equal,0.5777,0.5777,0.5777,0.0245416309
AD_x_DP,equal,0.5827,0.5827,0.5827,0.0271427456
AD_x_DP,equal,0.5878,0.5878,0.5878,0.0297964432
AD_x_DP,equal,0.5928,0.5928,0.5928,0.0324933809
AD_x_DP,equal,0.5978,0.5978,0.5978,0.0352247560
AD_x_DP,equal,0.6028,0.6028,0.6028,0.0379822794
AD_x_DP,equal,0.6078,0.6078,0.6078,0.0407581490
AD_x_DP,equal,0.6128,0.6128,0.6128,0.0435450225
AD_x_DP,equal,0.6179,0.6179,0.6179,0.0463359912
AD_x_DP,equal,0.6229,0.6229,0.6229,0.0491245534
AD_x_DP,equal,0.6279,0.6279,0.6279,0.0519045892
AD_x_DP,equal,0.6329,0.6329,0.6329,0.0546703357
AD_x_DP,equal,0.6379,0.6379,0.6379,0.0574163635
AD_x_DP,equal,0.6429,0.6429,0.6429,0.0601375535
AD_x_DP,equal,0.6479,0.6479,0.6479,0.0628290758
AD_x_DP,equal,0.6530,0.6530,0.6530,0.0654863689
AD_x_DP,equal,0.6580,0.6580,0.6580,0.0681051198
AD_x_DP,equal,0.6630,0.6630,0.6630,0.0706812463
AD_x_DP,equal,0.6680,0.6680,0.6680,0.0732108788
AD_x_DP,equal,0.6730,0.6730,0.6730,0.0756903442
AD_x_DP,equal,0.6780,0.6780,0.6780,0.0781161502
AD_x_DP,equal,0.6831,0.6831,0.6831,0.0804849709
AD_x_DP,equal,0.6881,0.6881,0.6881,0.0827936329
AD_x_DP,equal,0.6931,0.6931,0.6931,0.0850391021
AD_x_DP,equal,0.6981,0.6981,0.6981,0.0872184720
AD_x_DP,equal,0.7031,0.7031,0.7031,0.0893289518
AD_x_DP,equal,0.7081,0.7081,0.7081,0.0913678556
AD_x_DP,equal,0.7131,0.7131,0.7131,0.0933325923
AD_x_DP,equal,0.7182,0.7182,0.7182,0.0952206560
AD_x_DP,equal,0.7232,0.7232,0.7232,0.0970296167
AD_x_DP,equal,0.7282,0.7282,0.7282,0.0987571115
AD_x_DP,equal,0.7332,0.7332,0.7332,0.1004008369
AD_x_DP,equal,0.7382,0.7382,0.7382,0.1019585406
AD_x_DP,equal,0.7432,0.7432,0.7432,0.1034280140
AD_x_DP,equal,0.7482,0.7482,0.7482,0.1048070855
AD_x_DP,equal,0.7533,0.7533,0.7533,0.1060936131
AD_x_DP,equal,0.7583,0.7583,0.7583,0.1072854784
AD_x_DP,equal,0.7633,0.7633,0.7633,0.1083805801
AD_x_DP,equal,0.7683,0.7683,0.7683,0.1093768275
AD_x_DP,equal,0.7733,0.7733,0.7733,0.1102721352
AD_x_DP,equal,0.7783,0.7783,0.7783,0.1110644170
AD_x_DP,equal,0.7834,0.7834,0.7834,0.1117515800
AD_x_DP,equal,0.7884,0.7884,0.7884,0.1123315196
AD_x_DP,equal,0.7934,0.7934,0.7934,0.1128021133
AD_x_DP,equal,0.7984,0.7984,0.7984,0.1131612159
AD_x_DP,equal,0.8034,0.8034,0.8034,0.1134066533
AD_x_DP,equal,0.8084,0.8084,0.8084,0.1135362179
AD_x_DP,equal,0.8134,0.8134,0.8134,0.1135476625
AD_x_DP,equal,0.8185,0.8185,0.8185,0.1134386948
AD_x_DP,equal,0.8235,0.8235,0.8235,0.1132069720
AD_x_DP,equal,0.8285,0.8285,0.8285,0.1128500951
AD_x_DP,equal,0.8335,0.8335,0.8335,0.1123656025
AD_x_DP,equal,0.8385,0.8385,0.8385,0.1117509644
AD_x_DP,equal,0.8435,0.8435,0.8435,0.1110035767
AD_x_DP,equal,0.8485,0.8485,0.8485,0.1101207538
AD_x_DP,equal,0.8536,0.8536,0.8536,0.1090997225
AD_x_DP,equal,0.8586,0.8586,0.8586,0.1079376148
AD_x_DP,equal,0.8636,0.8636,0.8636,0.1066314602
AD_x_DP,equal,0.8686,0.8686,0.8686,0.1051781784
AD_x_DP,equal,0.8736,0.8736,0.8736,0.1035745704
AD_x_DP,equal,0.8786,0.8786,0.8786,0.1018173106
AD_x_DP,equal,0.8837,0.8837,0.8837,0.0999029372
AD_x_DP,equal,0.8887,0.8887,0.8887,0.0978278421
AD_x_DP,equal,0.8937,0.8937,0.8937,0.0955882609
AD_x_DP,equal,0.8987,0.8987,0.8987,0.0931802616
AD_x_DP,equal,0.9037,0.9037,0.9037,0.0905997324
AD_x_DP,equal,0.9087,0.9087,0.9087,0.0878423690
AD_x_DP,equal,0.9137,0.9137,0.9137,0.0849036606
AD_x_DP,equal,0.9188,0.9188,0.9188,0.0817788748
AD_x_DP,equal,0.9238,0.9238,0.9238,0.0784630416
AD_x_DP,equal,0.9288,0.9288,0.9288,0.0749509359
AD_x_DP,equal,0.9338,0.9338,0.9338,0.0712370580
AD_x_DP,equal,0.9388,0.9388,0.9388,0.0673156130
AD_x_DP,equal,0.9438,0.9438,0.9438,0.0631804882
AD_x_DP,equal,0.9488,0.9488,0.9488,0.0588252282
AD_x_DP,equal,0.9539,0.9539,0.9539,0.0542430078
AD_x_DP,equal,0.9589,0.9589,0.9589,0.0494266019
AD_x_DP,equal,0.9639,0.9639,0.9639,0.0443683530
AD_x_DP,equal,0.9689,0.9689,0.9689,0.0390601345
AD_x_DP,equal,0.9739,0.9739,0.9739,0.0334933111
AD_x_DP,equal,0.9789,0.9789,0.9789,0.0276586941
AD_x_DP,equal,0.9840,0.9840,0.9840,0.0215464921
AD_x_DP,equal,0.9890,0.9890,0.9890,0.0151462560
AD_x_DP,equal,0.9940,0.9940,0.9940,0.0084468176
AD_x_DP,equal,0.9990,0.9990,0.9990,0.0014362206
AD_x_DE,equal,0.0010,0.0010,0.0010,0.9981962256
AD_x_DE,equal,0.0060,0.0060,0.0060,0.9891379516
AD_x_DE,equal,0.0110,0.0110,0.0110,0.9800594027
AD_x_DE,equal,0.0160,0.0160,0.0160,0.9709606994
AD_x_DE,equal,0.0211,0.0211,0.0211,0.9618419702
AD_x_DE,equal,0.0261,0.0261,0.0261,0.9527033515
AD_x_DE,equal,0.0311,0.0311,0.0311,0.9435449879
AD_x_DE,equal,0.0361,0.0361,0.0361,0.9343670330
AD_x_DE,equal,0.0411,0.0411,0.0411,0.9251696489
AD_x_DE,equal,0.0461,0.0461,0.0461,0.9159530073
AD_x_DE,equal,0.0512,0.0512,0.0512,0.9067172893
AD_x_DE,equal,0.0562,0.0562,0.0562,0.8974626861
AD_x_DE,equal,0.0612,0.0612,0.0612,0.8881893988
AD_x_DE,equal,0.0662,0.0662,0.0662,0.8788976397
AD_x_DE,equal,0.0712,0.0712,0.0712,0.8695876317
AD_x_DE,equal,0.0762,0.0762,0.0762,0.8602596093
AD_x_DE,equal,0.0812,0.0812,0.0812,0.8509138187
AD_x_DE,equal,0.0863,0.0863,0.0863,0.8415505185
AD_x_DE,equal,0.0913,0.0913,0.0913,0.8321699798
AD_x_DE,equal,0.0963,0.0963,0.0963,0.8227724870
AD_x_DE,equal,0.1013,0.1013,0.1013,0.8133583378
AD_x_DE,equal,0.1063,0.1063,0.1063,0.8039278441
AD_x_DE,equal,0.1113,0.1113,0.1113,0.7944813322
AD_x_DE,equal,0.1163,0.1163,0.1163,0.7850191437
AD_x_DE,equal,0.1214,0.1214,0.1214,0.7755416353
AD_x_DE,equal,0.1264,0.1264,0.1264,0.7660491800
AD_x_DE,equal,0.1314,0.1314,0.1314,0.7565421674
AD_x_DE,equal,0.1364,0.1364,0.1364,0.7470210043
AD_x_DE,equal,0.1414,0.1414,0.1414,0.7374861152
AD_x_DE,equal,0.1464,0.1464,0.1464,0.7279379427
AD_x_DE,equal,0.1515,0.1515,0.1515,0.7183769488
AD_x_DE,equal,0.1565,0.1565,0.1565,0.7088036147
AD_x_DE,equal,0.1615,0.1615,0.1615,0.6992184420
AD_x_DE,equal,0.1665,0.1665,0.1665,0.6896219531
AD_x_DE,equal,0.1715,0.1715,0.1715,0.6800146921
AD_x_DE,equal,0.1765,0.1765,0.1765,0.6703972253
AD_x_DE,equal,0.1815,0.1815,0.1815,0.6607701419
AD_x_DE,equal,0.1866,0.1866,0.1866,0.6511340549
AD_x_DE,equal,0.1916,0.1916,0.1916,0.6414896018
AD_x_DE,equal,0.1966,0.1966,0.1966,0.6318374451
AD_x_DE,equal,0.2016,0.2016,0.2016,0.6221782736
AD_x_DE,equal,0.2066,0.2066,0.2066,0.6125128029
AD_x_DE,equal,0.2116,0.2116,0.2116,0.6028417759
AD_x_DE,equal,0.2166,0.2166,0.2166,0.5931659644
AD_x_DE,equal,0.2217,0.2217,0.2217,0.5834861693
AD_x_DE,equal,0.2267,0.2267,0.2267,0.5738032218
AD_x_DE,equal,0.2317,0.2317,0.2317,0.5641179839
AD_x_DE,equal,0.2367,0.2367,0.2367,0.5544313498
AD_x_DE,equal,0.2417,0.2417,0.2417,0.5447442466
AD_x_DE,equal,0.2467,0.2467,0.2467,0.5350576349
AD_x_DE,equal,0.2518,0.2518,0.2518,0.5253725104
AD_x_DE,equal,0.2568,0.2568,0.2568,0.5156899041
AD_x_DE,equal,0.2618,0.2618,0.2618,0.5060108836
AD_x_DE,equal,0.2668,0.2668,0.2668,0.4963365543
AD_x_DE,equal,0.2718,0.2718,0.2718,0.4866680597
AD_x_DE,equal,0.2768,0.2768,0.2768,0.4770065830
AD_x_DE,equal,0.2818,0.2818,0.2818,0.4673533476
AD_x_DE,equal,0.2869,0.2869,0.2869,0.4577096183
AD_x_DE,equal,0.2919,0.2919,0.2919,0.4480767021
AD_x_DE,equal,0.2969,0.2969,0.2969,0.4384559490
AD_x_DE,equal,0.3019,0.3019,0.3019,0.4288487535
AD_x_DE,equal,0.3069,0.3069,0.3069,0.4192565545
AD_x_DE,equal,0.3119,0.3119,0.3119,0.4096808371
AD_x_DE,equal,0.3169,0.3169,0.3169,0.4001231330
AD_x_DE,equal,0.3220,0.3220,0.3220,0.3905850212
AD_x_DE,equal,0.3270,0.3270,0.3270,0.3810681292
AD_x_DE,equal,0.3320,0.3320,0.3320,0.3715741332
AD_x_DE,equal,0.3370,0.3370,0.3370,0.3621047592
AD_x_DE,equal,0.3420,0.3420,0.3420,0.3526617833
AD_x_DE,equal,0.3470,0.3470,0.3470,0.3432470326
AD_x_DE,equal,0.3521,0.3521,0.3521,0.3338623854
AD_x_DE,equal,0.3571,0.3571,0.3571,0.3245097717
AD_x_DE,equal,0.3621,0.3621,0.3621,0.3151911736
AD_x_DE,equal,0.3671,0.3671,0.3671,0.3059086254
AD_x_DE,equal,0.3721,0.3721,0.3721,0.2966642138
AD_x_DE,equal,0.3771,0.3771,0.3771,0.2874600780
AD_x_DE,equal,0.3821,0.3821,0.3821,0.2782984094
AD_x_DE,equal,0.3872,0.3872,0.3872,0.2691814516
AD_x_DE,equal,0.3922,0.3922,0.3922,0.2601114998
AD_x_DE,equal,0.3972,0.3972,0.3972,0.2510909004
AD_x_DE,equal,0.4022,0.4022,0.4022,0.2421220504
AD_x_DE,equal,0.4072,0.4072,0.4072,0.2332073964
AD_x_DE,equal,0.4122,0.4122,0.4122,0.2243494335
AD_x_DE,equal,0.4173,0.4173,0.4173,0.2155507044
AD_x_DE,equal,0.4223,0.4223,0.4223,0.2068137976
AD_x_DE,equal,0.4273,0.4273,0.4273,0.1981413459
AD_x_DE,equal,0.4323,0.4323,0.4323,0.1895360247
AD_x_DE,equal,0.4373,0.4373,0.4373,0.1810005496
AD_x_DE,equal,0.4423,0.4423,0.4423,0.1725376743
AD_x_DE,equal,0.4473,0.4473,0.4473,0.1641501879
AD_x_DE,equal,0.4524,0.4524,0.4524,0.1558409124
AD_x_DE,equal,0.4574,0.4574,0.4574,0.1476126988
AD_x_DE,equal,0.4624,0.4624,0.4624,0.1394684249
AD_x_DE,equal,0.4674,0.4674,0.4674,0.1314109906
AD_x_DE,equal,0.4724,0.4724,0.4724,0.1234433147
AD_x_DE,equal,0.4774,0.4774,0.4774,0.1155683304
AD_x_DE,equal,0.4824,0.4824,0.4824,0.1077889811
AD_x_DE,equal,0.4875,0.4875,0.4875,0.1001082157
AD_x_DE,equal,0.4925,0.4925,0.4925,0.0925289833
AD_x_DE,equal,0.4975,0.4975,0.4975,0.0850542285
AD_x_DE,equal,0.5025,0.5025,0.5025,0.0776868857
AD_x_DE,equal,0.5075,0.5075,0.5075,0.0704298735
AD_x_DE,equal,0.5125,0.5125,0.5125,0.0632860889
AD_x_DE,equal,0.5176,0.5176,0.5176,0.0562584012
AD_x_DE,equal,0.5226,0.5226,0.5226,0.0493496455
AD_x_DE,equal,0.5276,0.5276,0.5276,0.0425626170
AD_x_DE,equal,0.5326,0.5326,0.5326,0.0359000637
AD_x_DE,equal,0.5376,0.5376,0.5376,0.0293646806
AD_x_DE,equal,0.5426,0.5426,0.5426,0.0229591025
AD_x_DE,equal,0.5476,0.5476,0.5476,0.0166858973
AD_x_DE,equal,0.5527,0.5527,0.5527,0.0105475600
AD_x_DE,equal,0.5577,0.5577,0.5577,0.0045465052
AD_x_DE,equal,0.5627,0.5627,0.5627,0.0000000000
AD_x_DE,equal,0.5677,0.5677,0.5677,0.0000000000
AD_x_DE,equal,0.5727,0.5727,0.5727,0.0000000000
AD_x_DE,equal,0.5777,0.5777,0.5777,0.0000000000
AD_x_DE,equal,0.5827,0.5827,0.5827,0.0000000000
AD_x_DE,equal,0.5878,0.5878,0.5878,0.0000000000
AD_x_DE,equal,0.5928,0.5928,0.5928,0.0000000000
AD_x_DE,equal,0.5978,0.5978,0.5978,0.0000000000
AD_x_DE,equal,0.6028,0.6028,0.6028,0.0000000000
AD_x_DE,equal,0.6078,0.6078,0.6078,0.0000000000
AD_x_DE,equal,0.6128,0.6128,0.6128,0.0000000000
AD_x_DE,equal,0.6179,0.6179,0.6179,0.0000000000
AD_x_DE,equal,0.6229,0.6229,0.6229,0.0000000000
AD_x_DE,equal,0.6279,0.6279,0.6279,0.0000000000
AD_x_DE,equal,0.6329,0.6329,0.6329,0.0000000000
AD_x_DE,equal,0.6379,0.6379,0.6379,0.0000000000
AD_x_DE,equal,0.6429,0.6429,0.6429,0.0000000000
AD_x_DE,equal,0.6479,0.6479,0.6479,0.0000000000
AD_x_DE,equal,0.6530,0.6530,0.6530,0.0000000000
AD_x_DE,equal,0.6580,0.6580,0.6580,0.0000000000
AD_x_DE,equal,0.6630,0.6630,0.6630,0.0000000000
AD_x_DE,equal,0.6680,0.6680,0.6680,0.0000000000
AD_x_DE,equal,0.6730,0.6730,0.6730,0.0000000000
AD_x_DE,equal,0.6780,0.6780,0.6780,0.0000000000
AD_x_DE,equal,0.6831,0.6831,0.6831,0.0000000000
AD_x_DE,equal,0.6881,0.6881,0.6881,0.0000000000
AD_x_DE,equal,0.6931,0.6931,0.6931,0.0000000000
AD_x_DE,equal,0.6981,0.6981,0.6981,0.0000000000
AD_x_DE,equal,0.7031,0.7031,0.7031,0.0000000000
AD_x_DE,equal,0.7081,0.7081,0.7081,0.0000000000
AD_x_DE,equal,0.7131,0.7131,0.7131,0.0000000000
AD_x_DE,equal,0.7182,0.7182,0.7182,0.0000000000
AD_x_DE,equal,0.7232,0.7232,0.7232,0.0000000000
AD_x_DE,equal,0.7282,0.7282,0.7282,0.0000000000
AD_x_DE,equal,0.7332,0.7332,0.7332,0.0000000000
AD_x_DE,equal,0.7382,0.7382,0.7382,0.0000000000
AD_x_DE,equal,0.7432,0.7432,0.7432,0.0000000000
AD_x_DE,equal,0.7482,0.7482,0.7482,0.0000000000
AD_x_DE,equal,0.7533,0.7533,0.7533,0.0000000000
AD_x_DE,equal,0.7583,0.7583,0.7583,0.0000000000
AD_x_DE,equal,0.7633,0.7633,0.7633,0.0000000000
AD_x_DE,equal,0.7683,0.7683,0.7683,0.0000000000
AD_x_DE,equal,0.7733,0.7733,0.7733,0.0000000000
AD_x_DE,equal,0.7783,0.7783,0.7783,0.0000000000
AD_x_DE,equal,0.7834,0.7834,0.7834,0.0000000000
AD_x_DE,equal,0.7884,0.7884,0.7884,0.0000000000
AD_x_DE,equal,0.7934,0.7934,0.7934,0.0000000000
AD_x_DE,equal,0.7984,0.7984,0.7984,0.0000000000
AD_x_DE,equal,0.8034,0.8034,0.8034,0.0000000000
AD_x_DE,equal,0.8084,0.8084,0.8084,0.0000000000
AD_x_DE,equal,0.8134,0.8134,0.8134,0.0000000000
AD_x_DE,equal,0.8185,0.8185,0.8185,0.0000000000
AD_x_DE,equal,0.8235,0.8235,0.8235,0.0000000000
AD_x_DE,equal,0.8285,0.8285,0.8285,0.0000000000
AD_x_DE,equal,0.8335,0.8335,0.8335,0.0000000000
AD_x_DE,equal,0.8385,0.8385,0.8385,0.0000000000
AD_x_DE,equal,0.8435,0.8435,0.8435,0.0000000000
AD_x_DE,equal,0.8485,0.8485,0.8485,0.0000000000
AD_x_DE,equal,0.8536,0.8536,0.8536,0.0000000000
AD_x_DE,equal,0.8586,0.8586,0.8586,0.0000000000
AD_x_DE,equal,0.8636,0.8636,0.8636,0.0000000000
AD_x_DE,equal,0.8686,0.8686,0.8686,0.0000000000
AD_x_DE,equal,0.8736,0.8736,0.8736,0.0000000000
AD_x_DE,equal,0.8786,0.8786,0.8786,0.0000000000
AD_x_DE,equal,0.8837,0.8837,0.8837,0.0000000000
AD_x_DE,equal,0.8887,0.8887,0.8887,0.0000000000
AD_x_DE,equal,0.8937,0.8937,0.8937,0.0000000000
AD_x_DE,equal,0.8987,0.8987,0.8987,0.0000000000
AD_x_DE,equal,0.9037,0.9037,0.9037,0.0000000000
AD_x_DE,equal,0.9087,0.9087,0.9087,0.0000000000
AD_x_DE,equal,0.9137,0.9137,0.9137,0.0000000000
AD_x_DE,equal,0.9188,0.9188,0.9188,0.0000000000
AD_x_DE,equal,0.9238,0.9238,0.9238,0.0000000000
AD_x_DE,equal,0.9288,0.9288,0.9288,0.0000000000
AD_x_DE,equal,0.9338,0.9338,0.9338,0.0000000000
AD_x_DE,equal,0.9388,0.9388,0.9388,0.0000000000
AD_x_DE,equal,0.9438,0.9438,0.9438,0.0000000000
AD_x_DE,equal,0.9488,0.9488,0.9488,0.0000000000
AD_x_DE,equal,0.9539,0.9539,0.9539,0.0000000000
AD_x_DE,equal,0.9589,0.9589,0.9589,0.0000000000
AD_x_DE,equal,0.9639,0.9639,0.9639,0.0000000000
AD_x_DE,equal,0.9689,0.9689,0.9689,0.0000000000
AD_x_DE,equal,0.9739,0.9739,0.9739,0.0000000000
AD_x_DE,equal,0.9789,0.9789,0.9789,0.0000000000
AD_x_DE,equal,0.9840,0.9840,0.9840,0.0000000000
AD_x_DE,equal,0.9890,0.9890,0.9890,0.0000000000
AD_x_DE,equal,0.9940,0.9940,0.9940,0.0000000000
AD_x_DE,equal,0.9990,0.9990,0.9990,0.0000000000
DP_x_DE,equal,0.0010,0.0010,0.0010,0.9974745172
DP_x_DE,equal,0.0060,0.0060,0.0060,0.9847858996
DP_x_DE,equal,0.0110,0.0110,0.0110,0.9720586852
DP_x_DE,equal,0.0160,0.0160,0.0160,0.9592928425
DP_x_DE,equal,0.0211,0.0211,0.0211,0.9464883452
DP_x_DE,equal,0.0261,0.0261,0.0261,0.9336451726
DP_x_DE,equal,0.0311,0.0311,0.0311,0.9207633094
DP_x_DE,equal,0.0361,0.0361,0.0361,0.9078427459
DP_x_DE,equal,0.0411,0.0411,0.0411,0.8948834788
DP_x_DE,equal,0.0461,0.0461,0.0461,0.8818855107
DP_x_DE,equal,0.0512,0.0512,0.0512,0.8688488509
DP_x_DE,equal,0.0562,0.0562,0.0562,0.8557735150
DP_x_DE,equal,0.0612,0.0612,0.0612,0.8426595258
DP_x_DE,equal,0.0662,0.0662,0.0662,0.8295069133
DP_x_DE,equal,0.0712,0.0712,0.0712,0.8163157147
DP_x_DE,equal,0.0762,0.0762,0.0762,0.8030859751
DP_x_DE,equal,0.0812,0.0812,0.0812,0.7898177473
DP_x_DE,equal,0.0863,0.0863,0.0863,0.7765110926
DP_x_DE,equal,0.0913,0.0913,0.0913,0.7631660807
DP_x_DE,equal,0.0963,0.0963,0.0963,0.7497827901
DP_x_DE,equal,0.1013,0.1013,0.1013,0.7363613083
DP_x_DE,equal,0.1063,0.1063,0.1063,0.7229017325
DP_x_DE,equal,0.1113,0.1113,0.1113,0.7094041694
DP_x_DE,equal,0.1163,0.1163,0.1163,0.6958687359
DP_x_DE,equal,0.1214,0.1214,0.1214,0.6822955592
DP_x_DE,equal,0.1264,0.1264,0.1264,0.6686847775
DP_x_DE,equal,0.1314,0.1314,0.1314,0.6550365400
DP_x_DE,equal,0.1364,0.1364,0.1364,0.6413510074
DP_x_DE,equal,0.1414,0.1414,0.1414,0.6276283521
DP_x_DE,equal,0.1464,0.1464,0.1464,0.6138687592
DP_x_DE,equal,0.1515,0.1515,0.1515,0.6000724261
DP_x_DE,equal,0.1565,0.1565,0.1565,0.5862395635
DP_x_DE,equal,0.1615,0.1615,0.1615,0.5723703954
DP_x_DE,equal,0.1665,0.1665,0.1665,0.5584651601
DP_x_DE,equal,0.1715,0.1715,0.1715,0.5445241100
DP_x_DE,equal,0.1765,0.1765,0.1765,0.5305475125
DP_x_DE,equal,0.1815,0.1815,0.1815,0.5165356503
DP_x_DE,equal,0.1866,0.1866,0.1866,0.5024888219
DP_x_DE,equal,0.1916,0.1916,0.1916,0.4884073422
DP_x_DE,equal,0.1966,0.1966,0.1966,0.4742915429
DP_x_DE,equal,0.2016,0.2016,0.2016,0.4601417729
DP_x_DE,equal,0.2066,0.2066,0.2066,0.4459583994
DP_x_DE,equal,0.2116,0.2116,0.2116,0.4317418076
DP_x_DE,equal,0.2166,0.2166,0.2166,0.4174924020
DP_x_DE,equal,0.2217,0.2217,0.2217,0.4032106066
DP_x_DE,equal,0.2267,0.2267,0.2267,0.3888968657
DP_x_DE,equal,0.2317,0.2317,0.2317,0.3745516442
DP_x_DE,equal,0.2367,0.2367,0.2367,0.3601754286
DP_x_DE,equal,0.2417,0.2417,0.2417,0.3457687275
DP_x_DE,equal,0.2467,0.2467,0.2467,0.3313320720
DP_x_DE,equal,0.2518,0.2518,0.2518,0.3168660169
DP_x_DE,equal,0.2568,0.2568,0.2568,0.3023711408
DP_x_DE,equal,0.2618,0.2618,0.2618,0.2878480473
DP_x_DE,equal,0.2668,0.2668,0.2668,0.2732973653
DP_x_DE,equal,0.2718,0.2718,0.2718,0.2587197501
DP_x_DE,equal,0.2768,0.2768,0.2768,0.2441158839
DP_x_DE,equal,0.2818,0.2818,0.2818,0.2294864766
DP_x_DE,equal,0.2869,0.2869,0.2869,0.2148322667
DP_x_DE,equal,0.2919,0.2919,0.2919,0.2001540219
DP_x_DE,equal,0.2969,0.2969,0.2969,0.1854525402
DP_x_DE,equal,0.3019,0.3019,0.3019,0.1707286503
DP_x_DE,equal,0.3069,0.3069,0.3069,0.1559832130
DP_x_DE,equal,0.3119,0.3119,0.3119,0.1412171215
DP_x_DE,equal,0.3169,0.3169,0.3169,0.1264313025
DP_x_DE,equal,0.3220,0.3220,0.3220,0.1116267174
DP_x_DE,equal,0.3270,0.3270,0.3270,0.0968043624
DP_x_DE,equal,0.3320,0.3320,0.3320,0.0819652705
DP_x_DE,equal,0.3370,0.3370,0.3370,0.0671105113
DP_x_DE,equal,0.3420,0.3420,0.3420,0.0522411929
DP_x_DE,equal,0.3470,0.3470,0.3470,0.0373584621
DP_x_DE,equal,0.3521,0.3521,0.3521,0.0224635060
DP_x_DE,equal,0.3571,0.3571,0.3571,0.0075575524
DP_x_DE,equal,0.3621,0.3621,0.3621,0.0000000000
DP_x_DE,equal,0.3671,0.3671,0.3671,0.0000000000
DP_x_DE,equal,0.3721,0.3721,0.3721,0.0000000000
DP_x_DE,equal,0.3771,0.3771,0.3771,0.0000000000
DP_x_DE,equal,0.3821,0.3821,0.3821,0.0000000000
DP_x_DE,equal,0.3872,0.3872,0.3872,0.0000000000
DP_x_DE,equal,0.3922,0.3922,0.3922,0.0000000000
DP_x_DE,equal,0.3972,0.3972,0.3972,0.0000000000
DP_x_DE,equal,0.4022,0.4022,0.4022,0.0000000000
DP_x_DE,equal,0.4072,0.4072,0.4072,0.0000000000
DP_x_DE,equal,0.4122,0.4122,0.4122,0.0000000000
DP_x_DE,equal,0.4173,0.4173,0.4173,0.0000000000
DP_x_DE,equal,0.4223,0.4223,0.4223,0.0000000000
DP_x_DE,equal,0.4273,0.4273,0.4273,0.0000000000
DP_x_DE,equal,0.4323,0.4323,0.4323,0.0000000000
DP_x_DE,equal,0.4373,0.4373,0.4373,0.0000000000
DP_x_DE,equal,0.4423,0.4423,0.4423,0.0000000000
DP_x_DE,equal,0.4473,0.4473,0.4473,0.0000000000
DP_x_DE,equal,0.4524,0.4524,0.4524,0.0000000000
DP_x_DE,equal,0.4574,0.4574,0.4574,0.0000000000
DP_x_DE,equal,0.4624,0.4624,0.4624,0.0000000000
DP_x_DE,equal,0.4674,0.4674,0.4674,0.0000000000
DP_x_DE,equal,0.4724,0.4724,0.4724,0.0000000000
DP_x_DE,equal,0.4774,0.4774,0.4774,0.0000000000
DP_x_DE,equal,0.4824,0.4824,0.4824,0.0000000000
DP_x_DE,equal,0.4875,0.4875,0.4875,0.0000000000
DP_x_DE,equal,0.4925,0.4925,0.4925,0.0000000000
DP_x_DE,equal,0.4975,0.4975,0.4975,0.0000000000
DP_x_DE,equal,0.5025,0.5025,0.5025,0.0000000000
DP_x_DE,equal,0.5075,0.5075,0.5075,0.0000000000
DP_x_DE,equal,0.5125,0.5125,0.5125,0.0000000000
DP_x_DE,equal,0.5176,0.5176,0.5176,0.0000000000
DP_x_DE,equal,0.5226,0.5226,0.5226,0.0000000000
DP_x_DE,equal,0.5276,0.5276,0.5276,0.0000000000
DP_x_DE,equal,0.5326,0.5326,0.5326,0.0000000000
DP_x_DE,equal,0.5376,0.5376,0.5376,0.0000000000
DP_x_DE,equal,0.5426,0.5426,0.5426,0.0000000000
DP_x_DE,equal,0.5476,0.5476,0.5476,0.0000000000
DP_x_DE,equal,0.5527,0.5527,0.5527,0.0000000000
DP_x_DE,equal,0.5577,0.5577,0.5577,0.0000000000
DP_x_DE,equal,0.5627,0.5627,0.5627,0.0000000000
DP_x_DE,equal,0.5677,0.5677,0.5677,0.0000000000
DP_x_DE,equal,0.5727,0.5727,0.5727,0.0000000000
DP_x_DE,equal,0.5777,0.5777,0.5777,0.0000000000
DP_x_DE,equal,0.5827,0.5827,0.5827,0.0000000000
DP_x_DE,equal,0.5878,0.5878,0.5878,0.0000000000
DP_x_DE,equal,0.5928,0.5928,0.5928,0.0000000000
DP_x_DE,equal,0.5978,0.5978,0.5978,0.0000000000
DP_x_DE,equal,0.6028,0.6028,0.6028,0.0000000000
DP_x_DE,equal,0.6078,0.6078,0.6078,0.0000000000
DP_x_DE,equal,0.6128,0.6128,0.6128,0.0000000000
DP_x_DE,equal,0.6179,0.6179,0.6179,0.0000000000
DP_x_DE,equal,0.6229,0.6229,0.6229,0.0000000000
DP_x_DE,equal,0.6279,0.6279,0.6279,0.0000000000
DP_x_DE,equal,0.6329,0.6329,0.6329,0.0000000000
DP_x_DE,equal,0.6379,0.6379,0.6379,0.0000000000
DP_x_DE,equal,0.6429,0.6429,0.6429,0.0000000000
DP_x_DE,equal,0.6479,0.6479,0.6479,0.0000000000
DP_x_DE,equal,0.6530,0.6530,0.6530,0.0000000000
DP_x_DE,equal,0.6580,0.6580,0.6580,0.0000000000
DP_x_DE,equal,0.6630,0.6630,0.6630,0.0000000000
DP_x_DE,equal,0.6680,0.6680,0.6680,0.0000000000
DP_x_DE,equal,0.6730,0.6730,0.6730,0.0000000000
DP_x_DE,equal,0.6780,0.6780,0.6780,0.0000000000
DP_x_DE,equal,0.6831,0.6831,0.6831,0.0000000000
DP_x_DE,equal,0.6881,0.6881,0.6881,0.0000000000
DP_x_DE,equal,0.6931,0.6931,0.6931,0.0000000000
DP_x_DE,equal,0.6981,0.6981,0.6981,0.0000000000
DP_x_DE,equal,0.7031,0.7031,0.7031,0.0000000000
DP_x_DE,equal,0.7081,0.7081,0.7081,0.0000000000
DP_x_DE,equal,0.7131,0.7131,0.7131,0.0000000000
DP_x_DE,equal,0.7182,0.7182,0.7182,0.0000000000
DP_x_DE,equal,0.7232,0.7232,0.7232,0.0000000000
DP_x_DE,equal,0.7282,0.7282,0.7282,0.0000000000
DP_x_DE,equal,0.7332,0.7332,0.7332,0.0000000000
DP_x_DE,equal,0.7382,0.7382,0.7382,0.0000000000
DP_x_DE,equal,0.7432,0.7432,0.7432,0.0000000000
DP_x_DE,equal,0.7482,0.7482,0.7482,0.0000000000
DP_x_DE,equal,0.7533,0.7533,0.7533,0.0000000000
DP_x_DE,equal,0.7583,0.7583,0.7583,0.0000000000
DP_x_DE,equal,0.7633,0.7633,0.7633,0.0000000000
DP_x_DE,equal,0.7683,0.7683,0.7683,0.0000000000
DP_x_DE,equal,0.7733,0.7733,0.7733,0.0000000000
DP_x_DE,equal,0.7783,0.7783,0.7783,0.0000000000
DP_x_DE,equal,0.7834,0.7834,0.7834,0.0000000000
DP_x_DE,equal,0.7884,0.7884,0.7884,0.0000000000
DP_x_DE,equal,0.7934,0.7934,0.7934,0.0000000000
DP_x_DE,equal,0.7984,0.7984,0.7984,0.0000000000
DP_x_DE,equal,0.8034,0.8034,0.8034,0.0000000000
DP_x_DE,equal,0.8084,0.8084,0.8084,0.0000000000
DP_x_DE,equal,0.8134,0.8134,0.8134,0.0000000000
DP_x_DE,equal,0.8185,0.8185,0.8185,0.0000000000
DP_x_DE,equal,0.8235,0.8235,0.8235,0.0000000000
DP_x_DE,equal,0.8285,0.8285,0.8285,0.0000000000
DP_x_DE,equal,0.8335,0.8335,0.8335,0.0000000000
DP_x_DE,equal,0.8385,0.8385,0.8385,0.0000000000
DP_x_DE,equal,0.8435,0.8435,0.8435,0.0000000000
DP_x_DE,equal,0.8485,0.8485,0.8485,0.0000000000
DP_x_DE,equal,0.8536,0.8536,0.8536,0.0000000000
DP_x_DE,equal,0.8586,0.8586,0.8586,0.0000000000
DP_x_DE,equal,0.8636,0.8636,0.8636,0.0000000000
DP_x_DE,equal,0.8686,0.8686,0.8686,0.0000000000
DP_x_DE,equal,0.8736,0.8736,0.8736,0.0000000000
DP_x_DE,equal,0.8786,0.8786,0.8786,0.0000000000
DP_x_DE,equal,0.8837,0.8837,0.8837,0.0000000000
DP_x_DE,equal,0.8887,0.8887,0.8887,0.0000000000
DP_x_DE,equal,0.8937,0.8937,0.8937,0.0000000000
DP_x_DE,equal,0.8987,0.8987,0.8987,0.0000000000
DP_x_DE,equal,0.9037,0.9037,0.9037,0.0000000000
DP_x_DE,equal,0.9087,0.9087,0.9087,0.0000000000
DP_x_DE,equal,0.9137,0.9137,0.9137,0.0000000000
DP_x_DE,equal,0.9188,0.9188,0.9188,0.0000000000
DP_x_DE,equal,0.9238,0.9238,0.9238,0.0000000000
DP_x_DE,equal,0.9288,0.9288,0.9288,0.0000000000
DP_x_DE,equal,0.9338,0.9338,0.9338,0.0000000000
DP_x_DE,equal,0.9388,0.9388,0.9388,0.0000000000
DP_x_DE,equal,0.9438,0.9438,0.9438,0.0000000000
DP_x_DE,equal,0.9488,0.9488,0.9488,0.0000000000
DP_x_DE,equal,0.9539,0.9539,0.9539,0.0000000000
DP_x_DE,equal,0.9589,0.9589,0.9589,0.0000000000
DP_x_DE,equal,0.9639,0.9639,0.9639,0.0000000000
DP_x_DE,equal,0.9689,0.9689,0.9689,0.0000000000
DP_x_DE,equal,0.9739,0.9739,0.9739,0.0000000000
DP_x_DE,equal,0.9789,0.9789,0.9789,0.0000000000
DP_x_DE,equal,0.9840,0.9840,0.9840,0.0000000000
DP_x_DE,equal,0.9890,0.9890,0.9890,0.0000000000
DP_x_DE,equal,0.9940,0.9940,0.9940,0.0000000000
DP_x_DE,equal,0.9990,0.9990,0.9990,0.0000000000
AD_x_DP,AD-heavy,0.0010,0.0010,0.0003,0.9988455987
AD_x_DP,AD-heavy,0.0060,0.0060,0.0018,0.9930487986
AD_x_DP,AD-heavy,0.0110,0.0110,0.0033,0.9872396951
AD_x_DP,AD-heavy,0.0160,0.0160,0.0048,0.9814183189
AD_x_DP,AD-heavy,0.0211,0.0211,0.0063,0.9755847028
AD_x_DP,AD-heavy,0.0261,0.0261,0.0078,0.9697388821
AD_x_DP,AD-heavy,0.0311,0.0311,0.0093,0.9638808947
AD_x_DP,AD-heavy,0.0361,0.0361,0.0108,0.9580107810
AD_x_DP,AD-heavy,0.0411,0.0411,0.0123,0.9521285844
AD_x_DP,AD-heavy,0.0461,0.0461,0.0138,0.9462343507
AD_x_DP,AD-heavy,0.0512,0.0512,0.0153,0.9403281288
AD_x_DP,AD-heavy,0.0562,0.0562,0.0168,0.9344099703
AD_x_DP,AD-heavy,0.0612,0.0612,0.0184,0.9284799300
AD_x_DP,AD-heavy,0.0662,0.0662,0.0199,0.9225380658
AD_x_DP,AD-heavy,0.0712,0.0712,0.0214,0.9165844388
AD_x_DP,AD-heavy,0.0762,0.0762,0.0229,0.9106191132
AD_x_DP,AD-heavy,0.0812,0.0812,0.0244,0.9046421568
AD_x_DP,AD-heavy,0.0863,0.0863,0.0259,0.8986536408
AD_x_DP,AD-heavy,0.0913,0.0913,0.0274,0.8926536399
AD_x_DP,AD-heavy,0.0963,0.0963,0.0289,0.8866422326
AD_x_DP,AD-heavy,0.1013,0.1013,0.0304,0.8806195011
AD_x_DP,AD-heavy,0.1063,0.1063,0.0319,0.8745855315
AD_x_DP,AD-heavy,0.1113,0.1113,0.0334,0.8685404138
AD_x_DP,AD-heavy,0.1163,0.1163,0.0349,0.8624842424
AD_x_DP,AD-heavy,0.1214,0.1214,0.0364,0.8564171154
AD_x_DP,AD-heavy,0.1264,0.1264,0.0379,0.8503391358
AD_x_DP,AD-heavy,0.1314,0.1314,0.0394,0.8442504106
AD_x_DP,AD-heavy,0.1364,0.1364,0.0409,0.8381510515
AD_x_DP,AD-heavy,0.1414,0.1414,0.0424,0.8320411750
AD_x_DP,AD-heavy,0.1464,0.1464,0.0439,0.8259209023
AD_x_DP,AD-heavy,0.1515,0.1515,0.0454,0.8197903595
AD_x_DP,AD-heavy,0.1565,0.1565,0.0469,0.8136496779
AD_x_DP,AD-heavy,0.1615,0.1615,0.0484,0.8074989939
AD_x_DP,AD-heavy,0.1665,0.1665,0.0499,0.8013384492
AD_x_DP,AD-heavy,0.1715,0.1715,0.0515,0.7951681910
AD_x_DP,AD-heavy,0.1765,0.1765,0.0530,0.7889883722
AD_x_DP,AD-heavy,0.1815,0.1815,0.0545,0.7827991514
AD_x_DP,AD-heavy,0.1866,0.1866,0.0560,0.7766006930
AD_x_DP,AD-heavy,0.1916,0.1916,0.0575,0.7703931677
AD_x_DP,AD-heavy,0.1966,0.1966,0.0590,0.7641767521
AD_x_DP,AD-heavy,0.2016,0.2016,0.0605,0.7579516292
AD_x_DP,AD-heavy,0.2066,0.2066,0.0620,0.7517179888
AD_x_DP,AD-heavy,0.2116,0.2116,0.0635,0.7454760271
AD_x_DP,AD-heavy,0.2166,0.2166,0.0650,0.7392259471
AD_x_DP,AD-heavy,0.2217,0.2217,0.0665,0.7329679588
AD_x_DP,AD-heavy,0.2267,0.2267,0.0680,0.7267022796
AD_x_DP,AD-heavy,0.2317,0.2317,0.0695,0.7204291339
AD_x_DP,AD-heavy,0.2367,0.2367,0.0710,0.7141487537
AD_x_DP,AD-heavy,0.2417,0.2417,0.0725,0.7078613786
AD_x_DP,AD-heavy,0.2467,0.2467,0.0740,0.7015672563
AD_x_DP,AD-heavy,0.2518,0.2518,0.0755,0.6952666421
AD_x_DP,AD-heavy,0.2568,0.2568,0.0770,0.6889597997
AD_x_DP,AD-heavy,0.2618,0.2618,0.0785,0.6826470011
AD_x_DP,AD-heavy,0.2668,0.2668,0.0800,0.6763285270
AD_x_DP,AD-heavy,0.2718,0.2718,0.0815,0.6700046664
AD_x_DP,AD-heavy,0.2768,0.2768,0.0830,0.6636757176
AD_x_DP,AD-heavy,0.2818,0.2818,0.0846,0.6573419878
AD_x_DP,AD-heavy,0.2869,0.2869,0.0861,0.6510037934
AD_x_DP,AD-heavy,0.2919,0.2919,0.0876,0.6446614603
AD_x_DP,AD-heavy,0.2969,0.2969,0.0891,0.6383153241
AD_x_DP,AD-heavy,0.3019,0.3019,0.0906,0.6319657300
AD_x_DP,AD-heavy,0.3069,0.3069,0.0921,0.6256130334
AD_x_DP,AD-heavy,0.3119,0.3119,0.0936,0.6192575996
AD_x_DP,AD-heavy,0.3169,0.3169,0.0951,0.6128998044
AD_x_DP,AD-heavy,0.3220,0.3220,0.0966,0.6065400341
AD_x_DP,AD-heavy,0.3270,0.3270,0.0981,0.6001786856
AD_x_DP,AD-heavy,0.3320,0.3320,0.0996,0.5938161669
AD_x_DP,AD-heavy,0.3370,0.3370,0.1011,0.5874528966
AD_x_DP,AD-heavy,0.3420,0.3420,0.1026,0.5810893050
AD_x_DP,AD-heavy,0.3470,0.3470,0.1041,0.5747258332
AD_x_DP,AD-heavy,0.3521,0.3521,0.1056,0.5683629344
AD_x_DP,AD-heavy,0.3571,0.3571,0.1071,0.5620010730
AD_x_DP,AD-heavy,0.3621,0.3621,0.1086,0.5556407255
AD_x_DP,AD-heavy,0.3671,0.3671,0.1101,0.5492823801
AD_x_DP,AD-heavy,0.3721,0.3721,0.1116,0.5429265375
AD_x_DP,AD-heavy,0.3771,0.3771,0.1131,0.5365737102
AD_x_DP,AD-heavy,0.3821,0.3821,0.1146,0.5302244233
AD_x_DP,AD-heavy,0.3872,0.3872,0.1161,0.5238792144
AD_x_DP,AD-heavy,0.3922,0.3922,0.1177,0.5175386334
AD_x_DP,AD-heavy,0.3972,0.3972,0.1192,0.5112032431
AD_x_DP,AD-heavy,0.4022,0.4022,0.1207,0.5048736190
AD_x_DP,AD-heavy,0.4072,0.4072,0.1222,0.4985503494
AD_x_DP,AD-heavy,0.4122,0.4122,0.1237,0.4922340354
AD_x_DP,AD-heavy,0.4173,0.4173,0.1252,0.4859252913
AD_x_DP,AD-heavy,0.4223,0.4223,0.1267,0.4796247440
AD_x_DP,AD-heavy,0.4273,0.4273,0.1282,0.4733330335
AD_x_DP,AD-heavy,0.4323,0.4323,0.1297,0.4670508131
AD_x_DP,AD-heavy,0.4373,0.4373,0.1312,0.4607787486
AD_x_DP,AD-heavy,0.4423,0.4423,0.1327,0.4545175190
AD_x_DP,AD-heavy,0.4473,0.4473,0.1342,0.4482678162
AD_x_DP,AD-heavy,0.4524,0.4524,0.1357,0.4420303448
AD_x_DP,AD-heavy,0.4574,0.4574,0.1372,0.4358058224
AD_x_DP,AD-heavy,0.4624,0.4624,0.1387,0.4295949788
AD_x_DP,AD-heavy,0.4674,0.4674,0.1402,0.4233985568
AD_x_DP,AD-heavy,0.4724,0.4724,0.1417,0.4172173112
AD_x_DP,AD-heavy,0.4774,0.4774,0.1432,0.4110520091
AD_x_DP,AD-heavy,0.4824,0.4824,0.1447,0.4049034296
AD_x_DP,AD-heavy,0.4875,0.4875,0.1462,0.3987723633
AD_x_DP,AD-heavy,0.4925,0.4925,0.1477,0.3926596127
AD_x_DP,AD-heavy,0.4975,0.4975,0.1492,0.3865659912
AD_x_DP,AD-heavy,0.5025,0.5025,0.1508,0.3804923230
AD_x_DP,AD-heavy,0.5075,0.5075,0.1523,0.3744394432
AD_x_DP,AD-heavy,0.5125,0.5125,0.1538,0.3684081969
AD_x_DP,AD-heavy,0.5176,0.5176,0.1553,0.3623994389
AD_x_DP,AD-heavy,0.5226,0.5226,0.1568,0.3564140334
AD_x_DP,AD-heavy,0.5276,0.5276,0.1583,0.3504528535
AD_x_DP,AD-heavy,0.5326,0.5326,0.1598,0.3445167808
AD_x_DP,AD-heavy,0.5376,0.5376,0.1613,0.3386067045
AD_x_DP,AD-heavy,0.5426,0.5426,0.1628,0.3327235214
AD_x_DP,AD-heavy,0.5476,0.5476,0.1643,0.3268681349
AD_x_DP,AD-heavy,0.5527,0.5527,0.1658,0.3210414542
AD_x_DP,AD-heavy,0.5577,0.5577,0.1673,0.3152443944
AD_x_DP,AD-heavy,0.5627,0.5627,0.1688,0.3094778750
AD_x_DP,AD-heavy,0.5677,0.5677,0.1703,0.3037428196
AD_x_DP,AD-heavy,0.5727,0.5727,0.1718,0.2980401550
AD_x_DP,AD-heavy,0.5777,0.5777,0.1733,0.2923708105
AD_x_DP,AD-heavy,0.5827,0.5827,0.1748,0.2867357169
AD_x_DP,AD-heavy,0.5878,0.5878,0.1763,0.2811358060
AD_x_DP,AD-heavy,0.5928,0.5928,0.1778,0.2755720094
AD_x_DP,AD-heavy,0.5978,0.5978,0.1793,0.2700452575
AD_x_DP,AD-heavy,0.6028,0.6028,0.1808,0.2645564791
AD_x_DP,AD-heavy,0.6078,0.6078,0.1823,0.2591065997
AD_x_DP,AD-heavy,0.6128,0.6128,0.1839,0.2536965412
AD_x_DP,AD-heavy,0.6179,0.6179,0.1854,0.2483272204
AD_x_DP,AD-heavy,0.6229,0.6229,0.1869,0.2429995484
AD_x_DP,AD-heavy,0.6279,0.6279,0.1884,0.2377144289
AD_x_DP,AD-heavy,0.6329,0.6329,0.1899,0.2324727581
AD_x_DP,AD-heavy,0.6379,0.6379,0.1914,0.2272754225
AD_x_DP,AD-heavy,0.6429,0.6429,0.1929,0.2221232989
AD_x_DP,AD-heavy,0.6479,0.6479,0.1944,0.2170172525
AD_x_DP,AD-heavy,0.6530,0.6530,0.1959,0.2119581360
AD_x_DP,AD-heavy,0.6580,0.6580,0.1974,0.2069467889
AD_x_DP,AD-heavy,0.6630,0.6630,0.1989,0.2019840359
AD_x_DP,AD-heavy,0.6680,0.6680,0.2004,0.1970706859
AD_x_DP,AD-heavy,0.6730,0.6730,0.2019,0.1922075312
AD_x_DP,AD-heavy,0.6780,0.6780,0.2034,0.1873953461
AD_x_DP,AD-heavy,0.6831,0.6831,0.2049,0.1826348859
AD_x_DP,AD-heavy,0.6881,0.6881,0.2064,0.1779268859
AD_x_DP,AD-heavy,0.6931,0.6931,0.2079,0.1732720604
AD_x_DP,AD-heavy,0.6981,0.6981,0.2094,0.1686711016
AD_x_DP,AD-heavy,0.7031,0.7031,0.2109,0.1641246786
AD_x_DP,AD-heavy,0.7081,0.7081,0.2124,0.1596334366
AD_x_DP,AD-heavy,0.7131,0.7131,0.2139,0.1551979958
AD_x_DP,AD-heavy,0.7182,0.7182,0.2154,0.1508189508
AD_x_DP,AD-heavy,0.7232,0.7232,0.2170,0.1464968692
AD_x_DP,AD-heavy,0.7282,0.7282,0.2185,0.1422322914
AD_x_DP,AD-heavy,0.7332,0.7332,0.2200,0.1380257295
AD_x_DP,AD-heavy,0.7382,0.7382,0.2215,0.1338776667
AD_x_DP,AD-heavy,0.7432,0.7432,0.2230,0.1297885568
AD_x_DP,AD-heavy,0.7482,0.7482,0.2245,0.1257588230
AD_x_DP,AD-heavy,0.7533,0.7533,0.2260,0.1217888581
AD_x_DP,AD-heavy,0.7583,0.7583,0.2275,0.1178790235
AD_x_DP,AD-heavy,0.7633,0.7633,0.2290,0.1140296491
AD_x_DP,AD-heavy,0.7683,0.7683,0.2305,0.1102410326
AD_x_DP,AD-heavy,0.7733,0.7733,0.2320,0.1065134392
AD_x_DP,AD-heavy,0.7783,0.7783,0.2335,0.1028471018
AD_x_DP,AD-heavy,0.7834,0.7834,0.2350,0.0992422202
AD_x_DP,AD-heavy,0.7884,0.7884,0.2365,0.0956989612
AD_x_DP,AD-heavy,0.7934,0.7934,0.2380,0.0922174588
AD_x_DP,AD-heavy,0.7984,0.7984,0.2395,0.0887978138
AD_x_DP,AD-heavy,0.8034,0.8034,0.2410,0.0854400940
AD_x_DP,AD-heavy,0.8084,0.8084,0.2425,0.0821443343
AD_x_DP,AD-heavy,0.8134,0.8134,0.2440,0.0789105369
AD_x_DP,AD-heavy,0.8185,0.8185,0.2455,0.0757386716
AD_x_DP,AD-heavy,0.8235,0.8235,0.2470,0.0726286759
AD_x_DP,AD-heavy,0.8285,0.8285,0.2485,0.0695804554
AD_x_DP,AD-heavy,0.8335,0.8335,0.2501,0.0665938844
AD_x_DP,AD-heavy,0.8385,0.8385,0.2516,0.0636688061
AD_x_DP,AD-heavy,0.8435,0.8435,0.2531,0.0608050333
AD_x_DP,AD-heavy,0.8485,0.8485,0.2546,0.0580023486
AD_x_DP,AD-heavy,0.8536,0.8536,0.2561,0.0552605055
AD_x_DP,AD-heavy,0.8586,0.8586,0.2576,0.0525792288
AD_x_DP,AD-heavy,0.8636,0.8636,0.2591,0.0499582149
AD_x_DP,AD-heavy,0.8686,0.8686,0.2606,0.0473971333
AD_x_DP,AD-heavy,0.8736,0.8736,0.2621,0.0448956265
AD_x_DP,AD-heavy,0.8786,0.8786,0.2636,0.0424533116
AD_x_DP,AD-heavy,0.8837,0.8837,0.2651,0.0400697804
AD_x_DP,AD-heavy,0.8887,0.8887,0.2666,0.0377446006
AD_x_DP,AD-heavy,0.8937,0.8937,0.2681,0.0354773166
AD_x_DP,AD-heavy,0.8987,0.8987,0.2696,0.0332674504
AD_x_DP,AD-heavy,0.9037,0.9037,0.2711,0.0311145023
AD_x_DP,AD-heavy,0.9087,0.9087,0.2726,0.0290179522
AD_x_DP,AD-heavy,0.9137,0.9137,0.2741,0.0269772600
AD_x_DP,AD-heavy,0.9188,0.9188,0.2756,0.0249918670
AD_x_DP,AD-heavy,0.9238,0.9238,0.2771,0.0230611965
AD_x_DP,AD-heavy,0.9288,0.9288,0.2786,0.0211846547
AD_x_DP,AD-heavy,0.9338,0.9338,0.2801,0.0193616322
AD_x_DP,AD-heavy,0.9388,0.9388,0.2816,0.0175915042
AD_x_DP,AD-heavy,0.9438,0.9438,0.2832,0.0158736317
AD_x_DP,AD-heavy,0.9488,0.9488,0.2847,0.0142073626
AD_x_DP,AD-heavy,0.9539,0.9539,0.2862,0.0125920325
AD_x_DP,AD-heavy,0.9589,0.9589,0.2877,0.0110269653
AD_x_DP,AD-heavy,0.9639,0.9639,0.2892,0.0095114747
AD_x_DP,AD-heavy,0.9689,0.9689,0.2907,0.0080448644
AD_x_DP,AD-heavy,0.9739,0.9739,0.2922,0.0066264296
AD_x_DP,AD-heavy,0.9789,0.9789,0.2937,0.0052554572
AD_x_DP,AD-heavy,0.9840,0.9840,0.2952,0.0039312273
AD_x_DP,AD-heavy,0.9890,0.9890,0.2967,0.0026530132
AD_x_DP,AD-heavy,0.9940,0.9940,0.2982,0.0014200831
AD_x_DP,AD-heavy,0.9990,0.9990,0.2997,0.0002317001
AD_x_DE,AD-heavy,0.0010,0.0010,0.0003,0.9989538834
AD_x_DE,AD-heavy,0.0060,0.0060,0.0018,0.9937026259
AD_x_DE,AD-heavy,0.0110,0.0110,0.0033,0.9884432077
AD_x_DE,AD-heavy,0.0160,0.0160,0.0048,0.9831756516
AD_x_DE,AD-heavy,0.0211,0.0211,0.0063,0.9778999816
AD_x_DE,AD-heavy,0.0261,0.0261,0.0078,0.9726162231
AD_x_DE,AD-heavy,0.0311,0.0311,0.0093,0.9673244024
AD_x_DE,AD-heavy,0.0361,0.0361,0.0108,0.9620245471
AD_x_DE,AD-heavy,0.0411,0.0411,0.0123,0.9567166864
AD_x_DE,AD-heavy,0.0461,0.0461,0.0138,0.9514008503
AD_x_DE,AD-heavy,0.0512,0.0512,0.0153,0.9460770704
AD_x_DE,AD-heavy,0.0562,0.0562,0.0168,0.9407453797
AD_x_DE,AD-heavy,0.0612,0.0612,0.0184,0.9354058125
AD_x_DE,AD-heavy,0.0662,0.0662,0.0199,0.9300584044
AD_x_DE,AD-heavy,0.0712,0.0712,0.0214,0.9247031927
AD_x_DE,AD-heavy,0.0762,0.0762,0.0229,0.9193402160
AD_x_DE,AD-heavy,0.0812,0.0812,0.0244,0.9139695144
AD_x_DE,AD-heavy,0.0863,0.0863,0.0259,0.9085911297
AD_x_DE,AD-heavy,0.0913,0.0913,0.0274,0.9032051052
AD_x_DE,AD-heavy,0.0963,0.0963,0.0289,0.8978114858
AD_x_DE,AD-heavy,0.1013,0.1013,0.0304,0.8924103180
AD_x_DE,AD-heavy,0.1063,0.1063,0.0319,0.8870016501
AD_x_DE,AD-heavy,0.1113,0.1113,0.0334,0.8815855322
AD_x_DE,AD-heavy,0.1163,0.1163,0.0349,0.8761620160
AD_x_DE,AD-heavy,0.1214,0.1214,0.0364,0.8707311551
AD_x_DE,AD-heavy,0.1264,0.1264,0.0379,0.8652930048
AD_x_DE,AD-heavy,0.1314,0.1314,0.0394,0.8598476225
AD_x_DE,AD-heavy,0.1364,0.1364,0.0409,0.8543950675
AD_x_DE,AD-heavy,0.1414,0.1414,0.0424,0.8489354008
AD_x_DE,AD-heavy,0.1464,0.1464,0.0439,0.8434686859
AD_x_DE,AD-heavy,0.1515,0.1515,0.0454,0.8379949878
AD_x_DE,AD-heavy,0.1565,0.1565,0.0469,0.8325143740
AD_x_DE,AD-heavy,0.1615,0.1615,0.0484,0.8270269140
AD_x_DE,AD-heavy,0.1665,0.1665,0.0499,0.8215326796
AD_x_DE,AD-heavy,0.1715,0.1715,0.0515,0.8160317445
AD_x_DE,AD-heavy,0.1765,0.1765,0.0530,0.8105241852
AD_x_DE,AD-heavy,0.1815,0.1815,0.0545,0.8050100800
AD_x_DE,AD-heavy,0.1866,0.1866,0.0560,0.7994895101
AD_x_DE,AD-heavy,0.1916,0.1916,0.0575,0.7939625586
AD_x_DE,AD-heavy,0.1966,0.1966,0.0590,0.7884293115
AD_x_DE,AD-heavy,0.2016,0.2016,0.0605,0.7828898572
AD_x_DE,AD-heavy,0.2066,0.2066,0.0620,0.7773442865
AD_x_DE,AD-heavy,0.2116,0.2116,0.0635,0.7717926932
AD_x_DE,AD-heavy,0.2166,0.2166,0.0650,0.7662351734
AD_x_DE,AD-heavy,0.2217,0.2217,0.0665,0.7606718262
AD_x_DE,AD-heavy,0.2267,0.2267,0.0680,0.7551027534
AD_x_DE,AD-heavy,0.2317,0.2317,0.0695,0.7495280597
AD_x_DE,AD-heavy,0.2367,0.2367,0.0710,0.7439478527
AD_x_DE,AD-heavy,0.2417,0.2417,0.0725,0.7383622430
AD_x_DE,AD-heavy,0.2467,0.2467,0.0740,0.7327713441
AD_x_DE,AD-heavy,0.2518,0.2518,0.0755,0.7271752726
AD_x_DE,AD-heavy,0.2568,0.2568,0.0770,0.7215741485
AD_x_DE,AD-heavy,0.2618,0.2618,0.0785,0.7159680947
AD_x_DE,AD-heavy,0.2668,0.2668,0.0800,0.7103572375
AD_x_DE,AD-heavy,0.2718,0.2718,0.0815,0.7047417065
AD_x_DE,AD-heavy,0.2768,0.2768,0.0830,0.6991216348
AD_x_DE,AD-heavy,0.2818,0.2818,0.0846,0.6934971588
AD_x_DE,AD-heavy,0.2869,0.2869,0.0861,0.6878684185
AD_x_DE,AD-heavy,0.2919,0.2919,0.0876,0.6822355575
AD_x_DE,AD-heavy,0.2969,0.2969,0.0891,0.6765987231
AD_x_DE,AD-heavy,0.3019,0.3019,0.0906,0.6709580660
AD_x_DE,AD-heavy,0.3069,0.3069,0.0921,0.6653137412
AD_x_DE,AD-heavy,0.3119,0.3119,0.0936,0.6596659072
AD_x_DE,AD-heavy,0.3169,0.3169,0.0951,0.6540147264
AD_x_DE,AD-heavy,0.3220,0.3220,0.0966,0.6483603654
AD_x_DE,AD-heavy,0.3270,0.3270,0.0981,0.6427029948
AD_x_DE,AD-heavy,0.3320,0.3320,0.0996,0.6370427892
AD_x_DE,AD-heavy,0.3370,0.3370,0.1011,0.6313799275
AD_x_DE,AD-heavy,0.3420,0.3420,0.1026,0.6257145928
AD_x_DE,AD-heavy,0.3470,0.3470,0.1041,0.6200469728
AD_x_DE,AD-heavy,0.3521,0.3521,0.1056,0.6143772592
AD_x_DE,AD-heavy,0.3571,0.3571,0.1071,0.6087056484
AD_x_DE,AD-heavy,0.3621,0.3621,0.1086,0.6030323415
AD_x_DE,AD-heavy,0.3671,0.3671,0.1101,0.5973575441
AD_x_DE,AD-heavy,0.3721,0.3721,0.1116,0.5916814663
AD_x_DE,AD-heavy,0.3771,0.3771,0.1131,0.5860043232
AD_x_DE,AD-heavy,0.3821,0.3821,0.1146,0.5803263348
AD_x_DE,AD-heavy,0.3872,0.3872,0.1161,0.5746477259
AD_x_DE,AD-heavy,0.3922,0.3922,0.1177,0.5689687263
AD_x_DE,AD-heavy,0.3972,0.3972,0.1192,0.5632895708
AD_x_DE,AD-heavy,0.4022,0.4022,0.1207,0.5576104995
AD_x_DE,AD-heavy,0.4072,0.4072,0.1222,0.5519317576
AD_x_DE,AD-heavy,0.4122,0.4122,0.1237,0.5462535956
AD_x_DE,AD-heavy,0.4173,0.4173,0.1252,0.5405762694
AD_x_DE,AD-heavy,0.4223,0.4223,0.1267,0.5349000401
AD_x_DE,AD-heavy,0.4273,0.4273,0.1282,0.5292251746
AD_x_DE,AD-heavy,0.4323,0.4323,0.1297,0.5235519452
AD_x_DE,AD-heavy,0.4373,0.4373,0.1312,0.5178806299
AD_x_DE,AD-heavy,0.4423,0.4423,0.1327,0.5122115121
AD_x_DE,AD-heavy,0.4473,0.4473,0.1342,0.5065448814
AD_x_DE,AD-heavy,0.4524,0.4524,0.1357,0.5008810329
AD_x_DE,AD-heavy,0.4574,0.4574,0.1372,0.4952202677
AD_x_DE,AD-heavy,0.4624,0.4624,0.1387,0.4895628930
AD_x_DE,AD-heavy,0.4674,0.4674,0.1402,0.4839092216
AD_x_DE,AD-heavy,0.4724,0.4724,0.1417,0.4782595727
AD_x_DE,AD-heavy,0.4774,0.4774,0.1432,0.4726142716
AD_x_DE,AD-heavy,0.4824,0.4824,0.1447,0.4669736497
AD_x_DE,AD-heavy,0.4875,0.4875,0.1462,0.4613380446
AD_x_DE,AD-heavy,0.4925,0.4925,0.1477,0.4557078002
AD_x_DE,AD-heavy,0.4975,0.4975,0.1492,0.4500832667
AD_x_DE,AD-heavy,0.5025,0.5025,0.1508,0.4444648008
AD_x_DE,AD-heavy,0.5075,0.5075,0.1523,0.4388527656
AD_x_DE,AD-heavy,0.5125,0.5125,0.1538,0.4332475304
AD_x_DE,AD-heavy,0.5176,0.5176,0.1553,0.4276494712
AD_x_DE,AD-heavy,0.5226,0.5226,0.1568,0.4220589705
AD_x_DE,AD-heavy,0.5276,0.5276,0.1583,0.4164764174
AD_x_DE,AD-heavy,0.5326,0.5326,0.1598,0.4109022074
AD_x_DE,AD-heavy,0.5376,0.5376,0.1613,0.4053367428
AD_x_DE,AD-heavy,0.5426,0.5426,0.1628,0.3997804324
AD_x_DE,AD-heavy,0.5476,0.5476,0.1643,0.3942336915
AD_x_DE,AD-heavy,0.5527,0.5527,0.1658,0.3886969423
AD_x_DE,AD-heavy,0.5577,0.5577,0.1673,0.3831706135
AD_x_DE,AD-heavy,0.5627,0.5627,0.1688,0.3776551404
AD_x_DE,AD-heavy,0.5677,0.5677,0.1703,0.3721509649
AD_x_DE,AD-heavy,0.5727,0.5727,0.1718,0.3666585358
AD_x_DE,AD-heavy,0.5777,0.5777,0.1733,0.3611783080
AD_x_DE,AD-heavy,0.5827,0.5827,0.1748,0.3557107435
AD_x_DE,AD-heavy,0.5878,0.5878,0.1763,0.3502563105
AD_x_DE,AD-heavy,0.5928,0.5928,0.1778,0.3448154837
AD_x_DE,AD-heavy,0.5978,0.5978,0.1793,0.3393887446
AD_x_DE,AD-heavy,0.6028,0.6028,0.1808,0.3339765808
AD_x_DE,AD-heavy,0.6078,0.6078,0.1823,0.3285794863
AD_x_DE,AD-heavy,0.6128,0.6128,0.1839,0.3231979616
AD_x_DE,AD-heavy,0.6179,0.6179,0.1854,0.3178325131
AD_x_DE,AD-heavy,0.6229,0.6229,0.1869,0.3124836537
AD_x_DE,AD-heavy,0.6279,0.6279,0.1884,0.3071519020
AD_x_DE,AD-heavy,0.6329,0.6329,0.1899,0.3018377830
AD_x_DE,AD-heavy,0.6379,0.6379,0.1914,0.2965418273
AD_x_DE,AD-heavy,0.6429,0.6429,0.1929,0.2912645711
AD_x_DE,AD-heavy,0.6479,0.6479,0.1944,0.2860065566
AD_x_DE,AD-heavy,0.6530,0.6530,0.1959,0.2807683314
AD_x_DE,AD-heavy,0.6580,0.6580,0.1974,0.2755504482
AD_x_DE,AD-heavy,0.6630,0.6630,0.1989,0.2703534653
AD_x_DE,AD-heavy,0.6680,0.6680,0.2004,0.2651779459
AD_x_DE,AD-heavy,0.6730,0.6730,0.2019,0.2600244581
AD_x_DE,AD-heavy,0.6780,0.6780,0.2034,0.2548935747
AD_x_DE,AD-heavy,0.6831,0.6831,0.2049,0.2497858732
AD_x_DE,AD-heavy,0.6881,0.6881,0.2064,0.2447019354
AD_x_DE,AD-heavy,0.6931,0.6931,0.2079,0.2396423471
AD_x_DE,AD-heavy,0.6981,0.6981,0.2094,0.2346076982
AD_x_DE,AD-heavy,0.7031,0.7031,0.2109,0.2295985824
AD_x_DE,AD-heavy,0.7081,0.7081,0.2124,0.2246155966
AD_x_DE,AD-heavy,0.7131,0.7131,0.2139,0.2196593412
AD_x_DE,AD-heavy,0.7182,0.7182,0.2154,0.2147304195
AD_x_DE,AD-heavy,0.7232,0.7232,0.2170,0.2098294375
AD_x_DE,AD-heavy,0.7282,0.7282,0.2185,0.2049570038
AD_x_DE,AD-heavy,0.7332,0.7332,0.2200,0.2001137289
AD_x_DE,AD-heavy,0.7382,0.7382,0.2215,0.1953002255
AD_x_DE,AD-heavy,0.7432,0.7432,0.2230,0.1905171077
AD_x_DE,AD-heavy,0.7482,0.7482,0.2245,0.1857649910
AD_x_DE,AD-heavy,0.7533,0.7533,0.2260,0.1810444916
AD_x_DE,AD-heavy,0.7583,0.7583,0.2275,0.1763562267
AD_x_DE,AD-heavy,0.7633,0.7633,0.2290,0.1717008134
AD_x_DE,AD-heavy,0.7683,0.7683,0.2305,0.1670788692
AD_x_DE,AD-heavy,0.7733,0.7733,0.2320,0.1624910107
AD_x_DE,AD-heavy,0.7783,0.7783,0.2335,0.1579378541
AD_x_DE,AD-heavy,0.7834,0.7834,0.2350,0.1534200143
AD_x_DE,AD-heavy,0.7884,0.7884,0.2365,0.1489381048
AD_x_DE,AD-heavy,0.7934,0.7934,0.2380,0.1444927370
AD_x_DE,AD-heavy,0.7984,0.7984,0.2395,0.1400845204
AD_x_DE,AD-heavy,0.8034,0.8034,0.2410,0.1357140614
AD_x_DE,AD-heavy,0.8084,0.8084,0.2425,0.1313819635
AD_x_DE,AD-heavy,0.8134,0.8134,0.2440,0.1270888269
AD_x_DE,AD-heavy,0.8185,0.8185,0.2455,0.1228352477
AD_x_DE,AD-heavy,0.8235,0.8235,0.2470,0.1186218177
AD_x_DE,AD-heavy,0.8285,0.8285,0.2485,0.1144491242
AD_x_DE,AD-heavy,0.8335,0.8335,0.2501,0.1103177491
AD_x_DE,AD-heavy,0.8385,0.8385,0.2516,0.1062282689
AD_x_DE,AD-heavy,0.8435,0.8435,0.2531,0.1021812542
AD_x_DE,AD-heavy,0.8485,0.8485,0.2546,0.0981772691
AD_x_DE,AD-heavy,0.8536,0.8536,0.2561,0.0942168709
AD_x_DE,AD-heavy,0.8586,0.8586,0.2576,0.0903006098
AD_x_DE,AD-heavy,0.8636,0.8636,0.2591,0.0864290282
AD_x_DE,AD-heavy,0.8686,0.8686,0.2606,0.0826026606
AD_x_DE,AD-heavy,0.8736,0.8736,0.2621,0.0788220328
AD_x_DE,AD-heavy,0.8786,0.8786,0.2636,0.0750876619
AD_x_DE,AD-heavy,0.8837,0.8837,0.2651,0.0714000557
AD_x_DE,AD-heavy,0.8887,0.8887,0.2666,0.0677597124
AD_x_DE,AD-heavy,0.8937,0.8937,0.2681,0.0641671199
AD_x_DE,AD-heavy,0.8987,0.8987,0.2696,0.0606227559
AD_x_DE,AD-heavy,0.9037,0.9037,0.2711,0.0571270870
AD_x_DE,AD-heavy,0.9087,0.9087,0.2726,0.0536805688
AD_x_DE,AD-heavy,0.9137,0.9137,0.2741,0.0502836454
AD_x_DE,AD-heavy,0.9188,0.9188,0.2756,0.0469367486
AD_x_DE,AD-heavy,0.9238,0.9238,0.2771,0.0436402984
AD_x_DE,AD-heavy,0.9288,0.9288,0.2786,0.0403947019
AD_x_DE,AD-heavy,0.9338,0.9338,0.2801,0.0372003535
AD_x_DE,AD-heavy,0.9388,0.9388,0.2816,0.0340576343
AD_x_DE,AD-heavy,0.9438,0.9438,0.2832,0.0309669119
AD_x_DE,AD-heavy,0.9488,0.9488,0.2847,0.0279285401
AD_x_DE,AD-heavy,0.9539,0.9539,0.2862,0.0249428588
AD_x_DE,AD-heavy,0.9589,0.9589,0.2877,0.0220101933
AD_x_DE,AD-heavy,0.9639,0.9639,0.2892,0.0191308548
AD_x_DE,AD-heavy,0.9689,0.9689,0.2907,0.0163051393
AD_x_DE,AD-heavy,0.9739,0.9739,0.2922,0.0135333283
AD_x_DE,AD-heavy,0.9789,0.9789,0.2937,0.0108156878
AD_x_DE,AD-heavy,0.9840,0.9840,0.2952,0.0081524687
AD_x_DE,AD-heavy,0.9890,0.9890,0.2967,0.0055439064
AD_x_DE,AD-heavy,0.9940,0.9940,0.2982,0.0029902206
AD_x_DE,AD-heavy,0.9990,0.9990,0.2997,0.0004916156
DP_x_DE,AD-heavy,0.0010,0.0010,0.0003,0.9982320486
DP_x_DE,AD-heavy,0.0060,0.0060,0.0018,0.9893459658
DP_x_DE,AD-heavy,0.0110,0.0110,0.0033,0.9804268798
DP_x_DE,AD-heavy,0.0160,0.0160,0.0048,0.9714745167
DP_x_DE,AD-heavy,0.0211,0.0211,0.0063,0.9624885992
DP_x_DE,AD-heavy,0.0261,0.0261,0.0078,0.9534688462
DP_x_DE,AD-heavy,0.0311,0.0311,0.0093,0.9444149732
DP_x_DE,AD-heavy,0.0361,0.0361,0.0108,0.9353266914
DP_x_DE,AD-heavy,0.0411,0.0411,0.0123,0.9262037087
DP_x_DE,AD-heavy,0.0461,0.0461,0.0138,0.9170457286
DP_x_DE,AD-heavy,0.0512,0.0512,0.0153,0.9078524510
DP_x_DE,AD-heavy,0.0562,0.0562,0.0168,0.8986235713
DP_x_DE,AD-heavy,0.0612,0.0612,0.0184,0.8893587810
DP_x_DE,AD-heavy,0.0662,0.0662,0.0199,0.8800577675
DP_x_DE,AD-heavy,0.0712,0.0712,0.0214,0.8707202136
DP_x_DE,AD-heavy,0.0762,0.0762,0.0229,0.8613457979
DP_x_DE,AD-heavy,0.0812,0.0812,0.0244,0.8519341944
DP_x_DE,AD-heavy,0.0863,0.0863,0.0259,0.8424850727
DP_x_DE,AD-heavy,0.0913,0.0913,0.0274,0.8329980976
DP_x_DE,AD-heavy,0.0963,0.0963,0.0289,0.8234729293
DP_x_DE,AD-heavy,0.1013,0.1013,0.0304,0.8139092230
DP_x_DE,AD-heavy,0.1063,0.1063,0.0319,0.8043066292
DP_x_DE,AD-heavy,0.1113,0.1113,0.0334,0.7946647933
DP_x_DE,AD-heavy,0.1163,0.1163,0.0349,0.7849833554
DP_x_DE,AD-heavy,0.1214,0.1214,0.0364,0.7752619507
DP_x_DE,AD-heavy,0.1264,0.1264,0.0379,0.7655002089
DP_x_DE,AD-heavy,0.1314,0.1314,0.0394,0.7556977544
DP_x_DE,AD-heavy,0.1364,0.1364,0.0409,0.7458542058
DP_x_DE,AD-heavy,0.1414,0.1414,0.0424,0.7359691764
DP_x_DE,AD-heavy,0.1464,0.1464,0.0439,0.7260422735
DP_x_DE,AD-heavy,0.1515,0.1515,0.0454,0.7160730988
DP_x_DE,AD-heavy,0.1565,0.1565,0.0469,0.7060612476
DP_x_DE,AD-heavy,0.1615,0.1615,0.0484,0.6960063094
DP_x_DE,AD-heavy,0.1665,0.1665,0.0499,0.6859078674
DP_x_DE,AD-heavy,0.1715,0.1715,0.0515,0.6757654984
DP_x_DE,AD-heavy,0.1765,0.1765,0.0530,0.6655787727
DP_x_DE,AD-heavy,0.1815,0.1815,0.0545,0.6553472540
DP_x_DE,AD-heavy,0.1866,0.1866,0.0560,0.6450704991
DP_x_DE,AD-heavy,0.1916,0.1916,0.0575,0.6347480581
DP_x_DE,AD-heavy,0.1966,0.1966,0.0590,0.6243794738
DP_x_DE,AD-heavy,0.2016,0.2016,0.0605,0.6139642820
DP_x_DE,AD-heavy,0.2066,0.2066,0.0620,0.6035020108
DP_x_DE,AD-heavy,0.2116,0.2116,0.0635,0.5929921811
DP_x_DE,AD-heavy,0.2166,0.2166,0.0650,0.5824343060
DP_x_DE,AD-heavy,0.2217,0.2217,0.0665,0.5718278906
DP_x_DE,AD-heavy,0.2267,0.2267,0.0680,0.5611724322
DP_x_DE,AD-heavy,0.2317,0.2317,0.0695,0.5504674195
DP_x_DE,AD-heavy,0.2367,0.2367,0.0710,0.5397123333
DP_x_DE,AD-heavy,0.2417,0.2417,0.0725,0.5289066454
DP_x_DE,AD-heavy,0.2467,0.2467,0.0740,0.5180498191
DP_x_DE,AD-heavy,0.2518,0.2518,0.0755,0.5071413084
DP_x_DE,AD-heavy,0.2568,0.2568,0.0770,0.4961805584
DP_x_DE,AD-heavy,0.2618,0.2618,0.0785,0.4851670046
DP_x_DE,AD-heavy,0.2668,0.2668,0.0800,0.4741000731
DP_x_DE,AD-heavy,0.2718,0.2718,0.0815,0.4629791800
DP_x_DE,AD-heavy,0.2768,0.2768,0.0830,0.4518037314
DP_x_DE,AD-heavy,0.2818,0.2818,0.0846,0.4405731230
DP_x_DE,AD-heavy,0.2869,0.2869,0.0861,0.4292867401
DP_x_DE,AD-heavy,0.2919,0.2919,0.0876,0.4179439571
DP_x_DE,AD-heavy,0.2969,0.2969,0.0891,0.4065441374
DP_x_DE,AD-heavy,0.3019,0.3019,0.0906,0.3950866329
DP_x_DE,AD-heavy,0.3069,0.3069,0.0921,0.3835707843
DP_x_DE,AD-heavy,0.3119,0.3119,0.0936,0.3719959199
DP_x_DE,AD-heavy,0.3169,0.3169,0.0951,0.3603613563
DP_x_DE,AD-heavy,0.3220,0.3220,0.0966,0.3486663974
DP_x_DE,AD-heavy,0.3270,0.3270,0.0981,0.3369103343
DP_x_DE,AD-heavy,0.3320,0.3320,0.0996,0.3250924452
DP_x_DE,AD-heavy,0.3370,0.3370,0.1011,0.3132119945
DP_x_DE,AD-heavy,0.3420,0.3420,0.1026,0.3012682333
DP_x_DE,AD-heavy,0.3470,0.3470,0.1041,0.2892603982
DP_x_DE,AD-heavy,0.3521,0.3521,0.1056,0.2771877115
DP_x_DE,AD-heavy,0.3571,0.3571,0.1071,0.2650493806
DP_x_DE,AD-heavy,0.3621,0.3621,0.1086,0.2528445977
DP_x_DE,AD-heavy,0.3671,0.3671,0.1101,0.2405725394
DP_x_DE,AD-heavy,0.3721,0.3721,0.1116,0.2282323662
DP_x_DE,AD-heavy,0.3771,0.3771,0.1131,0.2158232220
DP_x_DE,AD-heavy,0.3821,0.3821,0.1146,0.2033442340
DP_x_DE,AD-heavy,0.3872,0.3872,0.1161,0.1907945119
DP_x_DE,AD-heavy,0.3922,0.3922,0.1177,0.1781731476
DP_x_DE,AD-heavy,0.3972,0.3972,0.1192,0.1654792148
DP_x_DE,AD-heavy,0.4022,0.4022,0.1207,0.1527117681
DP_x_DE,AD-heavy,0.4072,0.4072,0.1222,0.1398698430
DP_x_DE,AD-heavy,0.4122,0.4122,0.1237,0.1269524550
DP_x_DE,AD-heavy,0.4173,0.4173,0.1252,0.1139585993
DP_x_DE,AD-heavy,0.4223,0.4223,0.1267,0.1008872499
DP_x_DE,AD-heavy,0.4273,0.4273,0.1282,0.0877373593
DP_x_DE,AD-heavy,0.4323,0.4323,0.1297,0.0745078577
DP_x_DE,AD-heavy,0.4373,0.4373,0.1312,0.0611976525
DP_x_DE,AD-heavy,0.4423,0.4423,0.1327,0.0478056276
DP_x_DE,AD-heavy,0.4473,0.4473,0.1342,0.0343306425
DP_x_DE,AD-heavy,0.4524,0.4524,0.1357,0.0207715320
DP_x_DE,AD-heavy,0.4574,0.4574,0.1372,0.0071271050
DP_x_DE,AD-heavy,0.4624,0.4624,0.1387,0.0000000000
DP_x_DE,AD-heavy,0.4674,0.4674,0.1402,0.0000000000
DP_x_DE,AD-heavy,0.4724,0.4724,0.1417,0.0000000000
DP_x_DE,AD-heavy,0.4774,0.4774,0.1432,0.0000000000
DP_x_DE,AD-heavy,0.4824,0.4824,0.1447,0.0000000000
DP_x_DE,AD-heavy,0.4875,0.4875,0.1462,0.0000000000
DP_x_DE,AD-heavy,0.4925,0.4925,0.1477,0.0000000000
DP_x_DE,AD-heavy,0.4975,0.4975,0.1492,0.0000000000
DP_x_DE,AD-heavy,0.5025,0.5025,0.1508,0.0000000000
DP_x_DE,AD-heavy,0.5075,0.5075,0.1523,0.0000000000
DP_x_DE,AD-heavy,0.5125,0.5125,0.1538,0.0000000000
DP_x_DE,AD-heavy,0.5176,0.5176,0.1553,0.0000000000
DP_x_DE,AD-heavy,0.5226,0.5226,0.1568,0.0000000000
DP_x_DE,AD-heavy,0.5276,0.5276,0.1583,0.0000000000
DP_x_DE,AD-heavy,0.5326,0.5326,0.1598,0.0000000000
DP_x_DE,AD-heavy,0.5376,0.5376,0.1613,0.0000000000
DP_x_DE,AD-heavy,0.5426,0.5426,0.1628,0.0000000000
DP_x_DE,AD-heavy,0.5476,0.5476,0.1643,0.0000000000
DP_x_DE,AD-heavy,0.5527,0.5527,0.1658,0.0071332192
DP_x_DE,AD-heavy,0.5577,0.5577,0.1673,0.0177765458
DP_x_DE,AD-heavy,0.5627,0.5627,0.1688,0.0282992312
DP_x_DE,AD-heavy,0.5677,0.5677,0.1703,0.0387033329
DP_x_DE,AD-heavy,0.5727,0.5727,0.1718,0.0489908538
DP_x_DE,AD-heavy,0.5777,0.5777,0.1733,0.0591637437
DP_x_DE,AD-heavy,0.5827,0.5827,0.1748,0.0692239017
DP_x_DE,AD-heavy,0.5878,0.5878,0.1763,0.0791731775
DP_x_DE,AD-heavy,0.5928,0.5928,0.1778,0.0890133733
DP_x_DE,AD-heavy,0.5978,0.5978,0.1793,0.0987462454
DP_x_DE,AD-heavy,0.6028,0.6028,0.1808,0.1083735057
DP_x_DE,AD-heavy,0.6078,0.6078,0.1823,0.1178968228
DP_x_DE,AD-heavy,0.6128,0.6128,0.1839,0.1273178243
DP_x_DE,AD-heavy,0.6179,0.6179,0.1854,0.1366380971
DP_x_DE,AD-heavy,0.6229,0.6229,0.1869,0.1458591896
DP_x_DE,AD-heavy,0.6279,0.6279,0.1884,0.1549826122
DP_x_DE,AD-heavy,0.6329,0.6329,0.1899,0.1640098391
DP_x_DE,AD-heavy,0.6379,0.6379,0.1914,0.1729423092
DP_x_DE,AD-heavy,0.6429,0.6429,0.1929,0.1817814269
DP_x_DE,AD-heavy,0.6479,0.6479,0.1944,0.1905285637
DP_x_DE,AD-heavy,0.6530,0.6530,0.1959,0.1991850591
DP_x_DE,AD-heavy,0.6580,0.6580,0.1974,0.2077522210
DP_x_DE,AD-heavy,0.6630,0.6630,0.1989,0.2162313276
DP_x_DE,AD-heavy,0.6680,0.6680,0.2004,0.2246236274
DP_x_DE,AD-heavy,0.6730,0.6730,0.2019,0.2329303408
DP_x_DE,AD-heavy,0.6780,0.6780,0.2034,0.2411526604
DP_x_DE,AD-heavy,0.6831,0.6831,0.2049,0.2492917522
DP_x_DE,AD-heavy,0.6881,0.6881,0.2064,0.2573487560
DP_x_DE,AD-heavy,0.6931,0.6931,0.2079,0.2653247865
DP_x_DE,AD-heavy,0.6981,0.6981,0.2094,0.2732209340
DP_x_DE,AD-heavy,0.7031,0.7031,0.2109,0.2810382647
DP_x_DE,AD-heavy,0.7081,0.7081,0.2124,0.2887778218
DP_x_DE,AD-heavy,0.7131,0.7131,0.2139,0.2964406262
DP_x_DE,AD-heavy,0.7182,0.7182,0.2154,0.3040276767
DP_x_DE,AD-heavy,0.7232,0.7232,0.2170,0.3115399508
DP_x_DE,AD-heavy,0.7282,0.7282,0.2185,0.3189784056
DP_x_DE,AD-heavy,0.7332,0.7332,0.2200,0.3263439779
DP_x_DE,AD-heavy,0.7382,0.7382,0.2215,0.3336375849
DP_x_DE,AD-heavy,0.7432,0.7432,0.2230,0.3408601249
DP_x_DE,AD-heavy,0.7482,0.7482,0.2245,0.3480124776
DP_x_DE,AD-heavy,0.7533,0.7533,0.2260,0.3550955048
DP_x_DE,AD-heavy,0.7583,0.7583,0.2275,0.3621100505
DP_x_DE,AD-heavy,0.7633,0.7633,0.2290,0.3690569418
DP_x_DE,AD-heavy,0.7683,0.7683,0.2305,0.3759369891
DP_x_DE,AD-heavy,0.7733,0.7733,0.2320,0.3827509865
DP_x_DE,AD-heavy,0.7783,0.7783,0.2335,0.3894997124
DP_x_DE,AD-heavy,0.7834,0.7834,0.2350,0.3961839298
DP_x_DE,AD-heavy,0.7884,0.7884,0.2365,0.4028043867
DP_x_DE,AD-heavy,0.7934,0.7934,0.2380,0.4093618162
DP_x_DE,AD-heavy,0.7984,0.7984,0.2395,0.4158569376
DP_x_DE,AD-heavy,0.8034,0.8034,0.2410,0.4222904559
DP_x_DE,AD-heavy,0.8084,0.8084,0.2425,0.4286630627
DP_x_DE,AD-heavy,0.8134,0.8134,0.2440,0.4349754364
DP_x_DE,AD-heavy,0.8185,0.8185,0.2455,0.4412282423
DP_x_DE,AD-heavy,0.8235,0.8235,0.2470,0.4474221334
DP_x_DE,AD-heavy,0.8285,0.8285,0.2485,0.4535577500
DP_x_DE,AD-heavy,0.8335,0.8335,0.2501,0.4596357208
DP_x_DE,AD-heavy,0.8385,0.8385,0.2516,0.4656566626
DP_x_DE,AD-heavy,0.8435,0.8435,0.2531,0.4716211806
DP_x_DE,AD-heavy,0.8485,0.8485,0.2546,0.4775298691
DP_x_DE,AD-heavy,0.8536,0.8536,0.2561,0.4833833114
DP_x_DE,AD-heavy,0.8586,0.8586,0.2576,0.4891820801
DP_x_DE,AD-heavy,0.8636,0.8636,0.2591,0.4949267373
DP_x_DE,AD-heavy,0.8686,0.8686,0.2606,0.5006178351
DP_x_DE,AD-heavy,0.8736,0.8736,0.2621,0.5062559155
DP_x_DE,AD-heavy,0.8786,0.8786,0.2636,0.5118415110
DP_x_DE,AD-heavy,0.8837,0.8837,0.2651,0.5173751443
DP_x_DE,AD-heavy,0.8887,0.8887,0.2666,0.5228573291
DP_x_DE,AD-heavy,0.8937,0.8937,0.2681,0.5282885697
DP_x_DE,AD-heavy,0.8987,0.8987,0.2696,0.5336693618
DP_x_DE,AD-heavy,0.9037,0.9037,0.2711,0.5390001923
DP_x_DE,AD-heavy,0.9087,0.9087,0.2726,0.5442815396
DP_x_DE,AD-heavy,0.9137,0.9137,0.2741,0.5495138737
DP_x_DE,AD-heavy,0.9188,0.9188,0.2756,0.5546976566
DP_x_DE,AD-heavy,0.9238,0.9238,0.2771,0.5598333423
DP_x_DE,AD-heavy,0.9288,0.9288,0.2786,0.5649213770
DP_x_DE,AD-heavy,0.9338,0.9338,0.2801,0.5699621993
DP_x_DE,AD-heavy,0.9388,0.9388,0.2816,0.5749562401
DP_x_DE,AD-heavy,0.9438,0.9438,0.2832,0.5799039234
DP_x_DE,AD-heavy,0.9488,0.9488,0.2847,0.5848056656
DP_x_DE,AD-heavy,0.9539,0.9539,0.2862,0.5896618765
DP_x_DE,AD-heavy,0.9589,0.9589,0.2877,0.5944729587
DP_x_DE,AD-heavy,0.9639,0.9639,0.2892,0.5992393083
DP_x_DE,AD-heavy,0.9689,0.9689,0.2907,0.6039613146
DP_x_DE,AD-heavy,0.9739,0.9739,0.2922,0.6086393606
DP_x_DE,AD-heavy,0.9789,0.9789,0.2937,0.6132738229
DP_x_DE,AD-heavy,0.9840,0.9840,0.2952,0.6178650720
DP_x_DE,AD-heavy,0.9890,0.9890,0.2967,0.6224134721
DP_x_DE,AD-heavy,0.9940,0.9940,0.2982,0.6269193817
DP_x_DE,AD-heavy,0.9990,0.9990,0.2997,0.6313831532
AD_x_DP,dephase-heavy,0.0010,0.0003,0.0010,0.9983401627
AD_x_DP,dephase-heavy,0.0060,0.0018,0.0060,0.9899936079
AD_x_DP,dephase-heavy,0.0110,0.0033,0.0110,0.9816095396
AD_x_DP,dephase-heavy,0.0160,0.0048,0.0160,0.9731876095
AD_x_DP,dephase-heavy,0.0211,0.0063,0.0211,0.9647274651
AD_x_DP,dephase-heavy,0.0261,0.0078,0.0261,0.9562287495
AD_x_DP,dephase-heavy,0.0311,0.0093,0.0311,0.9476911010
AD_x_DP,dephase-heavy,0.0361,0.0108,0.0361,0.9391141534
AD_x_DP,dephase-heavy,0.0411,0.0123,0.0411,0.9304975360
AD_x_DP,dephase-heavy,0.0461,0.0138,0.0461,0.9218408730
AD_x_DP,dephase-heavy,0.0512,0.0153,0.0512,0.9131437844
AD_x_DP,dephase-heavy,0.0562,0.0168,0.0562,0.9044058850
AD_x_DP,dephase-heavy,0.0612,0.0184,0.0612,0.8956267850
AD_x_DP,dephase-heavy,0.0662,0.0199,0.0662,0.8868060899
AD_x_DP,dephase-heavy,0.0712,0.0214,0.0712,0.8779433999
AD_x_DP,dephase-heavy,0.0762,0.0229,0.0762,0.8690383108
AD_x_DP,dephase-heavy,0.0812,0.0244,0.0812,0.8600904132
AD_x_DP,dephase-heavy,0.0863,0.0259,0.0863,0.8510992929
AD_x_DP,dephase-heavy,0.0913,0.0274,0.0913,0.8420645308
AD_x_DP,dephase-heavy,0.0963,0.0289,0.0963,0.8329857028
AD_x_DP,dephase-heavy,0.1013,0.0304,0.1013,0.8238623800
AD_x_DP,dephase-heavy,0.1063,0.0319,0.1063,0.8146941285
AD_x_DP,dephase-heavy,0.1113,0.0334,0.1113,0.8054805096
AD_x_DP,dephase-heavy,0.1163,0.0349,0.1163,0.7962210799
AD_x_DP,dephase-heavy,0.1214,0.0364,0.1214,0.7869153911
AD_x_DP,dephase-heavy,0.1264,0.0379,0.1264,0.7775629903
AD_x_DP,dephase-heavy,0.1314,0.0394,0.1314,0.7681634198
AD_x_DP,dephase-heavy,0.1364,0.0409,0.1364,0.7587162178
AD_x_DP,dephase-heavy,0.1414,0.0424,0.1414,0.7492209176
AD_x_DP,dephase-heavy,0.1464,0.0439,0.1464,0.7396770487
AD_x_DP,dephase-heavy,0.1515,0.0454,0.1515,0.7300841363
AD_x_DP,dephase-heavy,0.1565,0.0469,0.1565,0.7204417019
AD_x_DP,dephase-heavy,0.1615,0.0484,0.1615,0.7107492633
AD_x_DP,dephase-heavy,0.1665,0.0499,0.1665,0.7010063347
AD_x_DP,dephase-heavy,0.1715,0.0515,0.1715,0.6912124276
AD_x_DP,dephase-heavy,0.1765,0.0530,0.1765,0.6813670506
AD_x_DP,dephase-heavy,0.1815,0.0545,0.1815,0.6714697098
AD_x_DP,dephase-heavy,0.1866,0.0560,0.1866,0.6615199099
AD_x_DP,dephase-heavy,0.1916,0.0575,0.1916,0.6515171536
AD_x_DP,dephase-heavy,0.1966,0.0590,0.1966,0.6414609434
AD_x_DP,dephase-heavy,0.2016,0.0605,0.2016,0.6313507814
AD_x_DP,dephase-heavy,0.2066,0.0620,0.2066,0.6211861702
AD_x_DP,dephase-heavy,0.2116,0.0635,0.2116,0.6109666141
AD_x_DP,dephase-heavy,0.2166,0.0650,0.2166,0.6006916198
AD_x_DP,dephase-heavy,0.2217,0.0665,0.2217,0.5903606974
AD_x_DP,dephase-heavy,0.2267,0.0680,0.2267,0.5799733619
AD_x_DP,dephase-heavy,0.2317,0.0695,0.2317,0.5695291343
AD_x_DP,dephase-heavy,0.2367,0.0710,0.2367,0.5590275433
AD_x_DP,dephase-heavy,0.2417,0.0725,0.2417,0.5484681272
AD_x_DP,dephase-heavy,0.2467,0.0740,0.2467,0.5378504358
AD_x_DP,dephase-heavy,0.2518,0.0755,0.2518,0.5271740327
AD_x_DP,dephase-heavy,0.2568,0.0770,0.2568,0.5164384980
AD_x_DP,dephase-heavy,0.2618,0.0785,0.2618,0.5056434311
AD_x_DP,dephase-heavy,0.2668,0.0800,0.2668,0.4947884543
AD_x_DP,dephase-heavy,0.2718,0.0815,0.2718,0.4838732165
AD_x_DP,dephase-heavy,0.2768,0.0830,0.2768,0.4728973976
AD_x_DP,dephase-heavy,0.2818,0.0846,0.2818,0.4618607135
AD_x_DP,dephase-heavy,0.2869,0.0861,0.2869,0.4507629223
AD_x_DP,dephase-heavy,0.2919,0.0876,0.2919,0.4396038303
AD_x_DP,dephase-heavy,0.2969,0.0891,0.2969,0.4283832998
AD_x_DP,dephase-heavy,0.3019,0.0906,0.3019,0.4171012581
AD_x_DP,dephase-heavy,0.3069,0.0921,0.3069,0.4057577076
AD_x_DP,dephase-heavy,0.3119,0.0936,0.3119,0.3943527372
AD_x_DP,dephase-heavy,0.3169,0.0951,0.3169,0.3828865363
AD_x_DP,dephase-heavy,0.3220,0.0966,0.3220,0.3713594106
AD_x_DP,dephase-heavy,0.3270,0.0981,0.3270,0.3597718003
AD_x_DP,dephase-heavy,0.3320,0.0996,0.3320,0.3481243022
AD_x_DP,dephase-heavy,0.3370,0.1011,0.3370,0.3364176950
AD_x_DP,dephase-heavy,0.3420,0.1026,0.3420,0.3246529695
AD_x_DP,dephase-heavy,0.3470,0.1041,0.3470,0.3128313637
AD_x_DP,dephase-heavy,0.3521,0.1056,0.3521,0.3009544056
AD_x_DP,dephase-heavy,0.3571,0.1071,0.3571,0.2890239630
AD_x_DP,dephase-heavy,0.3621,0.1086,0.3621,0.2770423041
AD_x_DP,dephase-heavy,0.3671,0.1101,0.3671,0.2650121696
AD_x_DP,dephase-heavy,0.3721,0.1116,0.3721,0.2529368601
AD_x_DP,dephase-heavy,0.3771,0.1131,0.3771,0.2408203421
AD_x_DP,dephase-heavy,0.3821,0.1146,0.3821,0.2286673773
AD_x_DP,dephase-heavy,0.3872,0.1161,0.3872,0.2164836800
AD_x_DP,dephase-heavy,0.3922,0.1177,0.3922,0.2042761123
AD_x_DP,dephase-heavy,0.3972,0.1192,0.3972,0.1920529236
AD_x_DP,dephase-heavy,0.4022,0.1207,0.4022,0.1798240494
AD_x_DP,dephase-heavy,0.4072,0.1222,0.4072,0.1676014835
AD_x_DP,dephase-heavy,0.4122,0.1237,0.4122,0.1553997442
AD_x_DP,dephase-heavy,0.4173,0.1252,0.4173,0.1432364605
AD_x_DP,dephase-heavy,0.4223,0.1267,0.4223,0.1311331109
AD_x_DP,dephase-heavy,0.4273,0.1282,0.4273,0.1191159559
AD_x_DP,dephase-heavy,0.4323,0.1297,0.4323,0.1072172127
AD_x_DP,dephase-heavy,0.4373,0.1312,0.4373,0.0954765295
AD_x_DP,dephase-heavy,0.4423,0.1327,0.4423,0.0839428173
AD_x_DP,dephase-heavy,0.4473,0.1342,0.4473,0.0726764849
AD_x_DP,dephase-heavy,0.4524,0.1357,0.4524,0.0617520834
AD_x_DP,dephase-heavy,0.4574,0.1372,0.4574,0.0512612644
AD_x_DP,dephase-heavy,0.4624,0.1387,0.4624,0.0413157596
AD_x_DP,dephase-heavy,0.4674,0.1402,0.4674,0.0320497355
AD_x_DP,dephase-heavy,0.4724,0.1417,0.4724,0.0236203399
AD_x_DP,dephase-heavy,0.4774,0.1432,0.4774,0.0162046049
AD_x_DP,dephase-heavy,0.4824,0.1447,0.4824,0.0099904494
AD_x_DP,dephase-heavy,0.4875,0.1462,0.4875,0.0051600524
AD_x_DP,dephase-heavy,0.4925,0.1477,0.4925,0.0018662318
AD_x_DP,dephase-heavy,0.4975,0.1492,0.4975,0.0002066223
AD_x_DP,dephase-heavy,0.5025,0.1508,0.5025,0.0002042028
AD_x_DP,dephase-heavy,0.5075,0.1523,0.5075,0.0018023421
AD_x_DP,dephase-heavy,0.5125,0.1538,0.5125,0.0048766471
AD_x_DP,dephase-heavy,0.5176,0.1553,0.5176,0.0092582959
AD_x_DP,dephase-heavy,0.5226,0.1568,0.5226,0.0147598202
AD_x_DP,dephase-heavy,0.5276,0.1583,0.5276,0.0211960873
AD_x_DP,dephase-heavy,0.5326,0.1598,0.5326,0.0283975853
AD_x_DP,dephase-heavy,0.5376,0.1613,0.5376,0.0362166404
AD_x_DP,dephase-heavy,0.5426,0.1628,0.5426,0.0445286988
AD_x_DP,dephase-heavy,0.5476,0.1643,0.5476,0.0532308185
AD_x_DP,dephase-heavy,0.5527,0.1658,0.5527,0.0622389320
AD_x_DP,dephase-heavy,0.5577,0.1673,0.5577,0.0714848151
AD_x_DP,dephase-heavy,0.5627,0.1688,0.5627,0.0809132334
AD_x_DP,dephase-heavy,0.5677,0.1703,0.5677,0.0904794641
AD_x_DP,dephase-heavy,0.5727,0.1718,0.5727,0.1001472314
AD_x_DP,dephase-heavy,0.5777,0.1733,0.5777,0.1098870312
AD_x_DP,dephase-heavy,0.5827,0.1748,0.5827,0.1196747886
AD_x_DP,dephase-heavy,0.5878,0.1763,0.5878,0.1294907917
AD_x_DP,dephase-heavy,0.5928,0.1778,0.5928,0.1393188449
AD_x_DP,dephase-heavy,0.5978,0.1793,0.5978,0.1491455995
AD_x_DP,dephase-heavy,0.6028,0.1808,0.6028,0.1589600205
AD_x_DP,dephase-heavy,0.6078,0.1823,0.6078,0.1687529629
AD_x_DP,dephase-heavy,0.6128,0.1839,0.6128,0.1785168329
AD_x_DP,dephase-heavy,0.6179,0.1854,0.6179,0.1882453153
AD_x_DP,dephase-heavy,0.6229,0.1869,0.6229,0.1979331541
AD_x_DP,dephase-heavy,0.6279,0.1884,0.6279,0.2075759743
AD_x_DP,dephase-heavy,0.6329,0.1899,0.6329,0.2171701370
AD_x_DP,dephase-heavy,0.6379,0.1914,0.6379,0.2267126205
AD_x_DP,dephase-heavy,0.6429,0.1929,0.6429,0.2362009233
AD_x_DP,dephase-heavy,0.6479,0.1944,0.6479,0.2456329824
AD_x_DP,dephase-heavy,0.6530,0.1959,0.6530,0.2550071077
AD_x_DP,dephase-heavy,0.6580,0.1974,0.6580,0.2643219250
AD_x_DP,dephase-heavy,0.6630,0.1989,0.6630,0.2735763304
AD_x_DP,dephase-heavy,0.6680,0.2004,0.6680,0.2827694501
AD_x_DP,dephase-heavy,0.6730,0.2019,0.6730,0.2919006085
AD_x_DP,dephase-heavy,0.6780,0.2034,0.6780,0.3009692989
AD_x_DP,dephase-heavy,0.6831,0.2049,0.6831,0.3099751609
AD_x_DP,dephase-heavy,0.6881,0.2064,0.6881,0.3189179594
AD_x_DP,dephase-heavy,0.6931,0.2079,0.6931,0.3277975676
AD_x_DP,dephase-heavy,0.6981,0.2094,0.6981,0.3366139522
AD_x_DP,dephase-heavy,0.7031,0.2109,0.7031,0.3453671604
AD_x_DP,dephase-heavy,0.7081,0.2124,0.7081,0.3540573090
AD_x_DP,dephase-heavy,0.7131,0.2139,0.7131,0.3626845751
AD_x_DP,dephase-heavy,0.7182,0.2154,0.7182,0.3712491875
AD_x_DP,dephase-heavy,0.7232,0.2170,0.7232,0.3797514199
AD_x_DP,dephase-heavy,0.7282,0.2185,0.7282,0.3881915844
AD_x_DP,dephase-heavy,0.7332,0.2200,0.7332,0.3965700263
AD_x_DP,dephase-heavy,0.7382,0.2215,0.7382,0.4048871192
AD_x_DP,dephase-heavy,0.7432,0.2230,0.7432,0.4131432610
AD_x_DP,dephase-heavy,0.7482,0.2245,0.7482,0.4213388702
AD_x_DP,dephase-heavy,0.7533,0.2260,0.7533,0.4294743826
AD_x_DP,dephase-heavy,0.7583,0.2275,0.7583,0.4375502488
AD_x_DP,dephase-heavy,0.7633,0.2290,0.7633,0.4455669315
AD_x_DP,dephase-heavy,0.7683,0.2305,0.7683,0.4535249034
AD_x_DP,dephase-heavy,0.7733,0.2320,0.7733,0.4614246454
AD_x_DP,dephase-heavy,0.7783,0.2335,0.7783,0.4692666447
AD_x_DP,dephase-heavy,0.7834,0.2350,0.7834,0.4770513937
AD_x_DP,dephase-heavy,0.7884,0.2365,0.7884,0.4847793881
AD_x_DP,dephase-heavy,0.7934,0.2380,0.7934,0.4924511265
AD_x_DP,dephase-heavy,0.7984,0.2395,0.7984,0.5000671088
AD_x_DP,dephase-heavy,0.8034,0.2410,0.8034,0.5076278353
AD_x_DP,dephase-heavy,0.8084,0.2425,0.8084,0.5151338066
AD_x_DP,dephase-heavy,0.8134,0.2440,0.8134,0.5225855219
AD_x_DP,dephase-heavy,0.8185,0.2455,0.8185,0.5299834792
AD_x_DP,dephase-heavy,0.8235,0.2470,0.8235,0.5373281743
AD_x_DP,dephase-heavy,0.8285,0.2485,0.8285,0.5446201007
AD_x_DP,dephase-heavy,0.8335,0.2501,0.8335,0.5518597488
AD_x_DP,dephase-heavy,0.8385,0.2516,0.8385,0.5590476057
AD_x_DP,dephase-heavy,0.8435,0.2531,0.8435,0.5661841549
AD_x_DP,dephase-heavy,0.8485,0.2546,0.8485,0.5732698761
AD_x_DP,dephase-heavy,0.8536,0.2561,0.8536,0.5803052449
AD_x_DP,dephase-heavy,0.8586,0.2576,0.8586,0.5872907323
AD_x_DP,dephase-heavy,0.8636,0.2591,0.8636,0.5942268053
AD_x_DP,dephase-heavy,0.8686,0.2606,0.8686,0.6011139256
AD_x_DP,dephase-heavy,0.8736,0.2621,0.8736,0.6079525507
AD_x_DP,dephase-heavy,0.8786,0.2636,0.8786,0.6147431330
AD_x_DP,dephase-heavy,0.8837,0.2651,0.8837,0.6214861197
AD_x_DP,dephase-heavy,0.8887,0.2666,0.8887,0.6281819533
AD_x_DP,dephase-heavy,0.8937,0.2681,0.8937,0.6348310710
AD_x_DP,dephase-heavy,0.8987,0.2696,0.8987,0.6414339050
AD_x_DP,dephase-heavy,0.9037,0.2711,0.9037,0.6479908822
AD_x_DP,dephase-heavy,0.9087,0.2726,0.9087,0.6545024244
AD_x_DP,dephase-heavy,0.9137,0.2741,0.9137,0.6609689481
AD_x_DP,dephase-heavy,0.9188,0.2756,0.9188,0.6673908648
AD_x_DP,dephase-heavy,0.9238,0.2771,0.9238,0.6737685805
AD_x_DP,dephase-heavy,0.9288,0.2786,0.9288,0.6801024963
AD_x_DP,dephase-heavy,0.9338,0.2801,0.9338,0.6863930080
AD_x_DP,dephase-heavy,0.9388,0.2816,0.9388,0.6926405064
AD_x_DP,dephase-heavy,0.9438,0.2832,0.9438,0.6988453770
AD_x_DP,dephase-heavy,0.9488,0.2847,0.9488,0.7050080004
AD_x_DP,dephase-heavy,0.9539,0.2862,0.9539,0.7111287521
AD_x_DP,dephase-heavy,0.9589,0.2877,0.9589,0.7172080025
AD_x_DP,dephase-heavy,0.9639,0.2892,0.9639,0.7232461172
AD_x_DP,dephase-heavy,0.9689,0.2907,0.9689,0.7292434570
AD_x_DP,dephase-heavy,0.9739,0.2922,0.9739,0.7352003774
AD_x_DP,dephase-heavy,0.9789,0.2937,0.9789,0.7411172297
AD_x_DP,dephase-heavy,0.9840,0.2952,0.9840,0.7469943599
AD_x_DP,dephase-heavy,0.9890,0.2967,0.9890,0.7528321096
AD_x_DP,dephase-heavy,0.9940,0.2982,0.9940,0.7586308158
AD_x_DP,dephase-heavy,0.9990,0.2997,0.9990,0.7643908106
AD_x_DE,dephase-heavy,0.0010,0.0003,0.0010,0.9987012064
AD_x_DE,dephase-heavy,0.0060,0.0018,0.0060,0.9921765315
AD_x_DE,dephase-heavy,0.0110,0.0033,0.0110,0.9856332238
AD_x_DE,dephase-heavy,0.0160,0.0048,0.0160,0.9790711763
AD_x_DE,dephase-heavy,0.0211,0.0063,0.0211,0.9724902812
AD_x_DE,dephase-heavy,0.0261,0.0078,0.0261,0.9658904299
AD_x_DE,dephase-heavy,0.0311,0.0093,0.0311,0.9592715130
AD_x_DE,dephase-heavy,0.0361,0.0108,0.0361,0.9526334202
AD_x_DE,dephase-heavy,0.0411,0.0123,0.0411,0.9459760405
AD_x_DE,dephase-heavy,0.0461,0.0138,0.0461,0.9392992620
AD_x_DE,dephase-heavy,0.0512,0.0153,0.0512,0.9326029720
AD_x_DE,dephase-heavy,0.0562,0.0168,0.0562,0.9258870569
AD_x_DE,dephase-heavy,0.0612,0.0184,0.0612,0.9191514023
AD_x_DE,dephase-heavy,0.0662,0.0199,0.0662,0.9123958930
AD_x_DE,dephase-heavy,0.0712,0.0214,0.0712,0.9056204130
AD_x_DE,dephase-heavy,0.0762,0.0229,0.0762,0.8988248452
AD_x_DE,dephase-heavy,0.0812,0.0244,0.0812,0.8920090721
AD_x_DE,dephase-heavy,0.0863,0.0259,0.0863,0.8851729750
AD_x_DE,dephase-heavy,0.0913,0.0274,0.0913,0.8783164344
AD_x_DE,dephase-heavy,0.0963,0.0289,0.0963,0.8714393300
AD_x_DE,dephase-heavy,0.1013,0.0304,0.1013,0.8645415407
AD_x_DE,dephase-heavy,0.1063,0.0319,0.1063,0.8576229444
AD_x_DE,dephase-heavy,0.1113,0.0334,0.1113,0.8506834184
AD_x_DE,dephase-heavy,0.1163,0.0349,0.1163,0.8437228389
AD_x_DE,dephase-heavy,0.1214,0.0364,0.1214,0.8367410814
AD_x_DE,dephase-heavy,0.1264,0.0379,0.1264,0.8297380203
AD_x_DE,dephase-heavy,0.1314,0.0394,0.1314,0.8227135296
AD_x_DE,dephase-heavy,0.1364,0.0409,0.1364,0.8156674820
AD_x_DE,dephase-heavy,0.1414,0.0424,0.1414,0.8085997496
AD_x_DE,dephase-heavy,0.1464,0.0439,0.1464,0.8015102037
AD_x_DE,dephase-heavy,0.1515,0.0454,0.1515,0.7943987145
AD_x_DE,dephase-heavy,0.1565,0.0469,0.1565,0.7872651517
AD_x_DE,dephase-heavy,0.1615,0.0484,0.1615,0.7801093838
AD_x_DE,dephase-heavy,0.1665,0.0499,0.1665,0.7729312788
AD_x_DE,dephase-heavy,0.1715,0.0515,0.1715,0.7657307038
AD_x_DE,dephase-heavy,0.1765,0.0530,0.1765,0.7585075249
AD_x_DE,dephase-heavy,0.1815,0.0545,0.1815,0.7512616077
AD_x_DE,dephase-heavy,0.1866,0.0560,0.1866,0.7439928168
AD_x_DE,dephase-heavy,0.1916,0.0575,0.1916,0.7367010160
AD_x_DE,dephase-heavy,0.1966,0.0590,0.1966,0.7293860684
AD_x_DE,dephase-heavy,0.2016,0.0605,0.2016,0.7220478363
AD_x_DE,dephase-heavy,0.2066,0.0620,0.2066,0.7146861814
AD_x_DE,dephase-heavy,0.2116,0.0635,0.2116,0.7073009644
AD_x_DE,dephase-heavy,0.2166,0.0650,0.2166,0.6998920454
AD_x_DE,dephase-heavy,0.2217,0.0665,0.2217,0.6924592839
AD_x_DE,dephase-heavy,0.2267,0.0680,0.2267,0.6850025386
AD_x_DE,dephase-heavy,0.2317,0.0695,0.2317,0.6775216674
AD_x_DE,dephase-heavy,0.2367,0.0710,0.2367,0.6700165279
AD_x_DE,dephase-heavy,0.2417,0.0725,0.2417,0.6624869766
AD_x_DE,dephase-heavy,0.2467,0.0740,0.2467,0.6549328699
AD_x_DE,dephase-heavy,0.2518,0.0755,0.2518,0.6473540633
AD_x_DE,dephase-heavy,0.2568,0.0770,0.2568,0.6397504117
AD_x_DE,dephase-heavy,0.2618,0.0785,0.2618,0.6321217698
AD_x_DE,dephase-heavy,0.2668,0.0800,0.2668,0.6244679914
AD_x_DE,dephase-heavy,0.2718,0.0815,0.2718,0.6167889302
AD_x_DE,dephase-heavy,0.2768,0.0830,0.2768,0.6090844391
AD_x_DE,dephase-heavy,0.2818,0.0846,0.2818,0.6013543711
AD_x_DE,dephase-heavy,0.2869,0.0861,0.2869,0.5935985784
AD_x_DE,dephase-heavy,0.2919,0.0876,0.2919,0.5858169130
AD_x_DE,dephase-heavy,0.2969,0.0891,0.2969,0.5780092269
AD_x_DE,dephase-heavy,0.3019,0.0906,0.3019,0.5701753716
AD_x_DE,dephase-heavy,0.3069,0.0921,0.3069,0.5623151986
AD_x_DE,dephase-heavy,0.3119,0.0936,0.3119,0.5544285591
AD_x_DE,dephase-heavy,0.3169,0.0951,0.3169,0.5465153045
AD_x_DE,dephase-heavy,0.3220,0.0966,0.3220,0.5385752861
AD_x_DE,dephase-heavy,0.3270,0.0981,0.3270,0.5306083553
AD_x_DE,dephase-heavy,0.3320,0.0996,0.3320,0.5226143636
AD_x_DE,dephase-heavy,0.3370,0.1011,0.3370,0.5145931627
AD_x_DE,dephase-heavy,0.3420,0.1026,0.3420,0.5065446048
AD_x_DE,dephase-heavy,0.3470,0.1041,0.3470,0.4984685423
AD_x_DE,dephase-heavy,0.3521,0.1056,0.3521,0.4903648281
AD_x_DE,dephase-heavy,0.3571,0.1071,0.3571,0.4822333158
AD_x_DE,dephase-heavy,0.3621,0.1086,0.3621,0.4740738596
AD_x_DE,dephase-heavy,0.3671,0.1101,0.3671,0.4658863144
AD_x_DE,dephase-heavy,0.3721,0.1116,0.3721,0.4576705362
AD_x_DE,dephase-heavy,0.3771,0.1131,0.3771,0.4494263817
AD_x_DE,dephase-heavy,0.3821,0.1146,0.3821,0.4411537090
AD_x_DE,dephase-heavy,0.3872,0.1161,0.3872,0.4328523774
AD_x_DE,dephase-heavy,0.3922,0.1177,0.3922,0.4245222476
AD_x_DE,dephase-heavy,0.3972,0.1192,0.3972,0.4161631820
AD_x_DE,dephase-heavy,0.4022,0.1207,0.4022,0.4077750444
AD_x_DE,dephase-heavy,0.4072,0.1222,0.4072,0.3993577009
AD_x_DE,dephase-heavy,0.4122,0.1237,0.4122,0.3909110194
AD_x_DE,dephase-heavy,0.4173,0.1252,0.4173,0.3824348702
AD_x_DE,dephase-heavy,0.4223,0.1267,0.4223,0.3739291259
AD_x_DE,dephase-heavy,0.4273,0.1282,0.4273,0.3653936621
AD_x_DE,dephase-heavy,0.4323,0.1297,0.4323,0.3568283570
AD_x_DE,dephase-heavy,0.4373,0.1312,0.4373,0.3482330921
AD_x_DE,dephase-heavy,0.4423,0.1327,0.4423,0.3396077523
AD_x_DE,dephase-heavy,0.4473,0.1342,0.4473,0.3309522262
AD_x_DE,dephase-heavy,0.4524,0.1357,0.4524,0.3222664062
AD_x_DE,dephase-heavy,0.4574,0.1372,0.4574,0.3135501892
AD_x_DE,dephase-heavy,0.4624,0.1387,0.4624,0.3048034765
AD_x_DE,dephase-heavy,0.4674,0.1402,0.4674,0.2960261743
AD_x_DE,dephase-heavy,0.4724,0.1417,0.4724,0.2872181944
AD_x_DE,dephase-heavy,0.4774,0.1432,0.4774,0.2783794538
AD_x_DE,dephase-heavy,0.4824,0.1447,0.4824,0.2695098759
AD_x_DE,dephase-heavy,0.4875,0.1462,0.4875,0.2606093906
AD_x_DE,dephase-heavy,0.4925,0.1477,0.4925,0.2516779346
AD_x_DE,dephase-heavy,0.4975,0.1492,0.4975,0.2427154520
AD_x_DE,dephase-heavy,0.5025,0.1508,0.5025,0.2337218951
AD_x_DE,dephase-heavy,0.5075,0.1523,0.5075,0.2246972244
AD_x_DE,dephase-heavy,0.5125,0.1538,0.5125,0.2156414098
AD_x_DE,dephase-heavy,0.5176,0.1553,0.5176,0.2065544305
AD_x_DE,dephase-heavy,0.5226,0.1568,0.5226,0.1974362764
AD_x_DE,dephase-heavy,0.5276,0.1583,0.5276,0.1882869481
AD_x_DE,dephase-heavy,0.5326,0.1598,0.5326,0.1791064581
AD_x_DE,dephase-heavy,0.5376,0.1613,0.5376,0.1698948314
AD_x_DE,dephase-heavy,0.5426,0.1628,0.5426,0.1606521064
AD_x_DE,dephase-heavy,0.5476,0.1643,0.5476,0.1513783356
AD_x_DE,dephase-heavy,0.5527,0.1658,0.5527,0.1420735866
AD_x_DE,dephase-heavy,0.5577,0.1673,0.5577,0.1327379433
AD_x_DE,dephase-heavy,0.5627,0.1688,0.5627,0.1233715066
AD_x_DE,dephase-heavy,0.5677,0.1703,0.5677,0.1139743958
AD_x_DE,dephase-heavy,0.5727,0.1718,0.5727,0.1045467496
AD_x_DE,dephase-heavy,0.5777,0.1733,0.5777,0.0950887273
AD_x_DE,dephase-heavy,0.5827,0.1748,0.5827,0.0856005103
AD_x_DE,dephase-heavy,0.5878,0.1763,0.5878,0.0760823036
AD_x_DE,dephase-heavy,0.5928,0.1778,0.5928,0.0665343369
AD_x_DE,dephase-heavy,0.5978,0.1793,0.5978,0.0569568665
AD_x_DE,dephase-heavy,0.6028,0.1808,0.6028,0.0473501770
AD_x_DE,dephase-heavy,0.6078,0.1823,0.6078,0.0377145830
AD_x_DE,dephase-heavy,0.6128,0.1839,0.6128,0.0280504310
AD_x_DE,dephase-heavy,0.6179,0.1854,0.6179,0.0183581015
AD_x_DE,dephase-heavy,0.6229,0.1869,0.6229,0.0086380111
AD_x_DE,dephase-heavy,0.6279,0.1884,0.6279,0.0000000000
AD_x_DE,dephase-heavy,0.6329,0.1899,0.6329,0.0000000000
AD_x_DE,dephase-heavy,0.6379,0.1914,0.6379,0.0000000000
AD_x_DE,dephase-heavy,0.6429,0.1929,0.6429,0.0000000000
AD_x_DE,dephase-heavy,0.6479,0.1944,0.6479,0.0000000000
AD_x_DE,dephase-heavy,0.6530,0.1959,0.6530,0.0000000000
AD_x_DE,dephase-heavy,0.6580,0.1974,0.6580,0.0000000000
AD_x_DE,dephase-heavy,0.6630,0.1989,0.6630,0.0000000000
AD_x_DE,dephase-heavy,0.6680,0.2004,0.6680,0.0000000000
AD_x_DE,dephase-heavy,0.6730,0.2019,0.6730,0.0000000000
AD_x_DE,dephase-heavy,0.6780,0.2034,0.6780,0.0000000000
AD_x_DE,dephase-heavy,0.6831,0.2049,0.6831,0.0000000000
AD_x_DE,dephase-heavy,0.6881,0.2064,0.6881,0.0000000000
AD_x_DE,dephase-heavy,0.6931,0.2079,0.6931,0.0000000000
AD_x_DE,dephase-heavy,0.6981,0.2094,0.6981,0.0000000000
AD_x_DE,dephase-heavy,0.7031,0.2109,0.7031,0.0000000000
AD_x_DE,dephase-heavy,0.7081,0.2124,0.7081,0.0000000000
AD_x_DE,dephase-heavy,0.7131,0.2139,0.7131,0.0000000000
AD_x_DE,dephase-heavy,0.7182,0.2154,0.7182,0.0000000000
AD_x_DE,dephase-heavy,0.7232,0.2170,0.7232,0.0000000000
AD_x_DE,dephase-heavy,0.7282,0.2185,0.7282,0.0000000000
AD_x_DE,dephase-heavy,0.7332,0.2200,0.7332,0.0000000000
AD_x_DE,dephase-heavy,0.7382,0.2215,0.7382,0.0000000000
AD_x_DE,dephase-heavy,0.7432,0.2230,0.7432,0.0000000000
AD_x_DE,dephase-heavy,0.7482,0.2245,0.7482,0.0000000000
AD_x_DE,dephase-heavy,0.7533,0.2260,0.7533,0.0000000000
AD_x_DE,dephase-heavy,0.7583,0.2275,0.7583,0.0000000000
AD_x_DE,dephase-heavy,0.7633,0.2290,0.7633,0.0000000000
AD_x_DE,dephase-heavy,0.7683,0.2305,0.7683,0.0000000000
AD_x_DE,dephase-heavy,0.7733,0.2320,0.7733,0.0000000000
AD_x_DE,dephase-heavy,0.7783,0.2335,0.7783,0.0000000000
AD_x_DE,dephase-heavy,0.7834,0.2350,0.7834,0.0000000000
AD_x_DE,dephase-heavy,0.7884,0.2365,0.7884,0.0000000000
AD_x_DE,dephase-heavy,0.7934,0.2380,0.7934,0.0000000000
AD_x_DE,dephase-heavy,0.7984,0.2395,0.7984,0.0000000000
AD_x_DE,dephase-heavy,0.8034,0.2410,0.8034,0.0000000000
AD_x_DE,dephase-heavy,0.8084,0.2425,0.8084,0.0000000000
AD_x_DE,dephase-heavy,0.8134,0.2440,0.8134,0.0000000000
AD_x_DE,dephase-heavy,0.8185,0.2455,0.8185,0.0000000000
AD_x_DE,dephase-heavy,0.8235,0.2470,0.8235,0.0000000000
AD_x_DE,dephase-heavy,0.8285,0.2485,0.8285,0.0000000000
AD_x_DE,dephase-heavy,0.8335,0.2501,0.8335,0.0000000000
AD_x_DE,dephase-heavy,0.8385,0.2516,0.8385,0.0000000000
AD_x_DE,dephase-heavy,0.8435,0.2531,0.8435,0.0000000000
AD_x_DE,dephase-heavy,0.8485,0.2546,0.8485,0.0000000000
AD_x_DE,dephase-heavy,0.8536,0.2561,0.8536,0.0000000000
AD_x_DE,dephase-heavy,0.8586,0.2576,0.8586,0.0000000000
AD_x_DE,dephase-heavy,0.8636,0.2591,0.8636,0.0000000000
AD_x_DE,dephase-heavy,0.8686,0.2606,0.8686,0.0000000000
AD_x_DE,dephase-heavy,0.8736,0.2621,0.8736,0.0000000000
AD_x_DE,dephase-heavy,0.8786,0.2636,0.8786,0.0000000000
AD_x_DE,dephase-heavy,0.8837,0.2651,0.8837,0.0000000000
AD_x_DE,dephase-heavy,0.8887,0.2666,0.8887,0.0000000000
AD_x_DE,dephase-heavy,0.8937,0.2681,0.8937,0.0000000000
AD_x_DE,dephase-heavy,0.8987,0.2696,0.8987,0.0000000000
AD_x_DE,dephase-heavy,0.9037,0.2711,0.9037,0.0000000000
AD_x_DE,dephase-heavy,0.9087,0.2726,0.9087,0.0000000000
AD_x_DE,dephase-heavy,0.9137,0.2741,0.9137,0.0000000000
AD_x_DE,dephase-heavy,0.9188,0.2756,0.9188,0.0000000000
AD_x_DE,dephase-heavy,0.9238,0.2771,0.9238,0.0000000000
AD_x_DE,dephase-heavy,0.9288,0.2786,0.9288,0.0000000000
AD_x_DE,dephase-heavy,0.9338,0.2801,0.9338,0.0000000000
AD_x_DE,dephase-heavy,0.9388,0.2816,0.9388,0.0000000000
AD_x_DE,dephase-heavy,0.9438,0.2832,0.9438,0.0000000000
AD_x_DE,dephase-heavy,0.9488,0.2847,0.9488,0.0000000000
AD_x_DE,dephase-heavy,0.9539,0.2862,0.9539,0.0000000000
AD_x_DE,dephase-heavy,0.9589,0.2877,0.9589,0.0000000000
AD_x_DE,dephase-heavy,0.9639,0.2892,0.9639,0.0000000000
AD_x_DE,dephase-heavy,0.9689,0.2907,0.9689,0.0000000000
AD_x_DE,dephase-heavy,0.9739,0.2922,0.9739,0.0000000000
AD_x_DE,dephase-heavy,0.9789,0.2937,0.9789,0.0000000000
AD_x_DE,dephase-heavy,0.9840,0.2952,0.9840,0.0000000000
AD_x_DE,dephase-heavy,0.9890,0.2967,0.9890,0.0000000000
AD_x_DE,dephase-heavy,0.9940,0.2982,0.9940,0.0000000000
AD_x_DE,dephase-heavy,0.9990,0.2997,0.9990,0.0000000000
DP_x_DE,dephase-heavy,0.0010,0.0003,0.0010,0.9984848076
DP_x_DE,dephase-heavy,0.0060,0.0018,0.0060,0.9908750475
DP_x_DE,dephase-heavy,0.0110,0.0033,0.0110,0.9832469609
DP_x_DE,dephase-heavy,0.0160,0.0048,0.0160,0.9756004698
DP_x_DE,dephase-heavy,0.0211,0.0063,0.0211,0.9679354958
DP_x_DE,dephase-heavy,0.0261,0.0078,0.0261,0.9602519599
DP_x_DE,dephase-heavy,0.0311,0.0093,0.0311,0.9525497829
DP_x_DE,dephase-heavy,0.0361,0.0108,0.0361,0.9448288852
DP_x_DE,dephase-heavy,0.0411,0.0123,0.0411,0.9370891866
DP_x_DE,dephase-heavy,0.0461,0.0138,0.0461,0.9293306068
DP_x_DE,dephase-heavy,0.0512,0.0153,0.0512,0.9215530647
DP_x_DE,dephase-heavy,0.0562,0.0168,0.0562,0.9137564791
DP_x_DE,dephase-heavy,0.0612,0.0184,0.0612,0.9059407683
DP_x_DE,dephase-heavy,0.0662,0.0199,0.0662,0.8981058503
DP_x_DE,dephase-heavy,0.0712,0.0214,0.0712,0.8902516423
DP_x_DE,dephase-heavy,0.0762,0.0229,0.0762,0.8823780617
DP_x_DE,dephase-heavy,0.0812,0.0244,0.0812,0.8744850248
DP_x_DE,dephase-heavy,0.0863,0.0259,0.0863,0.8665724481
DP_x_DE,dephase-heavy,0.0913,0.0274,0.0913,0.8586402473
DP_x_DE,dephase-heavy,0.0963,0.0289,0.0963,0.8506883379
DP_x_DE,dephase-heavy,0.1013,0.0304,0.1013,0.8427166347
DP_x_DE,dephase-heavy,0.1063,0.0319,0.1063,0.8347250525
DP_x_DE,dephase-heavy,0.1113,0.0334,0.1113,0.8267135053
DP_x_DE,dephase-heavy,0.1163,0.0349,0.1163,0.8186819068
DP_x_DE,dephase-heavy,0.1214,0.0364,0.1214,0.8106301705
DP_x_DE,dephase-heavy,0.1264,0.0379,0.1264,0.8025582091
DP_x_DE,dephase-heavy,0.1314,0.0394,0.1314,0.7944659352
DP_x_DE,dephase-heavy,0.1364,0.0409,0.1364,0.7863532608
DP_x_DE,dephase-heavy,0.1414,0.0424,0.1414,0.7782200976
DP_x_DE,dephase-heavy,0.1464,0.0439,0.1464,0.7700663567
DP_x_DE,dephase-heavy,0.1515,0.0454,0.1515,0.7618919490
DP_x_DE,dephase-heavy,0.1565,0.0469,0.1565,0.7536967849
DP_x_DE,dephase-heavy,0.1615,0.0484,0.1615,0.7454807742
DP_x_DE,dephase-heavy,0.1665,0.0499,0.1665,0.7372438266
DP_x_DE,dephase-heavy,0.1715,0.0515,0.1715,0.7289858511
DP_x_DE,dephase-heavy,0.1765,0.0530,0.1765,0.7207067564
DP_x_DE,dephase-heavy,0.1815,0.0545,0.1815,0.7124064509
DP_x_DE,dephase-heavy,0.1866,0.0560,0.1866,0.7040848423
DP_x_DE,dephase-heavy,0.1916,0.0575,0.1916,0.6957418381
DP_x_DE,dephase-heavy,0.1966,0.0590,0.1966,0.6873773453
DP_x_DE,dephase-heavy,0.2016,0.0605,0.2016,0.6789912705
DP_x_DE,dephase-heavy,0.2066,0.0620,0.2066,0.6705835199
DP_x_DE,dephase-heavy,0.2116,0.0635,0.2116,0.6621539992
DP_x_DE,dephase-heavy,0.2166,0.0650,0.2166,0.6537026139
DP_x_DE,dephase-heavy,0.2217,0.0665,0.2217,0.6452292687
DP_x_DE,dephase-heavy,0.2267,0.0680,0.2267,0.6367338684
DP_x_DE,dephase-heavy,0.2317,0.0695,0.2317,0.6282163169
DP_x_DE,dephase-heavy,0.2367,0.0710,0.2367,0.6196765180
DP_x_DE,dephase-heavy,0.2417,0.0725,0.2417,0.6111143750
DP_x_DE,dephase-heavy,0.2467,0.0740,0.2467,0.6025297908
DP_x_DE,dephase-heavy,0.2518,0.0755,0.2518,0.5939226678
DP_x_DE,dephase-heavy,0.2568,0.0770,0.2568,0.5852929081
DP_x_DE,dephase-heavy,0.2618,0.0785,0.2618,0.5766404134
DP_x_DE,dephase-heavy,0.2668,0.0800,0.2668,0.5679650851
DP_x_DE,dephase-heavy,0.2718,0.0815,0.2718,0.5592668239
DP_x_DE,dephase-heavy,0.2768,0.0830,0.2768,0.5505455304
DP_x_DE,dephase-heavy,0.2818,0.0846,0.2818,0.5418011047
DP_x_DE,dephase-heavy,0.2869,0.0861,0.2869,0.5330334464
DP_x_DE,dephase-heavy,0.2919,0.0876,0.2919,0.5242424550
DP_x_DE,dephase-heavy,0.2969,0.0891,0.2969,0.5154280294
DP_x_DE,dephase-heavy,0.3019,0.0906,0.3019,0.5065900681
DP_x_DE,dephase-heavy,0.3069,0.0921,0.3069,0.4977284693
DP_x_DE,dephase-heavy,0.3119,0.0936,0.3119,0.4888431310
DP_x_DE,dephase-heavy,0.3169,0.0951,0.3169,0.4799339505
DP_x_DE,dephase-heavy,0.3220,0.0966,0.3220,0.4710008249
DP_x_DE,dephase-heavy,0.3270,0.0981,0.3270,0.4620436509
DP_x_DE,dephase-heavy,0.3320,0.0996,0.3320,0.4530623251
DP_x_DE,dephase-heavy,0.3370,0.1011,0.3370,0.4440567433
DP_x_DE,dephase-heavy,0.3420,0.1026,0.3420,0.4350268014
DP_x_DE,dephase-heavy,0.3470,0.1041,0.3470,0.4259723946
DP_x_DE,dephase-heavy,0.3521,0.1056,0.3521,0.4168934180
DP_x_DE,dephase-heavy,0.3571,0.1071,0.3571,0.4077897663
DP_x_DE,dephase-heavy,0.3621,0.1086,0.3621,0.3986613339
DP_x_DE,dephase-heavy,0.3671,0.1101,0.3671,0.3895080148
DP_x_DE,dephase-heavy,0.3721,0.1116,0.3721,0.3803297028
DP_x_DE,dephase-heavy,0.3771,0.1131,0.3771,0.3711262914
DP_x_DE,dephase-heavy,0.3821,0.1146,0.3821,0.3618976737
DP_x_DE,dephase-heavy,0.3872,0.1161,0.3872,0.3526437426
DP_x_DE,dephase-heavy,0.3922,0.1177,0.3922,0.3433643907
DP_x_DE,dephase-heavy,0.3972,0.1192,0.3972,0.3340595104
DP_x_DE,dephase-heavy,0.4022,0.1207,0.4022,0.3247289936
DP_x_DE,dephase-heavy,0.4072,0.1222,0.4072,0.3153727324
DP_x_DE,dephase-heavy,0.4122,0.1237,0.4122,0.3059906181
DP_x_DE,dephase-heavy,0.4173,0.1252,0.4173,0.2965825422
DP_x_DE,dephase-heavy,0.4223,0.1267,0.4223,0.2871483958
DP_x_DE,dephase-heavy,0.4273,0.1282,0.4273,0.2776880698
DP_x_DE,dephase-heavy,0.4323,0.1297,0.4323,0.2682014549
DP_x_DE,dephase-heavy,0.4373,0.1312,0.4373,0.2586884416
DP_x_DE,dephase-heavy,0.4423,0.1327,0.4423,0.2491489202
DP_x_DE,dephase-heavy,0.4473,0.1342,0.4473,0.2395827810
DP_x_DE,dephase-heavy,0.4524,0.1357,0.4524,0.2299899138
DP_x_DE,dephase-heavy,0.4574,0.1372,0.4574,0.2203702087
DP_x_DE,dephase-heavy,0.4624,0.1387,0.4624,0.2107235553
DP_x_DE,dephase-heavy,0.4674,0.1402,0.4674,0.2010498433
DP_x_DE,dephase-heavy,0.4724,0.1417,0.4724,0.1913489621
DP_x_DE,dephase-heavy,0.4774,0.1432,0.4774,0.1816208012
DP_x_DE,dephase-heavy,0.4824,0.1447,0.4824,0.1718652501
DP_x_DE,dephase-heavy,0.4875,0.1462,0.4875,0.1620821979
DP_x_DE,dephase-heavy,0.4925,0.1477,0.4925,0.1522715339
DP_x_DE,dephase-heavy,0.4975,0.1492,0.4975,0.1424331475
DP_x_DE,dephase-heavy,0.5025,0.1508,0.5025,0.1325669278
DP_x_DE,dephase-heavy,0.5075,0.1523,0.5075,0.1226727642
DP_x_DE,dephase-heavy,0.5125,0.1538,0.5125,0.1127505458
DP_x_DE,dephase-heavy,0.5176,0.1553,0.5176,0.1028001621
DP_x_DE,dephase-heavy,0.5226,0.1568,0.5226,0.0928215025
DP_x_DE,dephase-heavy,0.5276,0.1583,0.5276,0.0828144565
DP_x_DE,dephase-heavy,0.5326,0.1598,0.5326,0.0727789136
DP_x_DE,dephase-heavy,0.5376,0.1613,0.5376,0.0627147638
DP_x_DE,dephase-heavy,0.5426,0.1628,0.5426,0.0526218968
DP_x_DE,dephase-heavy,0.5476,0.1643,0.5476,0.0425002029
DP_x_DE,dephase-heavy,0.5527,0.1658,0.5527,0.0323495723
DP_x_DE,dephase-heavy,0.5577,0.1673,0.5577,0.0221698956
DP_x_DE,dephase-heavy,0.5627,0.1688,0.5627,0.0119610636
DP_x_DE,dephase-heavy,0.5677,0.1703,0.5677,0.0017229674
DP_x_DE,dephase-heavy,0.5727,0.1718,0.5727,0.0000000000
DP_x_DE,dephase-heavy,0.5777,0.1733,0.5777,0.0000000000
DP_x_DE,dephase-heavy,0.5827,0.1748,0.5827,0.0000000000
DP_x_DE,dephase-heavy,0.5878,0.1763,0.5878,0.0000000000
DP_x_DE,dephase-heavy,0.5928,0.1778,0.5928,0.0000000000
DP_x_DE,dephase-heavy,0.5978,0.1793,0.5978,0.0000000000
DP_x_DE,dephase-heavy,0.6028,0.1808,0.6028,0.0000000000
DP_x_DE,dephase-heavy,0.6078,0.1823,0.6078,0.0000000000
DP_x_DE,dephase-heavy,0.6128,0.1839,0.6128,0.0000000000
DP_x_DE,dephase-heavy,0.6179,0.1854,0.6179,0.0000000000
DP_x_DE,dephase-heavy,0.6229,0.1869,0.6229,0.0000000000
DP_x_DE,dephase-heavy,0.6279,0.1884,0.6279,0.0000000000
DP_x_DE,dephase-heavy,0.6329,0.1899,0.6329,0.0000000000
DP_x_DE,dephase-heavy,0.6379,0.1914,0.6379,0.0000000000
DP_x_DE,dephase-heavy,0.6429,0.1929,0.6429,0.0000000000
DP_x_DE,dephase-heavy,0.6479,0.1944,0.6479,0.0000000000
DP_x_DE,dephase-heavy,0.6530,0.1959,0.6530,0.0000000000
DP_x_DE,dephase-heavy,0.6580,0.1974,0.6580,0.0000000000
DP_x_DE,dephase-heavy,0.6630,0.1989,0.6630,0.0000000000
DP_x_DE,dephase-heavy,0.6680,0.2004,0.6680,0.0000000000
DP_x_DE,dephase-heavy,0.6730,0.2019,0.6730,0.0000000000
DP_x_DE,dephase-heavy,0.6780,0.2034,0.6780,0.0000000000
DP_x_DE,dephase-heavy,0.6831,0.2049,0.6831,0.0000000000
DP_x_DE,dephase-heavy,0.6881,0.2064,0.6881,0.0000000000
DP_x_DE,dephase-heavy,0.6931,0.2079,0.6931,0.0000000000
DP_x_DE,dephase-heavy,0.6981,0.2094,0.6981,0.0000000000
DP_x_DE,dephase-heavy,0.7031,0.2109,0.7031,0.0000000000
DP_x_DE,dephase-heavy,0.7081,0.2124,0.7081,0.0000000000
DP_x_DE,dephase-heavy,0.7131,0.2139,0.7131,0.0000000000
DP_x_DE,dephase-heavy,0.7182,0.2154,0.7182,0.0000000000
DP_x_DE,dephase-heavy,0.7232,0.2170,0.7232,0.0000000000
DP_x_DE,dephase-heavy,0.7282,0.2185,0.7282,0.0000000000
DP_x_DE,dephase-heavy,0.7332,0.2200,0.7332,0.0000000000
DP_x_DE,dephase-heavy,0.7382,0.2215,0.7382,0.0000000000
DP_x_DE,dephase-heavy,0.7432,0.2230,0.7432,0.0000000000
DP_x_DE,dephase-heavy,0.7482,0.2245,0.7482,0.0000000000
DP_x_DE,dephase-heavy,0.7533,0.2260,0.7533,0.0000000000
DP_x_DE,dephase-heavy,0.7583,0.2275,0.7583,0.0000000000
DP_x_DE,dephase-heavy,0.7633,0.2290,0.7633,0.0000000000
DP_x_DE,dephase-heavy,0.7683,0.2305,0.7683,0.0000000000
DP_x_DE,dephase-heavy,0.7733,0.2320,0.7733,0.0000000000
DP_x_DE,dephase-heavy,0.7783,0.2335,0.7783,0.0000000000
DP_x_DE,dephase-heavy,0.7834,0.2350,0.7834,0.0000000000
DP_x_DE,dephase-heavy,0.7884,0.2365,0.7884,0.0000000000
DP_x_DE,dephase-heavy,0.7934,0.2380,0.7934,0.0000000000
DP_x_DE,dephase-heavy,0.7984,0.2395,0.7984,0.0000000000
DP_x_DE,dephase-heavy,0.8034,0.2410,0.8034,0.0000000000
DP_x_DE,dephase-heavy,0.8084,0.2425,0.8084,0.0000000000
DP_x_DE,dephase-heavy,0.8134,0.2440,0.8134,0.0000000000
DP_x_DE,dephase-heavy,0.8185,0.2455,0.8185,0.0000000000
DP_x_DE,dephase-heavy,0.8235,0.2470,0.8235,0.0000000000
DP_x_DE,dephase-heavy,0.8285,0.2485,0.8285,0.0000000000
DP_x_DE,dephase-heavy,0.8335,0.2501,0.8335,0.0000000000
DP_x_DE,dephase-heavy,0.8385,0.2516,0.8385,0.0000000000
DP_x_DE,dephase-heavy,0.8435,0.2531,0.8435,0.0000000000
DP_x_DE,dephase-heavy,0.8485,0.2546,0.8485,0.0000000000
DP_x_DE,dephase-heavy,0.8536,0.2561,0.8536,0.0000000000
DP_x_DE,dephase-heavy,0.8586,0.2576,0.8586,0.0000000000
DP_x_DE,dephase-heavy,0.8636,0.2591,0.8636,0.0000000000
DP_x_DE,dephase-heavy,0.8686,0.2606,0.8686,0.0000000000
DP_x_DE,dephase-heavy,0.8736,0.2621,0.8736,0.0000000000
DP_x_DE,dephase-heavy,0.8786,0.2636,0.8786,0.0000000000
DP_x_DE,dephase-heavy,0.8837,0.2651,0.8837,0.0000000000
DP_x_DE,dephase-heavy,0.8887,0.2666,0.8887,0.0000000000
DP_x_DE,dephase-heavy,0.8937,0.2681,0.8937,0.0000000000
DP_x_DE,dephase-heavy,0.8987,0.2696,0.8987,0.0000000000
DP_x_DE,dephase-heavy,0.9037,0.2711,0.9037,0.0000000000
DP_x_DE,dephase-heavy,0.9087,0.2726,0.9087,0.0000000000
DP_x_DE,dephase-heavy,0.9137,0.2741,0.9137,0.0000000000
DP_x_DE,dephase-heavy,0.9188,0.2756,0.9188,0.0000000000
DP_x_DE,dephase-heavy,0.9238,0.2771,0.9238,0.0000000000
DP_x_DE,dephase-heavy,0.9288,0.2786,0.9288,0.0000000000
DP_x_DE,dephase-heavy,0.9338,0.2801,0.9338,0.0000000000
DP_x_DE,dephase-heavy,0.9388,0.2816,0.9388,0.0000000000
DP_x_DE,dephase-heavy,0.9438,0.2832,0.9438,0.0000000000
DP_x_DE,dephase-heavy,0.9488,0.2847,0.9488,0.0000000000
DP_x_DE,dephase-heavy,0.9539,0.2862,0.9539,0.0000000000
DP_x_DE,dephase-heavy,0.9589,0.2877,0.9589,0.0000000000
DP_x_DE,dephase-heavy,0.9639,0.2892,0.9639,0.0000000000
DP_x_DE,dephase-heavy,0.9689,0.2907,0.9689,0.0000000000
DP_x_DE,dephase-heavy,0.9739,0.2922,0.9739,0.0000000000
DP_x_DE,dephase-heavy,0.9789,0.2937,0.9789,0.0000000000
DP_x_DE,dephase-heavy,0.9840,0.2952,0.9840,0.0000000000
DP_x_DE,dephase-heavy,0.9890,0.2967,0.9890,0.0000000000
DP_x_DE,dephase-heavy,0.9940,0.2982,0.9940,0.0000000000
DP_x_DE,dephase-heavy,0.9990,0.2997,0.9990,0.0000000000
