loss_dB_total,p_d,rate
0.0,1e-09,0.0008252131690892941
0.0,1.4677992676220676e-09,0.0008252127038548884
0.0,2.1544346900318866e-09,0.0008252120209844069
0.0,3.1622776601683795e-09,0.0008252110186681468
0.0,4.641588833612773e-09,0.0008252095474702396
0.0,6.812920690579622e-09,0.0008252073880495281
0.0,1e-08,0.000825204218458771
0.0,1.4677992676220675e-08,0.0008251995661473873
0.0,2.1544346900318822e-08,0.000825192737513128
0.0,3.162277660168379e-08,0.0008251827145026293
0.0,4.641588833612773e-08,0.0008251680028511789
0.0,6.812920690579608e-08,0.0008251464093499091
0.0,1e-07,0.0008251147149629913
0.0,1.4677992676220674e-07,0.0008250681951250204
0.0,2.1544346900318822e-07,0.0008249999158395496
0.0,3.162277660168379e-07,0.0008248997009362955
0.0,4.6415888336127725e-07,0.000824752617166029
0.0,6.812920690579608e-07,0.0008245367526767606
0.0,1e-06,0.0008242199606770902
0.0,1.4677992676220675e-06,0.0008237550892729169
0.0,2.1544346900318822e-06,0.0008230730001795966
0.0,3.162277660168379e-06,0.0008220723651920877
0.0,4.641588833612773e-06,0.0008206047825905426
0.0,6.8129206905796085e-06,0.0008184531292016893
0.0,1e-05,0.0008153002048998167
1.2244897959183674,1e-09,0.0007107581426955914
1.2244897959183674,1.4677992676220676e-09,0.00071075767683147
1.2244897959183674,2.1544346900318866e-09,0.0007107569930367271
1.2244897959183674,3.1622776601683795e-09,0.0007107559893639243
1.2244897959183674,4.641588833612773e-09,0.0007107545161750595
1.2244897959183674,6.812920690579622e-09,0.0007107523538324124
1.2244897959183674,1e-08,0.0007107491799536677
1.2244897959183674,1.4677992676220675e-08,0.0007107445213501648
1.2244897959183674,2.1544346900318822e-08,0.000710737683484196
1.2244897959183674,3.162277660168379e-08,0.0007107276469317041
1.2244897959183674,4.641588833612773e-08,0.0007107129154212099
1.2244897959183674,6.812920690579608e-08,0.0007106912928093824
1.2244897959183674,1e-07,0.0007106595557770122
1.2244897959183674,1.4677992676220674e-07,0.000710612973522862
1.2244897959183674,2.1544346900318822e-07,0.0007105446030080167
1.2244897959183674,3.162277660168379e-07,0.0007104442550275291
1.2244897959183674,4.6415888336127725e-07,0.0007102969777117834
1.2244897959183674,6.812920690579608e-07,0.0007100808329787902
1.2244897959183674,1e-06,0.0007097636379030849
1.2244897959183674,1.4677992676220675e-06,0.0007092981926330894
1.2244897959183674,2.1544346900318822e-06,0.0007086152993803209
1.2244897959183674,3.162277660168379e-06,0.0007076135658802083
1.2244897959183674,4.641588833612773e-06,0.0007061445459871366
1.2244897959183674,6.8129206905796085e-06,0.0007039911564563277
1.2244897959183674,1e-05,0.0007008364769584872
2.4489795918367347,1e-09,0.000612837245106865
2.4489795918367347,1.4677992676220676e-09,0.0006128367786904476
2.4489795918367347,2.1544346900318866e-09,0.0006128360940850945
2.4489795918367347,3.1622776601683795e-09,0.000612835089222573
2.4489795918367347,4.641588833612773e-09,0.0006128336142876448
2.4489795918367347,6.812920690579622e-09,0.0006128314493825707
2.4489795918367347,1e-08,0.0006128282717436538
2.4489795918367347,1.4677992676220675e-08,0.0006128236076230339
2.4489795918367347,2.1544346900318822e-08,0.0006128167616634818
2.4489795918367347,3.162277660168379e-08,0.0006128067132407958
2.4489795918367347,4.641588833612773e-08,0.0006127919643278349
2.4489795918367347,6.812920690579608e-08,0.0006127703162170477
2.4489795918367347,1e-07,0.0006127385418528882
2.4489795918367347,1.4677992676220674e-07,0.0006126919050090185
2.4489795918367347,2.1544346900318822e-07,0.0006126234548107472
2.4489795918367347,3.162277660168379e-07,0.0006125229908255837
2.4489795918367347,4.6415888336127725e-07,0.000612375545293248
2.4489795918367347,6.812920690579608e-07,0.0006121591580742642
2.4489795918367347,1e-06,0.0006118416165889064
2.4489795918367347,1.4677992676220675e-06,0.0006113756832989694
2.4489795918367347,2.1544346900318822e-06,0.0006106921176062875
2.4489795918367347,3.162277660168379e-06,0.0006096894911204105
2.4489795918367347,4.641588833612773e-06,0.0006082193614829035
2.4489795918367347,6.8129206905796085e-06,0.0006060647711357555
2.4489795918367347,1e-05,0.000602909236060447
3.673469387755102,1e-09,0.0005289035767913486
3.673469387755102,1.4677992676220676e-09,0.000528903109891249
3.673469387755102,2.1544346900318866e-09,0.0005289024245759984
3.673469387755102,3.1622776601683795e-09,0.000528901418671597
3.673469387755102,4.641588833612773e-09,0.0005288999422076383
3.673469387755102,6.812920690579622e-09,0.0005288977750587631
3.673469387755102,1e-08,0.0005288945941275007
3.673469387755102,1.4677992676220675e-08,0.0005288899251767505
3.673469387755102,2.1544346900318822e-08,0.000528883072132645
3.673469387755102,3.162277660168379e-08,0.0005288730133222645
3.673469387755102,4.641588833612773e-08,0.0005288582491859707
3.673469387755102,6.812920690579608e-08,0.0005288365787814697
3.673469387755102,1e-07,0.0005288047718046568
3.673469387755102,1.4677992676220674e-07,0.0005287580873289564
3.673469387755102,2.1544346900318822e-07,0.000528689567727112
3.673469387755102,3.162277660168379e-07,0.000528589002970356
3.673469387755102,4.6415888336127725e-07,0.0005284414118909432
3.673469387755102,6.812920690579608e-07,0.0005282248161273255
3.673469387755102,1e-06,0.0005279069794832664
3.673469387755102,1.4677992676220675e-06,0.0005274406364676991
3.673469387755102,2.1544346900318822e-06,0.0005267565198134643
3.673469387755102,3.162277660168379e-06,0.0005257531926132513
3.673469387755102,4.641588833612773e-06,0.0005242822650272734
3.673469387755102,6.8129206905796085e-06,0.0005221269936782969
3.673469387755102,1e-05,0.0005189714951428712
4.8979591836734695,1e-09,0.00045683959157729427
4.8979591836734695,1.4677992676220676e-09,0.0004568391242541207
4.8979591836734695,2.1544346900318866e-09,0.00045683843831793684
4.8979591836734695,3.1622776601683795e-09,0.00045683743150225865
4.8979591836734695,4.641588833612773e-09,0.00045683595370100185
4.8979591836734695,6.812920690579622e-09,0.00045683378458983193
4.8979591836734695,1e-08,0.0004568306007795801
4.8979591836734695,1.4677992676220675e-08,0.0004568259276057822
4.8979591836734695,2.1544346900318822e-08,0.0004568190683689744
4.8979591836734695,3.162277660168379e-08,0.00045680900048162724
4.8979591836734695,4.641588833612773e-08,0.00045679422304947316
4.8979591836734695,6.812920690579608e-08,0.00045677253318813696
4.8979591836734695,1e-07,0.00045674069777928885
4.8979591836734695,1.4677992676220674e-07,0.0004566939718439318
4.8979591836734695,2.1544346900318822e-07,0.00045662539197521227
4.8979591836734695,3.162277660168379e-07,0.00045652474002376875
4.8979591836734695,4.6415888336127725e-07,0.0004563770236825302
4.8979591836734695,6.812920690579608e-07,0.0004561602499160337
4.8979591836734695,1e-06,0.0004558421645880529
4.8979591836734695,1.4677992676220675e-06,0.0004553754835858648
4.8979591836734695,2.1544346900318822e-06,0.0004546909287903873
4.8979591836734695,3.162277660168379e-06,0.0004536870824633431
4.8979591836734695,4.641588833612773e-06,0.00045221565724381624
4.8979591836734695,6.8129206905796085e-06,0.0004500602164178624
4.8979591836734695,1e-05,0.00044690565136077065
6.122448979591837,1e-09,0.00039487641710869416
6.122448979591837,1.4677992676220676e-09,0.00039487594941583977
6.122448979591837,2.1544346900318866e-09,0.00039487526293711126
6.122448979591837,3.1622776601683795e-09,0.00039487425532523207
6.122448979591837,4.641588833612773e-09,0.00039487277635562394
6.122448979591837,6.812920690579622e-09,0.0003948706055302267
6.122448979591837,1e-08,0.0003948674192052934
6.122448979591837,1.4677992676220675e-08,0.0003948627423435926
6.122448979591837,2.1544346900318822e-08,0.000394855877700459
6.122448979591837,3.162277660168379e-08,0.00039484580189230403
6.122448979591837,4.641588833612773e-08,0.000394831012865435
6.122448979591837,6.812920690579608e-08,0.0003948093060531043
6.122448979591837,1e-07,0.00039477744590946866
6.122448979591837,1.4677992676220674e-07,0.0003947306839825427
6.122448979591837,2.1544346900318822e-07,0.000394662051961827
6.122448979591837,3.162277660168379e-07,0.0003945613249177939
6.122448979591837,4.6415888336127725e-07,0.00039441350148890453
6.122448979591837,6.812920690579608e-07,0.0003941965772775178
6.122448979591837,1e-06,0.00039387828560603634
6.122448979591837,1.4677992676220675e-06,0.00039341133280900174
6.122448979591837,2.1544346900318822e-06,0.0003927264456510896
6.122448979591837,3.162277660168379e-06,0.00039172225375209746
6.122448979591837,4.641588833612773e-06,0.00039025062417491556
6.122448979591837,6.8129206905796085e-06,0.0003880955246657908
6.122448979591837,1e-05,0.0003849428077550485
7.346938775510204,1e-09,0.00034153009848997046
7.346938775510204,1.4677992676220676e-09,0.00034152963047438345
7.346938775510204,2.1544346900318866e-09,0.0003415289435220239
7.346938775510204,3.1622776601683795e-09,0.00034152793521511856
7.346938775510204,4.641588833612773e-09,0.00034152645522571556
7.346938775510204,6.812920690579622e-09,0.00034152428290424317
7.346938775510204,1e-08,0.0003415210943850517
7.346938775510204,1.4677992676220675e-08,0.0003415164143062429
7.346938775510204,2.1544346900318822e-08,0.00034150954494884157
7.346938775510204,3.162277660168379e-08,0.000341499462237891
7.346938775510204,4.641588833612773e-08,0.00034148466311529973
7.346938775510204,6.812920690579608e-08,0.00034146294156245025
7.346938775510204,1e-07,0.0003414310599506221
7.346938775510204,1.4677992676220674e-07,0.0003413842668743405
7.346938775510204,2.1544346900318822e-07,0.00034131558991125187
7.346938775510204,3.162277660168379e-07,0.00034121479857673605
7.346938775510204,4.6415888336127725e-07,0.0003410668843879042
7.346938775510204,6.812920690579608e-07,0.00034084983471124354
7.346938775510204,1e-06,0.00034053137553325535
7.346938775510204,1.4677992676220675e-06,0.00034006421258708807
7.346938775510204,2.1544346900318822e-06,0.0003393790934282971
7.346938775510204,3.162277660168379e-06,0.00033837472417562085
7.346938775510204,4.641588833612773e-06,0.0003369031810424052
7.346938775510204,6.8129206905796085e-06,0.0003347489407325995
7.346938775510204,1e-05,0.0003315990177186333
8.571428571428571,1e-09,0.0002955508575262812
8.571428571428571,1.4677992676220676e-09,0.0002955503892291608
8.571428571428571,2.1544346900318866e-09,0.00029554970186365545
8.571428571428571,3.1622776601683795e-09,0.00029554869295052663
8.571428571428571,4.641588833612773e-09,0.0002955472120717279
8.571428571428571,6.812920690579622e-09,0.00029554503844569897
8.571428571428571,1e-08,0.0002955418480136161
8.571428571428571,1.4677992676220675e-08,0.0002955371651312348
8.571428571428571,2.1544346900318822e-08,0.00029553029166773517
8.571428571428571,3.162277660168379e-08,0.0002955202029492005
8.571428571428571,4.641588833612773e-08,0.0002955053950503635
8.571428571428571,6.812920690579608e-08,0.0002954836607055158
8.571428571428571,1e-07,0.0002954517605109326
8.571428571428571,1.4677992676220674e-07,0.00029540494057521264
8.571428571428571,2.1544346900318822e-07,0.0002953362250841098
8.571428571428571,3.162277660168379e-07,0.0002952353791269988
8.571428571428571,4.6415888336127725e-07,0.00029508738891195226
8.571428571428571,6.812920690579608e-07,0.00029487023656130356
8.571428571428571,1e-06,0.0002945516458238248
8.571428571428571,1.4677992676220675e-06,0.0002940843308138094
8.571428571428571,2.1544346900318822e-06,0.00029339907621954854
8.571428571428571,3.162277660168379e-06,0.00029239469522204624
8.571428571428571,4.641588833612773e-06,0.0002909235315288788
8.571428571428571,6.8129206905796085e-06,0.00028877068343423665
8.571428571428571,1e-05,0.0002856245448498191
9.795918367346939,1e-09,0.0002558824348150128
9.795918367346939,1.4677992676220676e-09,0.0002558819662724585
9.795918367346939,2.1544346900318866e-09,0.0002558812785468119
9.795918367346939,3.1622776601683795e-09,0.00025588026910529225
9.795918367346939,4.641588833612773e-09,0.0002558787874514001
9.795918367346939,6.812920690579622e-09,0.00025587661268872206
9.795918367346939,1e-08,0.00025587342059049727
9.795918367346939,1.4677992676220675e-08,0.00025586873526735365
9.795918367346939,2.1544346900318822e-08,0.00025586185823164484
9.795918367346939,3.162277660168379e-08,0.00025585176429210267
9.795918367346939,4.641588833612773e-08,0.00025583694877785826
9.795918367346939,6.812920690579608e-08,0.0002558152033584683
9.795918367346939,1e-07,0.00025578328713125404
9.795918367346939,1.4677992676220674e-07,0.00025573644414208347
9.795918367346939,2.1544346900318822e-07,0.00025566769584473047
9.795918367346939,3.162277660168379e-07,0.0002555668039543209
9.795918367346939,4.6415888336127725e-07,0.00025541875109172965
9.795918367346939,6.812920690579608e-07,0.0002552015170429807
9.795918367346939,1e-06,0.0002548828283970526
9.795918367346939,1.4677992676220675e-06,0.00025441541681642244
9.795918367346939,2.1544346900318822e-06,0.0002537301211732094
9.795918367346939,3.162277660168379e-06,0.00025272589418972414
9.795918367346939,4.641588833612773e-06,0.00025125540990047313
9.795918367346939,6.8129206905796085e-06,0.0002491045104257838
9.795918367346939,1e-05,0.0002459632055513034
11.020408163265307,1e-09,0.0002216292977425656
11.020408163265307,1.4677992676220676e-09,0.00022162882898617937
11.020408163265307,2.1544346900318866e-09,0.0002216281409467872
11.020408163265307,3.1622776601683795e-09,0.0002216271310450079
11.020408163265307,4.641588833612773e-09,0.00022162564871609932
11.020408163265307,6.812920690579622e-09,0.00022162347296382525
11.020408163265307,1e-08,0.00022162027941563726
11.020408163265307,1.4677992676220675e-08,0.00022161559196976594
11.020408163265307,2.1544346900318822e-08,0.00022160871183022365
11.020408163265307,3.162277660168379e-08,0.00022159861336052677
11.020408163265307,4.641588833612773e-08,0.00022158379125216608
11.020408163265307,6.812920690579608e-08,0.00022156203627291977
11.020408163265307,1e-07,0.00022153010626997863
11.020408163265307,1.4677992676220674e-07,0.00022148324361244637
11.020408163265307,2.1544346900318822e-07,0.0002214144676331863
11.020408163265307,3.162277660168379e-07,0.00022131353766552698
11.020408163265307,4.6415888336127725e-07,0.00022116543440438296
11.020408163265307,6.812920690579608e-07,0.00022094813817418997
11.020408163265307,1e-06,0.0002206293835506514
11.020408163265307,1.4677992676220675e-06,0.00022016192925470993
11.020408163265307,2.1544346900318822e-06,0.0002194766863897235
11.020408163265307,3.162277660168379e-06,0.00021847278213109333
11.020408163265307,4.641588833612773e-06,0.00021700328906719337
11.020408163265307,6.8129206905796085e-06,0.00021485492646708979
11.020408163265307,1e-05,0.0002117195774713742
12.244897959183675,1e-09,0.00019203002698923058
12.244897959183675,1.4677992676220676e-09,0.00019202955804663755
12.244897959183675,2.1544346900318866e-09,0.00019202886973406841
12.244897959183675,3.1622776601683795e-09,0.00019202785943161617
12.244897959183675,4.641588833612773e-09,0.00019202637651523902
12.244897959183675,6.812920690579622e-09,0.00019202419990204723
12.244897959183675,1e-08,0.00019202100509316041
12.244897959183675,1.4677992676220675e-08,0.00019201631580319827
12.244897959183675,2.1544346900318822e-08,0.00019200943297061028
12.244897959183675,3.162277660168379e-08,0.00019199933057759206
12.244897959183675,4.641588833612773e-08,0.0001919845027741834
12.244897959183675,6.812920690579608e-08,0.00019196273957272948
12.244897959183675,1e-07,0.00019193079779618812
12.244897959183675,1.4677992676220674e-07,0.00019188391849233414
12.244897959183675,2.1544346900318822e-07,0.00019181511944603202
12.244897959183675,3.162277660168379e-07,0.00019171415855950873
12.244897959183675,4.6415888336127725e-07,0.00019156601623188194
12.244897959183675,6.812920690579608e-07,0.000191348676218882
12.244897959183675,1e-06,0.0001910298863892955
12.244897959183675,1.4677992676220675e-06,0.0001905624425414766
12.244897959183675,2.1544346900318822e-06,0.00018987734735511898
12.244897959183675,3.162277660168379e-06,0.00018887394034489258
12.244897959183675,4.641588833612773e-06,0.00018740576720826596
12.244897959183675,6.8129206905796085e-06,0.0001852605702447978
12.244897959183675,1e-05,0.00018213238638429484
13.46938775510204,1e-09,0.0001664355886474672
13.46938775510204,1.4677992676220676e-09,0.00016643511954280219
13.46938775510204,2.1544346900318866e-09,0.00016643443099250546
13.46938775510204,3.1622776601683795e-09,0.00016643342034145485
13.46938775510204,4.641588833612773e-09,0.00016643193691413794
13.46938775510204,6.812920690579622e-09,0.00016642975955256876
13.46938775510204,1e-08,0.00016642656364861274
13.46938775510204,1.4677992676220675e-08,0.00016642187275863968
13.46938775510204,2.1544346900318822e-08,0.00016641498759333622
13.46938775510204,3.162277660168379e-08,0.00016640488181035774
13.46938775510204,4.641588833612773e-08,0.0001663900491043931
13.46938775510204,6.812920690579608e-08,0.00016636827886465805
13.46938775510204,1e-07,0.0001663363270968551
13.46938775510204,1.4677992676220674e-07,0.00016628943385865857
13.46938775510204,2.1544346900318822e-07,0.00016622061593198162
13.46938775510204,3.162277660168379e-07,0.0001661196307140576
13.46938775510204,4.6415888336127725e-07,0.00016597145993681777
13.46938775510204,6.812920690579608e-07,0.00016575409375062556
13.46938775510204,1e-06,0.0001654352988782166
13.46938775510204,1.4677992676220675e-06,0.000164967918896467
13.46938775510204,2.1544346900318822e-06,0.0001642830690214735
13.46938775510204,3.162277660168379e-06,0.0001632803425342529
13.46938775510204,4.641588833612773e-06,0.00016181384007949874
13.46938775510204,6.8129206905796085e-06,0.0001596724868547535
13.46938775510204,1e-05,0.00015655277856948074
14.693877551020408,1e-09,0.00014429149488962112
14.693877551020408,1.4677992676220676e-09,0.00014429102564395794
14.693877551020408,2.1544346900318866e-09,0.00014429033688688182
14.693877551020408,3.1622776601683795e-09,0.00014428932593271593
14.693877551020408,4.641588833612773e-09,0.00014428784206132973
14.693877551020408,6.812920690579622e-09,0.0001442856640497732
14.693877551020408,1e-08,0.00014428246719568426
14.693877551020408,1.4677992676220675e-08,0.0001442777749195372
14.693877551020408,2.1544346900318822e-08,0.00014427088773778535
14.693877551020408,3.162277660168379e-08,0.0001442607790342042
14.693877551020408,4.641588833612773e-08,0.00014424594212567637
14.693877551020408,6.812920690579608e-08,0.00014422416589895192
14.693877551020408,1e-07,0.00014419220573426273
14.693877551020408,1.4677992676220674e-07,0.00014414530101223826
14.693877551020408,2.1544346900318822e-07,0.00014407646803898453
14.693877551020408,3.162277660168379e-07,0.00014397546462525506
14.693877551020408,4.6415888336127725e-07,0.00014382727549277257
14.693877551020408,6.812920690579608e-07,0.00014360990027421474
14.693877551020408,1e-06,0.00014329113046066683
14.693877551020408,1.4677992676220675e-06,0.00014282386897389537
14.693877551020408,2.1544346900318822e-06,0.0001421393664761182
14.693877551020408,3.162277660168379e-06,0.0001411375155727371
14.693877551020408,4.641588833612773e-06,0.00013967306193940758
14.693877551020408,6.8129206905796085e-06,0.00013753628885929833
14.693877551020408,1e-05,0.0001344264815454446
15.918367346938776,1e-09,0.0001251230793494392
15.918367346938776,1.4677992676220676e-09,0.00012512260998116277
15.918367346938776,2.1544346900318866e-09,0.00012512192104432342
15.918367346938776,3.1622776601683795e-09,0.0001251209098267508
15.918367346938776,4.641588833612773e-09,0.00012511942556970917
15.918367346938776,6.812920690579622e-09,0.0001251172469941812
15.918367346938776,1e-08,0.00012511404931680347
15.918367346938776,1.4677992676220675e-08,0.00012510935584194644
15.918367346938776,2.1544346900318822e-08,0.00012510246692164966
15.918367346938776,3.162277660168379e-08,0.00012509235571129423
15.918367346938776,4.641588833612773e-08,0.00012507751522037206
15.918367346938776,6.812920690579608e-08,0.00012505573394437446
15.918367346938776,1e-07,0.0001250237668181975
15.918367346938776,1.4677992676220674e-07,0.00012497685284608691
15.918367346938776,2.1544346900318822e-07,0.00012490800837738694
15.918367346938776,3.162277660168379e-07,0.000124806992564347
15.918367346938776,4.6415888336127725e-07,0.00012465879483442875
15.918367346938776,6.812920690579608e-07,0.00012444142757085292
15.918367346938776,1e-06,0.0001241227134054965
15.918367346938776,1.4677992676220675e-06,0.0001236556272306894
15.918367346938776,2.1544346900318822e-06,0.00012297158036714807
15.918367346938776,3.162277660168379e-06,0.0001219708150440477
15.918367346938776,4.641588833612773e-06,0.00012050882124972514
15.918367346938776,6.8129206905796085e-06,0.00011837743204416614
15.918367346938776,1e-05,0.00011527907921339834
17.142857142857142,1e-09,0.00010852328284411102
17.142857142857142,1.4677992676220676e-09,0.0001085228133692548
17.142857142857142,2.1544346900318866e-09,0.00010852212427622184
17.142857142857142,3.1622776601683795e-09,0.00010852111282990705
17.142857142857142,4.641588833612773e-09,0.0001085196282382363
17.142857142857142,6.812920690579622e-09,0.00010851744917394835
17.142857142857142,1e-08,0.00010851425078436033
17.142857142857142,1.4677992676220675e-08,0.00010850955627530585
17.142857142857142,2.1544346900318822e-08,0.00010850266586109979
17.142857142857142,3.162277660168379e-08,0.0001084925525098618
17.142857142857142,4.641588833612773e-08,0.00010847770898827598
17.142857142857142,6.812920690579608e-08,0.00010845592350440361
17.142857142857142,1e-07,0.00010842395071965113
17.142857142857142,1.4677992676220674e-07,0.00010837702955579018
17.142857142857142,2.1544346900318822e-07,0.00010830817692606558
17.142857142857142,3.162277660168379e-07,0.00010820715427904001
17.142857142857142,4.6415888336127725e-07,0.00010805895755456785
17.142857142857142,6.812920690579608e-07,0.0001078416153944038
17.142857142857142,1e-06,0.00010752298851271217
17.142857142857142,1.4677992676220675e-06,0.00010705613766371383
17.142857142857142,2.1544346900318822e-06,0.0001063726627130109
17.142857142857142,3.162277660168379e-06,0.00010537321117909474
17.142857142857142,4.641588833612773e-06,0.00010391412675930894
17.142857142857142,6.8129206905796085e-06,0.00010178900144487206
17.142857142857142,1e-05,9.870379690348307e-05
18.367346938775512,1e-09,9.41424744673672e-05
18.367346938775512,1.4677992676220676e-09,9.414200489991681e-05
18.367346938775512,2.1544346900318866e-09,9.414131567125154e-05
18.367346938775512,3.1622776601683795e-09,9.414030402645316e-05
18.367346938775512,4.641588833612773e-09,9.413881914473205e-05
18.367346938775512,6.812920690579622e-09,9.413663965748758e-05
18.367346938775512,1e-08,9.413344065306042e-05
18.367346938775512,1.4677992676220675e-08,9.412874525441773e-05
18.367346938775512,2.1544346900318822e-08,9.412185356220735e-05
18.367346938775512,3.162277660168379e-08,9.411173839483861e-05
18.367346938775512,4.641588833612773e-08,9.409689233613931e-05
18.367346938775512,6.812920690579608e-08,9.407510340516672e-05
18.367346938775512,1e-07,9.404312615662065e-05
18.367346938775512,1.4677992676220674e-07,9.39961997225162e-05
18.367346938775512,2.1544346900318822e-07,9.392734211212765e-05
18.367346938775512,3.162277660168379e-07,9.382631806987275e-05
18.367346938775512,4.6415888336127725e-07,9.367813197875607e-05
18.367346938775512,6.812920690579608e-07,9.346083254968038e-05
18.367346938775512,1e-06,9.314232620828895e-05
18.367346938775512,1.4677992676220675e-06,9.267577494719097e-05
18.367346938775512,2.1544346900318822e-06,9.199299812596202e-05
18.367346938775512,3.162277660168379e-06,9.099511021377314e-05
18.367346938775512,4.641588833612773e-06,8.953942897518763e-05
18.367346938775512,6.8129206905796085e-06,8.742153260012729e-05
18.367346938775512,1e-05,8.435132120265179e-05
19.591836734693878,1e-09,8.167993247209416e-05
19.591836734693878,1.4677992676220676e-09,8.167946282423929e-05
19.591836734693878,2.1544346900318866e-09,8.167877347787807e-05
19.591836734693878,3.1622776601683795e-09,8.167776166101167e-05
19.591836734693878,4.641588833612773e-09,8.167627652821726e-05
19.591836734693878,6.812920690579622e-09,8.167409667563598e-05
19.591836734693878,1e-08,8.167089714185006e-05
19.591836734693878,1.4677992676220675e-08,8.166620098104081e-05
19.591836734693878,2.1544346900318822e-08,8.165930820204559e-05
19.591836734693878,3.162277660168379e-08,8.16491915082499e-05
19.591836734693878,4.641588833612773e-08,8.163434335710181e-05
19.591836734693878,6.812920690579608e-08,8.16125516735123e-05
19.591836734693878,1e-07,8.158057107039151e-05
19.591836734693878,1.4677992676220674e-07,8.153364118710182e-05
19.591836734693878,2.1544346900318822e-07,8.146478168261376e-05
19.591836734693878,3.162277660168379e-07,8.136376166021481e-05
19.591836734693878,4.6415888336127725e-07,8.121559603628714e-05
19.591836734693878,6.812920690579608e-07,8.099835777152406e-05
19.591836734693878,1e-06,8.068000744703361e-05
19.591836734693878,1.4677992676220675e-06,8.021382538873639e-05
19.591836734693878,2.1544346900318822e-06,7.95318848652189e-05
19.591836734693878,3.162277660168379e-06,7.853583557436806e-05
19.591836734693878,4.641588833612773e-06,7.708410140324598e-05
19.591836734693878,6.8129206905796085e-06,7.49744923628819e-05
19.591836734693878,1e-05,7.192127882211122e-05
20.816326530612244,1e-09,7.087668613417316e-05
20.816326530612244,1.4677992676220676e-09,7.087621641654547e-05
20.816326530612244,2.1544346900318866e-09,7.087552696813664e-05
20.816326530612244,3.1622776601683795e-09,7.087451500228274e-05
20.816326530612244,4.641588833612773e-09,7.087302965250751e-05
20.816326530612244,6.812920690579622e-09,7.087084948512229e-05
20.816326530612244,1e-08,7.086764949718891e-05
20.816326530612244,1.4677992676220675e-08,7.086295268684734e-05
20.816326530612244,2.1544346900318822e-08,7.085605899122221e-05
20.816326530612244,3.162277660168379e-08,7.084594103114524e-05
20.816326530612244,4.641588833612773e-08,7.083109119176261e-05
20.816326530612244,6.812920690579608e-08,7.080929739695433e-05
20.816326530612244,1e-07,7.077731448405756e-05
20.816326530612244,1.4677992676220674e-07,7.0730382906935e-05
20.816326530612244,2.1544346900318822e-07,7.066152455995901e-05
20.816326530612244,3.162277660168379e-07,7.056051405159888e-05
20.816326530612244,4.6415888336127725e-07,7.04123791192469e-05
20.816326530612244,6.812920690579608e-07,7.019522159657335e-05
20.816326530612244,1e-06,6.987706561537858e-05
20.816326530612244,1.4677992676220675e-06,6.94113288949582e-05
20.816326530612244,2.1544346900318822e-06,6.873037690708646e-05
20.816326530612244,3.162277660168379e-06,6.77364700661304e-05
20.816326530612244,4.641588833612773e-06,6.6289282704866e-05
20.816326530612244,6.8129206905796085e-06,6.41891203605329e-05
20.816326530612244,1e-05,6.115507553840799e-05
22.040816326530614,1e-09,6.150947943444513e-05
22.040816326530614,1.4677992676220676e-09,6.15090096563149e-05
22.040816326530614,2.1544346900318866e-09,6.150832011952497e-05
22.040816326530614,3.1622776601683795e-09,6.150730802485416e-05
22.040816326530614,4.641588833612773e-09,6.150582248796807e-05
22.040816326530614,6.812920690579622e-09,6.150364205017935e-05
22.040816326530614,1e-08,6.150044167446698e-05
22.040816326530614,1.4677992676220675e-08,6.149574431459036e-05
22.040816326530614,2.1544346900318822e-08,6.148884985467005e-05
22.040816326530614,3.162277660168379e-08,6.147873086387484e-05
22.040816326530614,4.641588833612773e-08,6.146387970774535e-05
22.040816326530614,6.812920690579608e-08,6.144208440233068e-05
22.040816326530614,1e-07,6.141010018008193e-05
22.040816326530614,1.4677992676220674e-07,6.136316863244227e-05
22.040816326530614,2.1544346900318822e-07,6.129431451801714e-05
22.040816326530614,3.162277660168379e-07,6.119331920127457e-05
22.040816326530614,4.6415888336127725e-07,6.104522576658615e-05
22.040816326530614,6.812920690579608e-07,6.0828170064686855e-05
22.040816326530614,1e-06,6.051025027079962e-05
22.040816326530614,1.4677992676220675e-06,6.004504278197768e-05
22.040816326530614,2.1544346900318822e-06,5.936524786220873e-05
22.040816326530614,3.162277660168379e-06,5.837381988045166e-05
22.040816326530614,4.641588833612773e-06,5.693184055158995e-05
22.040816326530614,6.8129206905796085e-06,5.4842391832386376e-05
22.040816326530614,1e-05,5.182985590439572e-05
23.26530612244898,1e-09,5.338566400006595e-05
23.26530612244898,1.4677992676220676e-09,5.33851941695208e-05
23.26530612244898,2.1544346900318866e-09,5.3384504556283834e-05
23.26530612244898,3.1622776601683795e-09,5.338349235045536e-05
23.26530612244898,4.641588833612773e-09,5.33820066526763e-05
23.26530612244898,6.812920690579622e-09,5.337982598360008e-05
23.26530612244898,1e-08,5.337662527890954e-05
23.26530612244898,1.4677992676220675e-08,5.337192745877435e-05
23.26530612244898,2.1544346900318822e-08,5.336503237199982e-05
23.26530612244898,3.162277660168379e-08,5.3354912565986324e-05
23.26530612244898,4.641588833612773e-08,5.3340060439038845e-05
23.26530612244898,6.812920690579608e-08,5.331826419441459e-05
23.26530612244898,1e-07,5.328627963815133e-05
23.26530612244898,1.4677992676220674e-07,5.3239349844462715e-05
23.26530612244898,2.1544346900318822e-07,5.3170503119938425e-05
23.26530612244898,3.162277660168379e-07,5.3069528963292624e-05
23.26530612244898,4.6415888336127725e-07,5.2921488614589195e-05
23.26530612244898,6.812920690579608e-07,5.2704557691364716e-05
23.26530612244898,1e-06,5.2386920158774896e-05
23.26530612244898,1.4677992676220675e-06,5.1922334869662444e-05
23.26530612244898,2.1544346900318822e-06,5.1243884171997015e-05
23.26530612244898,3.162277660168379e-06,5.025530783488671e-05
23.26530612244898,4.641588833612773e-06,4.881926455556386e-05
23.26530612244898,6.8129206905796085e-06,4.6741909174314215e-05
23.26530612244898,1e-05,4.37533910650829e-05
24.48979591836735,1e-09,4.633886537163038e-05
24.48979591836735,1.4677992676220676e-09,4.6338395495730576e-05
24.48979591836735,2.1544346900318866e-09,4.633770581648628e-05
24.48979591836735,3.1622776601683795e-09,4.633669351497912e-05
24.48979591836735,4.641588833612773e-09,4.633520767936991e-05
24.48979591836735,6.812920690579622e-09,4.633302681360241e-05
24.48979591836735,1e-08,4.6329825832293835e-05
24.48979591836735,1.4677992676220675e-08,4.6325127632182575e-05
24.48979591836735,2.1544346900318822e-08,4.6318232043749964e-05
24.48979591836735,3.162277660168379e-08,4.6308111622127466e-05
24.48979591836735,4.641588833612773e-08,4.629325885141912e-05
24.48979591836735,6.812920690579608e-08,4.6271462220840505e-05
24.48979591836735,1e-07,4.623947829969667e-05
24.48979591836735,1.4677992676220674e-07,4.6192552018819043e-05
24.48979591836735,2.1544346900318822e-07,4.612371598423713e-05
24.48979591836735,3.162277660168379e-07,4.6022769359496806e-05
24.48979591836735,4.6415888336127725e-07,4.58747946801109e-05
24.48979591836735,6.812920690579608e-07,4.5658013777467024e-05
24.48979591836735,1e-06,4.534070957285272e-05
24.48979591836735,1.4677992676220675e-06,4.4876849922330244e-05
24.48979591836735,2.1544346900318822e-06,4.41999516383958e-05
24.48979591836735,3.162277660168379e-06,4.321463987930135e-05
24.48979591836735,4.641588833612773e-06,4.1785332271402735e-05
24.48979591836735,6.8129206905796085e-06,3.972156615093051e-05
24.48979591836735,1e-05,3.675973869015228e-05
25.714285714285715,1e-09,4.022529561118786e-05
25.714285714285715,1.4677992676220676e-09,4.0224825696104974e-05
25.714285714285715,2.1544346900318866e-09,4.022413595999371e-05
25.714285714285715,3.1622776601683795e-09,4.022312357641302e-05
25.714285714285715,4.641588833612773e-09,4.022163762333369e-05
25.714285714285715,6.812920690579622e-09,4.021945659160672e-05
25.714285714285715,1e-08,4.0216255380625897e-05
25.714285714285715,1.4677992676220675e-08,4.021155687337367e-05
25.714285714285715,2.1544346900318822e-08,4.020466089866931e-05
25.714285714285715,3.162277660168379e-08,4.019454004903546e-05
25.714285714285715,4.641588833612773e-08,4.017968694911568e-05
25.714285714285715,6.812920690579608e-08,4.015789047844345e-05
25.714285714285715,1e-07,4.01259081741274e-05
25.714285714285715,1.4677992676220674e-07,4.007898723322047e-05
25.714285714285715,2.1544346900318822e-07,4.001016539419922e-05
25.714285714285715,3.162277660168379e-07,3.99092531955824e-05
25.714285714285715,4.6415888336127725e-07,3.976135799181613e-05
25.714285714285715,6.812920690579608e-07,3.954475507123854e-05
25.714285714285715,1e-06,3.9227841071755566e-05
25.714285714285715,1.4677992676220675e-06,3.8764822446049595e-05
25.714285714285715,2.1544346900318822e-06,3.808970828643681e-05
25.714285714285715,3.162277660168379e-06,3.710811784420978e-05
25.714285714285715,4.641588833612773e-06,3.5686421209566145e-05
25.714285714285715,6.8129206905796085e-06,3.3637857699895614e-05
25.714285714285715,1e-05,3.070554805233969e-05
26.93877551020408,1e-09,3.4920608280007884e-05
26.93877551020408,1.4677992676220676e-09,3.492013833114453e-05
26.93877551020408,2.1544346900318866e-09,3.491944854619213e-05
26.93877551020408,3.1622776601683795e-09,3.491843609252705e-05
26.93877551020408,4.641588833612773e-09,3.491695004003014e-05
26.93877551020408,6.812920690579622e-09,3.491476886981919e-05
26.93877551020408,1e-08,3.4911567471594913e-05
26.93877551020408,1.4677992676220675e-08,3.490686872401732e-05
26.93877551020408,2.1544346900318822e-08,3.4899972470866935e-05
26.93877551020408,3.162277660168379e-08,3.488985137246211e-05
26.93877551020408,4.641588833612773e-08,3.487499825149715e-05
26.93877551020408,6.812920690579608e-08,3.4853202489832844e-05
26.93877551020408,1e-07,3.482122281567328e-05
26.93877551020408,1.4677992676220674e-07,3.477430914531892e-05
26.93877551020408,2.1544346900318822e-07,3.470550527947239e-05
26.93877551020408,3.162277660168379e-07,3.460463505114119e-05
26.93877551020408,4.6415888336127725e-07,3.445683459826079e-05
26.93877551020408,6.812920690579608e-07,3.424044081114792e-05
26.93877551020408,1e-06,3.392398058052335e-05
26.93877551020408,1.4677992676220675e-06,3.34619318645791e-05
26.93877551020408,2.1544346900318822e-06,3.278885956900135e-05
26.93877551020408,3.162277660168379e-06,3.1811494415504974e-05
26.93877551020408,4.641588833612773e-06,3.0398362814777217e-05
26.93877551020408,6.8129206905796085e-06,2.8366731293640558e-05
26.93877551020408,1e-05,2.546690637534876e-05
28.16326530612245,1e-09,3.031721021571242e-05
28.16326530612245,1.4677992676220676e-09,3.0316740237802328e-05
28.16326530612245,2.1544346900318866e-09,3.0316050411070872e-05
28.16326530612245,3.1622776601683795e-09,3.0315037897930108e-05
28.16326530612245,4.641588833612773e-09,3.031355176211132e-05
28.16326530612245,6.812920690579622e-09,3.0311370478167362e-05
28.16326530612245,1e-08,3.0308168931451745e-05
28.16326530612245,1.4677992676220675e-08,3.0303470005646074e-05
28.16326530612245,2.1544346900318822e-08,3.0296573576418023e-05
28.16326530612245,3.162277660168379e-08,3.028645240363158e-05
28.16326530612245,4.641588833612773e-08,3.0271599569439946e-05
28.16326530612245,6.812920690579608e-08,3.0249805079815772e-05
28.16326530612245,1e-07,3.0217829100371788e-05
28.16326530612245,1.4677992676220674e-07,3.0170924771547287e-05
28.16326530612245,2.1544346900318822e-07,3.010214299950795e-05
28.16326530612245,3.162277660168379e-07,3.0001323073359385e-05
28.16326530612245,4.6415888336127725e-07,2.985363438245366e-05
28.16326530612245,6.812920690579608e-07,2.9637484578657454e-05
28.16326530612245,1e-06,2.93215493027025e-05
28.16326530612245,1.4677992676220675e-06,2.886061449480705e-05
28.16326530612245,2.1544346900318822e-06,2.818987031991811e-05
28.16326530612245,3.162277660168379e-06,2.7217284716279047e-05
28.16326530612245,4.641588833612773e-06,2.581375276954496e-05
28.16326530612245,6.8129206905796085e-06,2.3800894263526002e-05
28.16326530612245,1e-05,2.093664106186328e-05
29.387755102040817,1e-09,2.6321959334853985e-05
29.387755102040817,1.4677992676220676e-09,2.6321489332059106e-05
29.387755102040817,2.1544346900318866e-09,2.632079946978859e-05
29.387755102040817,3.1622776601683795e-09,2.6319786906609064e-05
29.387755102040817,4.641588833612773e-09,2.6318300701922195e-05
29.387755102040817,6.812920690579622e-09,2.6316119326754305e-05
29.387755102040817,1e-08,2.6312917667379238e-05
29.387755102040817,1.4677992676220675e-08,2.6308218621941767e-05
29.387755102040817,2.1544346900318822e-08,2.630132211555808e-05
29.387755102040817,3.162277660168379e-08,2.629120104134743e-05
29.387755102040817,4.641588833612773e-08,2.627634880740493e-05
29.387755102040817,6.812920690579608e-08,2.6254556177750353e-05
29.387755102040817,1e-07,2.6222585029371878e-05
29.387755102040817,1.4677992676220674e-07,2.6175692292879018e-05
29.387755102040817,2.1544346900318822e-07,2.610693715501237e-05
29.387755102040817,3.162277660168379e-07,2.6006176800554592e-05
29.387755102040817,4.6415888336127725e-07,2.585861890891078e-05
29.387755102040817,6.812920690579608e-07,2.5642752186124384e-05
29.387755102040817,1e-06,2.5327421666050275e-05
29.387755102040817,1.4677992676220675e-06,2.4867761536548724e-05
29.387755102040817,2.1544346900318822e-06,2.4199662654003206e-05
29.387755102040817,3.162277660168379e-06,2.3232463670643903e-05
29.387755102040817,4.641588833612773e-06,2.1839646791969954e-05
29.387755102040817,6.8129206905796085e-06,1.9847506337423112e-05
29.387755102040817,1e-05,1.7022007290165695e-05
30.612244897959183,1e-09,2.285418965219529e-05
30.612244897959183,1.4677992676220676e-09,2.28537196281863e-05
30.612244897959183,2.1544346900318866e-09,2.2853029735916027e-05
30.612244897959183,3.1622776601683795e-09,2.285201713114541e-05
30.612244897959183,4.641588833612773e-09,2.285053087068585e-05
30.612244897959183,6.812920690579622e-09,2.2848349425007157e-05
30.612244897959183,1e-08,2.2845147686584844e-05
30.612244897959183,1.4677992676220675e-08,2.2840448577759063e-05
30.612244897959183,2.1544346900318822e-08,2.2833552091636686e-05
30.612244897959183,3.162277660168379e-08,2.2823431290921808e-05
30.612244897959183,4.641588833612773e-08,2.280857998250035e-05
30.612244897959183,6.812920690579608e-08,2.278678983706018e-05
30.612244897959183,1e-07,2.2754824749729583e-05
30.612244897959183,1.4677992676220674e-07,2.2707946078723444e-05
30.612244897959183,2.1544346900318822e-07,2.2639222618678738e-05
30.612244897959183,3.162277660168379e-07,2.2538532206800416e-05
30.612244897959183,4.6415888336127725e-07,2.2391126494236963e-05
30.612244897959183,6.812920690579608e-07,2.2175586789785033e-05
30.612244897959183,1e-06,2.186095048813257e-05
30.612244897959183,1.4677992676220675e-06,2.1402744254120802e-05
30.612244897959183,2.1544346900318822e-06,2.0737640974199896e-05
30.612244897959183,3.162277660168379e-06,1.9776490290522234e-05
30.612244897959183,4.641588833612773e-06,1.839558308289091e-05
30.612244897959183,6.8129206905796085e-06,1.6426198663549063e-05
30.612244897959183,1e-05,1.3642702498547233e-05
31.836734693877553,1e-09,1.984401443677034e-05
31.836734693877553,1.4677992676220676e-09,1.9843544394799473e-05
31.836734693877553,2.1544346900318866e-09,1.9842854477472296e-05
31.836734693877553,3.1622776601683795e-09,1.9841841838741124e-05
31.836734693877553,4.641588833612773e-09,1.9840355534502327e-05
31.836734693877553,6.812920690579622e-09,1.983817403763464e-05
31.836734693877553,1e-08,1.983497225221995e-05
31.836734693877553,1.4677992676220675e-08,1.9830273135011965e-05
31.836734693877553,2.1544346900318822e-08,1.9823376766975413e-05
31.836734693877553,3.162277660168379e-08,1.9813256420063068e-05
31.836734693877553,4.641588833612773e-08,1.9798406380578208e-05
31.836734693877553,6.812920690579608e-08,1.9776619392012454e-05
31.836734693877553,1e-07,1.9744661712859717e-05
31.836734693877553,1.4677992676220674e-07,1.9697799849156524e-05
31.836734693877553,2.1544346900318822e-07,1.9629113705374676e-05
31.836734693877553,3.162277660168379e-07,1.9528504887807747e-05
31.836734693877553,4.6415888336127725e-07,1.938127542097821e-05
31.836734693877553,6.812920690579608e-07,1.9166112146027852e-05
31.836734693877553,1e-06,1.885227027561852e-05
31.836734693877553,1.4677992676220675e-06,1.8395717253183065e-05
31.836734693877553,2.1544346900318822e-06,1.77339949722637e-05
31.836734693877553,3.162277660168379e-06,1.6779609760368648e-05
31.836734693877553,4.641588833612773e-06,1.5411882335007224e-05
31.836734693877553,6.8129206905796085e-06,1.3467370380812802e-05
31.836734693877553,1e-05,1.072915904434418e-05
33.06122448979592,1e-09,1.723086637769785e-05
33.06122448979592,1.4677992676220676e-09,1.723039632066264e-05
33.06122448979592,2.1544346900318866e-09,1.7229706382724893e-05
33.06122448979592,3.1622776601683795e-09,1.7228693716990836e-05
33.06122448979592,4.641588833612773e-09,1.7227207380103866e-05
33.06122448979592,6.812920690579622e-09,1.722502585035752e-05
33.06122448979592,1e-08,1.7221824049082938e-05
33.06122448979592,1.4677992676220675e-08,1.7217124978333233e-05
33.06122448979592,2.1544346900318822e-08,1.7210228828543526e-05
33.06122448979592,3.162277660168379e-08,1.7200109124666305e-05
33.06122448979592,4.641588833612773e-08,1.7185260722372147e-05
33.06122448979592,6.812920690579608e-08,1.7163477624721645e-05
33.06122448979592,1e-07,1.713152884358799e-05
33.06122448979592,1.4677992676220674e-07,1.7084686848463556e-05
33.06122448979592,2.1544346900318822e-07,1.7016044354853182e-05
33.06122448979592,3.162277660168379e-07,1.6915530260956732e-05
33.06122448979592,4.6415888336127725e-07,1.6768504167093422e-05
33.06122448979592,6.812920690579608e-07,1.655377288131773e-05
33.06122448979592,1e-06,1.6240837522213315e-05
33.06122448979592,1.4677992676220675e-06,1.5786158706589934e-05
33.06122448979592,2.1544346900318822e-06,1.5128239461242122e-05
33.06122448979592,3.162277660168379e-06,1.4181392157759579e-05
33.06122448979592,4.641588833612773e-06,1.2828184204810085e-05
33.06122448979592,6.8129206905796085e-06,1.0910721801994094e-05
33.06122448979592,1e-05,8.221074281561768e-06
34.285714285714285,1e-09,1.4962240167377071e-05
34.285714285714285,1.4677992676220676e-09,1.4961770097873569e-05
34.285714285714285,2.1544346900318866e-09,1.4961080143372027e-05
34.285714285714285,3.1622776601683795e-09,1.4960067457055344e-05
34.285714285714285,4.641588833612773e-09,1.4958581098001284e-05
34.285714285714285,6.812920690579622e-09,1.4956399553041252e-05
34.285714285714285,1e-08,1.4953197766728375e-05
34.285714285714285,1.4677992676220675e-08,1.4948498798199093e-05
34.285714285714285,2.1544346900318822e-08,1.494160297112328e-05
34.285714285714285,3.162277660168379e-08,1.4931484112145315e-05
34.285714285714285,4.641588833612773e-08,1.4916637747275478e-05
34.285714285714285,6.812920690579608e-08,1.4894859350046157e-05
34.285714285714285,1e-07,1.4862921127539466e-05
34.285714285714285,1.4677992676220674e-07,1.4816102437717683e-05
34.285714285714285,2.1544346900318822e-07,1.4747510734628246e-05
34.285714285714285,3.162277660168379e-07,1.4647106187004128e-05
34.285714285714285,4.6415888336127725e-07,1.4500314057738252e-05
34.285714285714285,6.812920690579608e-07,1.4286077179947983e-05
34.285714285714285,1e-06,1.397417340307423e-05
34.285714285714285,1.4677992676220675e-06,1.352161291524651e-05
34.285714285714285,2.1544346900318822e-06,1.2867956414097482e-05
34.285714285714285,3.162277660168379e-06,1.1929473198123742e-05
34.285714285714285,4.641588833612773e-06,1.0592185722214901e-05
34.285714285714285,6.8129206905796085e-06,8.703989851023743e-06
34.285714285714285,1e-05,6.066143801668475e-06
35.51020408163265,1e-09,1.2992608305575149e-05
35.51020408163265,1.4677992676220676e-09,1.2992138225954127e-05
35.51020408163265,2.1544346900318866e-09,1.2991448258600074e-05
35.51020408163265,3.1622776601683795e-09,1.2990435557717644e-05
35.51020408163265,4.641588833612773e-09,1.2988949186544666e-05
35.51020408163265,6.812920690579622e-09,1.2986767643734986e-05
35.51020408163265,1e-08,1.2983565903499684e-05
35.51020408163265,1.4677992676220675e-08,1.297886709497682e-05
35.51020408163265,2.1544346900318822e-08,1.2971971701433994e-05
35.51020408163265,3.162277660168379e-08,1.2961853905787406e-05
35.51020408163265,4.641588833612773e-08,1.2947010018310776e-05
35.51020408163265,6.812920690579608e-08,1.2925237221900239e-05
35.51020408163265,1e-07,1.2893311420338297e-05
35.51020408163265,1.4677992676220674e-07,1.2846519909947883e-05
35.51020408163265,2.1544346900318822e-07,1.2777987066588761e-05
35.51020408163265,3.162277660168379e-07,1.2677708816734668e-05
35.51020408163265,4.6415888336127725e-07,1.2531185141553807e-05
35.51020408163265,6.812920690579608e-07,1.2317512688544895e-05
35.51020408163265,1e-06,1.2006779657471472e-05
35.51020408163265,1.4677992676220675e-06,1.1556605984409691e-05
35.51020408163265,2.1544346900318822e-06,1.090770998294598e-05
35.51020408163265,3.162277660168379e-06,9.978467808631202e-06
35.51020408163265,4.641588833612773e-06,8.658552548030997e-06
35.51020408163265,6.8129206905796085e-06,6.8018568117923334e-06
35.51020408163265,1e-05,4.218968909240959e-06
36.734693877551024,1e-09,1.1282485404313452e-05
36.734693877551024,1.4677992676220676e-09,1.1282015316726516e-05
36.734693877551024,2.1544346900318866e-09,1.1281325339978081e-05
36.734693877551024,3.1622776601683795e-09,1.1280312630258187e-05
36.734693877551024,4.641588833612773e-09,1.127882625677343e-05
36.734693877551024,6.812920690579622e-09,1.1276644733520576e-05
36.734693877551024,1e-08,1.1273443071394465e-05
36.734693877551024,1.4677992676220675e-08,1.1268744483820245e-05
36.734693877551024,2.1544346900318822e-08,1.1261849643159629e-05
36.734693877551024,3.162277660168379e-08,1.1251733150097694e-05
36.734693877551024,4.641588833612773e-08,1.1236892228173278e-05
36.734693877551024,6.812920690579608e-08,1.1215126040906248e-05
36.734693877551024,1e-07,1.1183214758637504e-05
36.734693877551024,1.4677992676220674e-07,1.1136454807877076e-05
36.734693877551024,2.1544346900318822e-07,1.1067989957233185e-05
36.734693877551024,3.162277660168379e-07,1.0967856941983086e-05
36.734693877551024,4.6415888336127725e-07,1.0821640569412623e-05
36.734693877551024,6.812920690579608e-07,1.060861091156501e-05
36.734693877551024,1e-06,1.0299202926112589e-05
36.734693877551024,1.4677992676220675e-06,9.851709871948507e-06
36.734693877551024,2.1544346900318822e-06,9.208109757807834e-06
36.734693877551024,3.162277660168379e-06,8.289031837757819e-06
36.734693877551024,4.641588833612773e-06,6.987978500092382e-06
36.734693877551024,6.8129206905796085e-06,5.165007917901374e-06
36.734693877551024,1e-05,2.6401137858766315e-06
37.95918367346939,1e-09,9.797620003571949e-06
37.95918367346939,1.4677992676220676e-09,9.797149910012924e-06
37.95918367346939,2.1544346900318866e-09,9.79645992714307e-06
37.95918367346939,3.1622776601683795e-09,9.795447214138718e-06
37.95918367346939,4.641588833612773e-09,9.793960848101678e-06
37.95918367346939,6.812920690579622e-09,9.791779362201559e-06
37.95918367346939,1e-08,9.788577811761875e-06
37.95918367346939,1.4677992676220675e-08,9.78387951043478e-06
37.95918367346939,2.1544346900318822e-08,9.776985352867457e-06
37.95918367346939,3.162277660168379e-08,9.766870427104052e-06
37.95918367346939,4.641588833612773e-08,9.752033016426716e-06
37.95918367346939,6.812920690579608e-08,9.730274573451315e-06
37.95918367346939,1e-07,9.698380183019968e-06
37.95918367346939,1.4677992676220674e-07,9.65165675429605e-06
37.95918367346939,2.1544346900318822e-07,9.58327024145507e-06
37.95918367346939,3.162277660168379e-07,9.48330386042052e-06
37.95918367346939,4.6415888336127725e-07,9.337438483204702e-06
37.95918367346939,6.812920690579608e-07,9.12513910078639e-06
37.95918367346939,1e-06,8.817226538204472e-06
37.95918367346939,1.4677992676220675e-06,8.372733796564121e-06
37.95918367346939,2.1544346900318822e-06,7.735001265467169e-06
37.95918367346939,3.162277660168379e-06,6.827050964233353e-06
37.95918367346939,4.641588833612773e-06,5.546372523004898e-06
37.95918367346939,6.8129206905796085e-06,3.7593170128045005e-06
37.95918367346939,1e-05,1.295291420000018e-06
39.183673469387756,1e-09,8.508296028800259e-06
39.183673469387756,1.4677992676220676e-09,8.50782593114437e-06
39.183673469387756,2.1544346900318866e-09,8.507135945306902e-06
39.183673469387756,3.1622776601683795e-09,8.506123234503968e-06
39.183673469387756,4.641588833612773e-09,8.504636885825022e-06
39.183673469387756,6.812920690579622e-09,8.502455455811742e-06
39.183673469387756,1e-08,8.499254052839558e-06
39.183673469387756,1.4677992676220675e-08,8.494556108697537e-06
39.183673469387756,2.1544346900318822e-08,8.487662777836391e-06
39.183673469387756,3.162277660168379e-08,8.477549714660658e-06
39.183673469387756,4.641588833612773e-08,8.462716428822776e-06
39.183673469387756,6.812920690579608e-08,8.440967013175834e-06
39.183673469387756,1e-07,8.409092203822738e-06
39.183673469387756,1.4677992676220674e-07,8.362410926086636e-06
39.183673469387756,2.1544346900318822e-07,8.294114470686828e-06
39.183673469387756,3.162277660168379e-07,8.194338884063262e-06
39.183673469387756,4.6415888336127725e-07,8.048873542317933e-06
39.183673469387756,6.812920690579608e-07,7.837401761519157e-06
39.183673469387756,1e-06,7.531171863397451e-06
39.183673469387756,1.4677992676220675e-06,7.090025118612065e-06
39.183673469387756,2.1544346900318822e-06,6.458765845184343e-06
39.183673469387756,3.162277660168379e-06,5.562939016212793e-06
39.183673469387756,4.641588833612773e-06,4.3041554068184376e-06
39.183673469387756,6.8129206905796085e-06,2.5551425779716388e-06
39.183673469387756,1e-05,1.5466040133668216e-07
40.40816326530612,1e-09,7.3887286427067436e-06
40.40816326530612,1.4677992676220676e-09,7.388258542746866e-06
40.40816326530612,2.1544346900318866e-09,7.387568557033033e-06
40.40816326530612,3.1622776601683795e-09,7.386555853964364e-06
40.40816326530612,4.641588833612773e-09,7.385069532897213e-06
40.40816326530612,6.812920690579622e-09,7.382888178413183e-06
40.40816326530612,1e-08,7.379686961600709e-06
40.40816326530612,1.4677992676220675e-08,7.3749894526105735e-06
40.40816326530612,2.1544346900318822e-08,7.368097108264107e-06
40.40816326530612,3.162277660168379e-08,7.35798623919523e-06
40.40816326530612,4.641588833612773e-08,7.343157771256547e-06
40.40816326530612,6.812920690579608e-08,7.321418837390095e-06
40.40816326530612,1e-07,7.289566662385365e-06
40.40816326530612,1.4677992676220674e-07,7.242933924352413e-06
40.40816326530612,2.1544346900318822e-07,7.17474079754145e-06
40.40816326530612,3.162277660168379e-07,7.075183242612643e-06
40.40816326530612,4.6415888336127725e-07,6.9301728362349825e-06
40.40816326530612,6.812920690579608e-07,6.719636518548034e-06
40.40816326530612,1e-06,6.415293965356535e-06
40.40816326530612,1.4677992676220675e-06,5.977864433697802e-06
40.40816326530612,2.1544346900318822e-06,5.3537146770304244e-06
40.40816326530612,3.162277660168379e-06,4.471030554816729e-06
40.40816326530612,4.641588833612773e-06,3.2356511734090115e-06
40.40816326530612,6.8129206905796085e-06,1.5267189805709607e-06
40.40816326530612,1e-05,0.0
41.63265306122449,1e-09,6.416541453369102e-06
41.63265306122449,1.4677992676220676e-09,6.416071352850729e-06
41.63265306122449,2.1544346900318866e-09,6.415381370357418e-06
41.63265306122449,3.1622776601683795e-09,6.414368680708396e-06
41.63265306122449,4.641588833612773e-09,6.412882398053701e-06
41.63265306122449,6.812920690579622e-09,6.410701140231616e-06
41.63265306122449,1e-08,6.407500151946202e-06
41.63265306122449,1.4677992676220675e-08,6.402803164628002e-06
41.63265306122449,2.1544346900318822e-08,6.395911985886106e-06
41.63265306122449,3.162277660168379e-08,6.385803685011471e-06
41.63265306122449,4.641588833612773e-08,6.370980820432961e-06
41.63265306122449,6.812920690579608e-08,6.34925402052082e-06
41.63265306122449,1e-07,6.31742794984354e-06
41.63265306122449,1.4677992676220674e-07,6.270851002647491e-06
41.63265306122449,2.1544346900318822e-07,6.202776218509927e-06
41.63265306122449,3.162277660168379e-07,6.103467341867521e-06
41.63265306122449,4.6415888336127725e-07,5.958973140289793e-06
41.63265306122449,6.812920690579608e-07,5.749491293487444e-06
41.63265306122449,1e-06,5.447258504639909e-06
41.63265306122449,1.4677992676220675e-06,5.013941837445244e-06
41.63265306122449,2.1544346900318822e-06,4.397563966765302e-06
41.63265306122449,3.162277660168379e-06,3.529054799503077e-06
41.63265306122449,4.641588833612773e-06,2.318560233814995e-06
41.63265306122449,6.8129206905796085e-06,6.516299294127022e-07
41.63265306122449,1e-05,0.0
42.85714285714286,1e-09,5.572313909350928e-06
42.85714285714286,1.4677992676220676e-09,5.57184381001248e-06
42.85714285714286,2.1544346900318866e-09,5.571153833897779e-06
42.85714285714286,3.1622776601683795e-09,5.570141163621601e-06
42.85714285714286,4.641588833612773e-09,5.568654930943414e-06
42.85714285714286,6.812920690579622e-09,5.566473792826769e-06
42.85714285714286,1e-08,5.563273079935257e-06
42.85714285714286,1.4677992676220675e-08,5.558576711043509e-06
42.85714285714286,2.1544346900318822e-08,5.5516868997354725e-06
42.85714285714286,3.162277660168379e-08,5.541581590783409e-06
42.85714285714286,4.641588833612773e-08,5.5267652219446324e-06
42.85714285714286,6.812920690579608e-08,5.505052435303796e-06
42.85714285714286,1e-07,5.473256414129141e-06
42.85714285714286,1.4677992676220674e-07,5.4267434838233105e-06
42.85714285714286,2.1544346900318822e-07,5.3588040046456584e-06
42.85714285714286,3.162277660168379e-07,5.259778205484081e-06
42.85714285714286,4.6415888336127725e-07,5.115868339424485e-06
42.85714285714286,6.812920690579608e-07,4.9075716134547945e-06
42.85714285714286,1e-06,4.607688710060398e-06
42.85714285714286,1.4677992676220675e-06,4.178903199300189e-06
42.85714285714286,2.1544346900318822e-06,3.5709801769735897e-06
42.85714285714286,3.162277660168379e-06,2.717679844593824e-06
42.85714285714286,4.641588833612773e-06,1.5335032489805316e-06
42.85714285714286,6.8129206905796085e-06,0.0
42.85714285714286,1e-05,0.0
44.08163265306123,1e-09,4.839189297315027e-06
44.08163265306123,1.4677992676220676e-09,4.838719200916959e-06
44.08163265306123,2.1544346900318866e-09,4.838029234467791e-06
44.08163265306123,3.1622776601683795e-09,4.8370165898965416e-06
44.08163265306123,4.641588833612773e-09,4.83553041974242e-06
44.08163265306123,6.812920690579622e-09,4.833349426743982e-06
44.08163265306123,1e-08,4.830149041533378e-06
44.08163265306123,1.4677992676220675e-08,4.825453399938962e-06
44.08163265306123,2.1544346900318822e-08,4.818565184487102e-06
44.08163265306123,3.162277660168379e-08,4.808463348797537e-06
44.08163265306123,4.641588833612773e-08,4.793654491276106e-06
44.08163265306123,6.812920690579608e-08,4.771957857234051e-06
44.08163265306123,1e-07,4.740196370649872e-06
44.08163265306123,1.4677992676220674e-07,4.693756780756069e-06
44.08163265306123,2.1544346900318822e-07,4.625971734734065e-06
44.08163265306123,3.162277660168379e-07,4.527267512676516e-06
44.08163265306123,4.6415888336127725e-07,4.384017428828879e-06
44.08163265306123,6.812920690579608e-07,4.1770484559958694e-06
44.08163265306123,1e-06,3.879772827154402e-06
44.08163265306123,1.4677992676220675e-06,3.455956880301792e-06
44.08163265306123,2.1544346900318822e-06,2.8571857925613335e-06
44.08163265306123,3.162277660168379e-06,2.020117692309856e-06
44.08163265306123,4.641588833612773e-06,8.636261633412936e-07
44.08163265306123,6.8129206905796085e-06,0.0
44.08163265306123,1e-05,0.0
45.30612244897959,1e-09,4.202535105414715e-06
45.30612244897959,1.4677992676220676e-09,4.202065013773719e-06
45.30612244897959,2.1544346900318866e-09,4.201375060468995e-06
45.30612244897959,3.1622776601683795e-09,4.2003624484473585e-06
45.30612244897959,4.641588833612773e-09,4.198876354606896e-06
45.30612244897959,6.812920690579622e-09,4.196695534996269e-06
45.30612244897959,1e-08,4.19349553619683e-06
45.30612244897959,1.4677992676220675e-08,4.1888007449837786e-06
45.30612244897959,2.1544346900318822e-08,4.181914384759147e-06
45.30612244897959,3.162277660168379e-08,4.1718165702226775e-06
45.30612244897959,4.641588833612773e-08,4.1570163810786845e-06
45.30612244897959,6.812920690579608e-08,4.135338335609102e-06
45.30612244897959,1e-07,4.103616479943403e-06
45.30612244897959,1.4677992676220674e-07,4.057260783863571e-06
45.30612244897959,2.1544346900318822e-07,3.989651692911354e-06
45.30612244897959,3.162277660168379e-07,3.891311991591988e-06
45.30612244897959,4.6415888336127725e-07,3.748804847586821e-06
45.30612244897959,6.812920690579608e-07,3.5433183842537874e-06
45.30612244897959,1e-06,3.248923806547204e-06
45.30612244897959,1.4677992676220675e-06,2.8305326901521246e-06
45.30612244897959,2.1544346900318822e-06,2.2416174640576195e-06
45.30612244897959,3.162277660168379e-06,1.421781955307509e-06
45.30612244897959,4.641588833612773e-06,2.942581799002671e-07
45.30612244897959,6.8129206905796085e-06,0.0
45.30612244897959,1e-05,0.0
46.53061224489796,1e-09,3.649648664857036e-06
46.53061224489796,1.4677992676220676e-09,3.6491785798883106e-06
46.53061224489796,2.1544346900318866e-09,3.648488643463895e-06
46.53061224489796,3.1622776601683795e-09,3.647476071483695e-06
46.53061224489796,4.641588833612773e-09,3.645990069251756e-06
46.53061224489796,6.812920690579622e-09,3.6438094547144117e-06
46.53061224489796,1e-08,3.64060990863929e-06
46.53061224489796,1.4677992676220675e-08,3.6359161074769514e-06
46.53061224489796,2.1544346900318822e-08,3.629031897688426e-06
46.53061224489796,3.162277660168379e-08,3.618938728840814e-06
46.53061224489796,4.641588833612773e-08,3.6041485270919567e-06
46.53061224489796,6.812920690579608e-08,3.58249184354227e-06
46.53061224489796,1e-07,3.550815404504126e-06
46.53061224489796,1.4677992676220674e-07,3.5045555272496558e-06
46.53061224489796,2.1544346900318822e-07,3.43714654138578e-06
46.53061224489796,3.162277660168379e-07,3.339219076593255e-06
46.53061224489796,4.6415888336127725e-07,3.1975460503878977e-06
46.53061224489796,6.812920690579608e-07,2.9937088776941483e-06
46.53061224489796,1e-06,2.7024841517808667e-06
46.53061224489796,1.4677992676220675e-06,2.289986039116143e-06
46.53061224489796,2.1544346900318822e-06,1.7116295211409288e-06
46.53061224489796,3.162277660168379e-06,9.099912018594313e-07
46.53061224489796,4.641588833612773e-06,0.0
46.53061224489796,6.8129206905796085e-06,0.0
46.53061224489796,1e-05,0.0
47.755102040816325,1e-09,3.1695019636144474e-06
47.755102040816325,1.4677992676220676e-09,3.169031887361211e-06
47.755102040816325,2.1544346900318866e-09,3.1683419718922655e-06
47.755102040816325,3.1622776601683795e-09,3.1673294482348986e-06
47.755102040816325,4.641588833612773e-09,3.1658435547145676e-06
47.755102040816325,6.812920690579622e-09,3.163663180978836e-06
47.755102040816325,1e-08,3.160464162802543e-06
47.755102040816325,1.4677992676220675e-08,3.1557715106072474e-06
47.755102040816325,2.1544346900318822e-08,3.148889787834715e-06
47.755102040816325,3.162277660168379e-08,3.1388019771911065e-06
47.755102040816325,4.641588833612773e-08,3.124023266746932e-06
47.755102040816325,6.812920690579608e-08,3.102391100923194e-06
47.755102040816325,1e-07,3.0707666386212794e-06
47.755102040816325,1.4677992676220674e-07,3.024616026737421e-06
47.755102040816325,2.1544346900318822e-07,2.957434160158941e-06
47.755102040816325,3.162277660168379e-07,2.859971718858124e-06
47.755102040816325,4.6415888336127725e-07,2.719232204261678e-06
47.755102040816325,6.812920690579608e-07,2.517222748812403e-06
47.755102040816325,1e-06,2.2294698362555844e-06
47.755102040816325,1.4677992676220675e-06,1.8233412301144992e-06
47.755102040816325,2.1544346900318822e-06,1.2562368222408753e-06
47.755102040816325,3.162277660168379e-06,4.7371186521501615e-07
47.755102040816325,4.641588833612773e-06,0.0
47.755102040816325,6.8129206905796085e-06,0.0
47.755102040816325,1e-05,0.0
48.9795918367347,1e-09,2.7525203667005355e-06
48.9795918367347,1.4677992676220676e-09,2.7520503013826902e-06
48.9795918367347,2.1544346900318866e-09,2.7513604113581625e-06
48.9795918367347,3.1622776601683795e-09,2.750347945260796e-06
48.9795918367347,4.641588833612773e-09,2.7488621797021066e-06
48.9795918367347,6.812920690579622e-09,2.746682087222779e-06
48.9795918367347,1e-08,2.7434836824415434e-06
48.9795918367347,1.4677992676220675e-08,2.7387923603917114e-06
48.9795918367347,2.1544346900318822e-08,2.731913508818021e-06
48.9795918367347,3.162277660168379e-08,2.721831869644494e-06
48.9795918367347,4.641588833612773e-08,2.7070663648645672e-06
48.9795918367347,6.812920690579608e-08,2.6854623046953497e-06
48.9795918367347,1e-07,2.6538972453784892e-06
48.9795918367347,1.4677992676220674e-07,2.607871023209898e-06
48.9795918367347,2.1544346900318822e-07,2.540946385641025e-06
48.9795918367347,3.162277660168379e-07,2.444007079750296e-06
48.9795918367347,4.6415888336127725e-07,2.3043087388044656e-06
48.9795918367347,6.812920690579608e-07,2.104316381316847e-06
48.9795918367347,1e-06,1.8203480478246354e-06
48.9795918367347,1.4677992676220675e-06,1.4210686806822977e-06
48.9795918367347,2.1544346900318822e-06,8.658917308120884e-07
48.9795918367347,3.162277660168379e-06,1.0333544666704579e-07
48.9795918367347,4.641588833612773e-06,0.0
48.9795918367347,6.8129206905796085e-06,0.0
48.9795918367347,1e-05,0.0
50.204081632653065,1e-09,2.390390698013131e-06
50.204081632653065,1.4677992676220676e-09,2.389920646065644e-06
50.204081632653065,2.1544346900318866e-09,2.3892307864770223e-06
50.204081632653065,3.1622776601683795e-09,2.388218388315231e-06
50.204081632653065,4.641588833612773e-09,2.386732772491497e-06
50.204081632653065,6.812920690579622e-09,2.3845530072413696e-06
50.204081632653065,1e-08,2.3813553133006922e-06
50.204081632653065,1.4677992676220675e-08,2.376665528256024e-06
50.204081632653065,2.1544346900318822e-08,2.3697899867124297e-06
50.204081632653065,3.162277660168379e-08,2.3597154473327987e-06
50.204081632653065,4.641588833612773e-08,2.344965101470963e-06
50.204081632653065,6.812920690579608e-08,2.323393221366826e-06
50.204081632653065,1e-07,2.2918959553530966e-06
50.204081632653065,1.4677992676220674e-07,2.2460110850474517e-06
50.204081632653065,2.1544346900318822e-07,2.179377100228282e-06
50.204081632653065,3.162277660168379e-07,2.083024557003742e-06
50.204081632653065,4.6415888336127725e-07,1.9444832006281247e-06
50.204081632653065,6.812920690579608e-07,1.7467072512061154e-06
50.204081632653065,1e-06,1.4668442472533537e-06
50.204081632653065,1.4677992676220675e-06,1.0748915833102537e-06
50.204081632653065,2.1544346900318822e-06,5.32290708594375e-07
50.204081632653065,3.162277660168379e-06,0.0
50.204081632653065,4.641588833612773e-06,0.0
50.204081632653065,6.8129206905796085e-06,0.0
50.204081632653065,1e-05,0.0
51.42857142857143,1e-09,2.075894757693586e-06
51.42857142857143,1.4677992676220676e-09,2.0754247218158882e-06
51.42857142857143,2.1544346900318866e-09,2.0747348982601217e-06
51.42857142857143,3.1622776601683795e-09,2.0737225797505457e-06
51.42857142857143,4.641588833612773e-09,2.072237138376975e-06
51.42857142857143,6.812920690579622e-09,2.070057752739477e-06
51.42857142857143,1e-08,2.0668608808983585e-06
51.42857142857143,1.4677992676220675e-08,2.062172869249637e-06
51.42857142857143,2.1544346900318822e-08,2.055301139154057e-06
51.42857142857143,3.162277660168379e-08,2.0452347589870644e-06
51.42857142857143,4.641588833612773e-08,2.0305017956504706e-06
51.42857142857143,6.812920690579608e-08,2.0089667155643736e-06
51.42857142857143,1e-07,1.977546700502339e-06
51.42857142857143,1.4677992676220674e-07,1.9318221420988267e-06
51.42857142857143,2.1544346900318822e-07,1.8655157436140157e-06
51.42857142857143,3.162277660168379e-07,1.7698192130508757e-06
51.42857142857143,4.6415888336127725e-07,1.6325584844386455e-06
51.42857142857143,6.812920690579608e-07,1.4372068171317319e-06
51.42857142857143,1e-06,1.1617746506248496e-06
51.42857142857143,1.4677992676220675e-06,7.776181246060017e-07
51.42857142857143,2.1544346900318822e-06,2.4820661226842793e-07
51.42857142857143,3.162277660168379e-06,0.0
51.42857142857143,4.641588833612773e-06,0.0
51.42857142857143,6.8129206905796085e-06,0.0
51.42857142857143,1e-05,0.0
52.6530612244898,1e-09,1.8027648812442556e-06
52.6530612244898,1.4677992676220676e-09,1.802294864457711e-06
52.6530612244898,2.1544346900318866e-09,1.801605083239194e-06
52.6530612244898,3.1622776601683795e-09,1.8005928576711025e-06
52.6530612244898,4.641588833612773e-09,1.799107618895349e-06
52.6530612244898,6.812920690579622e-09,1.7969286726631505e-06
52.6530612244898,1e-08,1.793732750099334e-06
52.6530612244898,1.4677992676220675e-08,1.7890467821427103e-06
52.6530612244898,2.1544346900318822e-08,1.7821794364313962e-06
52.6530612244898,3.162277660168379e-08,1.7721224238763357e-06
52.6530612244898,4.641588833612773e-08,1.757409371646724e-06
52.6530612244898,6.812920690579608e-08,1.735916320653666e-06
52.6530612244898,1e-07,1.7045841887033336e-06
52.6530612244898,1.4677992676220674e-07,1.6590410556265779e-06
52.6530612244898,2.1544346900318822e-07,1.5931028486667246e-06
52.6530612244898,3.162277660168379e-07,1.498137207949122e-06
52.6530612244898,4.6415888336127725e-07,1.3622880486303345e-06
52.6530612244898,6.812920690579608e-07,1.1695754040666716e-06
52.6530612244898,1e-06,8.989007796118082e-07
52.6530612244898,1.4677992676220675e-06,5.229959041974902e-07
52.6530612244898,2.1544346900318822e-06,7.343291042999879e-09
52.6530612244898,3.162277660168379e-06,0.0
52.6530612244898,4.641588833612773e-06,0.0
52.6530612244898,6.8129206905796085e-06,0.0
52.6530612244898,1e-05,0.0
53.87755102040816,1e-09,1.56555860501205e-06
53.87755102040816,1.4677992676220676e-09,1.5650886107127168e-06
53.87755102040816,2.1544346900318866e-09,1.5643988789777979e-06
53.87755102040816,3.1622776601683795e-09,1.5633867614713087e-06
53.87755102040816,4.641588833612773e-09,1.5619017574094258e-06
53.87755102040816,6.812920690579622e-09,1.559723318935266e-06
53.87755102040816,1e-08,1.5565284911314374e-06
53.87755102040816,1.4677992676220675e-08,1.5518448760008621e-06
53.87755102040816,2.1544346900318822e-08,1.5449825691605598e-06
53.87755102040816,3.162277660168379e-08,1.5349363014760617e-06
53.87755102040816,4.641588833612773e-08,1.520246031765343e-06
53.87755102040816,6.812920690579608e-08,1.4988009157475934e-06
53.87755102040816,1e-07,1.4675685827088403e-06
53.87755102040816,1.4677992676220674e-07,1.4222302867972207e-06
53.87755102040816,2.1544346900318822e-07,1.356704663153963e-06
53.87755102040816,3.162277660168379e-07,1.2625502990862678e-06
53.87755102040816,4.6415888336127725e-07,1.1282501855756752e-06
53.87755102040816,6.812920690579608e-07,9.383961673952737e-07
53.87755102040816,1e-06,6.728031797774242e-07
53.87755102040816,1.4677992676220675e-06,3.055856377393714e-07
53.87755102040816,2.1544346900318822e-06,0.0
53.87755102040816,3.162277660168379e-06,0.0
53.87755102040816,4.641588833612773e-06,0.0
53.87755102040816,6.8129206905796085e-06,0.0
53.87755102040816,1e-05,0.0
55.10204081632653,1e-09,1.3595498977236102e-06
55.10204081632653,1.4677992676220676e-09,1.359079929753127e-06
55.10204081632653,2.1544346900318866e-09,1.358390255622747e-06
55.10204081632653,3.1622776601683795e-09,1.3573782634230177e-06
55.10204081632653,4.641588833612773e-09,1.355893530787382e-06
55.10204081632653,6.812920690579622e-09,1.3537156782853364e-06
55.10204081632653,1e-08,1.3505221117365903e-06
55.10204081632653,1.4677992676220675e-08,1.3458412029676903e-06
55.10204081632653,2.1544346900318822e-08,1.3389846822672854e-06
55.10204081632653,3.162277660168379e-08,1.3289507275483488e-06
55.10204081632653,4.641588833612773e-08,1.314286495639354e-06
55.10204081632653,6.812920690579608e-08,1.2928959683844887e-06
55.10204081632653,1e-07,1.2617767420979365e-06
55.10204081632653,1.4677992676220674e-07,1.216669121178691e-06
55.10204081632653,2.1544346900318822e-07,1.151604313967538e-06
55.10204081632653,3.162277660168379e-07,1.0583468668390773e-06
55.10204081632653,4.6415888336127725e-07,9.257388157547489e-07
55.10204081632653,6.812920690579608e-07,7.389656221981127e-07
55.10204081632653,1e-06,4.787717962980145e-07
55.10204081632653,1.4677992676220675e-06,1.2065160798249675e-07
55.10204081632653,2.1544346900318822e-06,0.0
55.10204081632653,3.162277660168379e-06,0.0
55.10204081632653,4.641588833612773e-06,0.0
55.10204081632653,6.8129206905796085e-06,0.0
55.10204081632653,1e-05,0.0
56.3265306122449,1e-09,1.1806347587070877e-06
56.3265306122449,1.4677992676220676e-09,1.180164821427049e-06
56.3265306122449,2.1544346900318866e-09,1.1794752141615516e-06
56.3265306122449,3.1622776601683795e-09,1.178463366974058e-06
56.3265306122449,4.641588833612773e-09,1.1769789477704234e-06
56.3265306122449,6.812920690579622e-09,1.1748017707878027e-06
56.3265306122449,1e-08,1.1716096560678224e-06
56.3265306122449,1.4677992676220675e-08,1.1669318578715256e-06
56.3265306122449,2.1544346900318822e-08,1.1600819758877702e-06
56.3265306122449,3.162277660168379e-08,1.1500621172305854e-06
56.3265306122449,4.641588833612773e-08,1.1354276063349513e-06
56.3265306122449,6.812920690579608e-08,1.1140991429976764e-06
56.3265306122449,1e-07,1.0831078276005038e-06
56.3265306122449,1.4677992676220674e-07,1.038259247549764e-06
56.3265306122449,2.1544346900318822e-07,9.737073121178142e-07
56.3265306122449,3.162277660168379e-07,8.814372686652278e-07
56.3265306122449,4.6415888336127725e-07,7.506686195615741e-07
56.3265306122449,6.812920690579608e-07,5.671985639429722e-07
56.3265306122449,1e-06,3.127108287062084e-07
56.3265306122449,1.4677992676220675e-06,0.0
56.3265306122449,2.1544346900318822e-06,0.0
56.3265306122449,3.162277660168379e-06,0.0
56.3265306122449,4.641588833612773e-06,0.0
56.3265306122449,6.8129206905796085e-06,0.0
56.3265306122449,1e-05,0.0
57.55102040816327,1e-09,1.0252492777964669e-06
57.55102040816327,1.4677992676220676e-09,1.0247793761774278e-06
57.55102040816327,2.1544346900318866e-09,1.024089846348395e-06
57.55102040816327,3.1622776601683795e-09,1.0230781667219772e-06
57.55102040816327,4.641588833612773e-09,1.0215941090654024e-06
57.55102040816327,6.812920690579622e-09,1.0194177101605706e-06
57.55102040816327,1e-08,1.0162272653840922e-06
57.55102040816327,1.4677992676220675e-08,1.0115530396816212e-06
57.55102040816327,2.1544346900318822e-08,1.0047107682099513e-06
57.55102040816327,3.162277660168379e-08,9.947070300581243e-07
57.55102040816327,4.641588833612773e-08,9.801063980989227e-07
57.55102040816327,6.812920690579608e-08,9.588483695270252e-07
57.55102040816327,1e-07,9.280013613621137e-07
57.55102040816327,1.4677992676220674e-07,8.834427838095867e-07
57.55102040816327,2.1544346900318822e-07,8.194594921998294e-07
57.55102040816327,3.162277660168379e-07,7.282716211948193e-07
57.55102040816327,4.6415888336127725e-07,5.994926176622934e-07
57.55102040816327,6.812920690579608e-07,4.1954549892217504e-07
57.55102040816327,1e-06,1.710561701892616e-07
57.55102040816327,1.4677992676220675e-06,0.0
57.55102040816327,2.1544346900318822e-06,0.0
57.55102040816327,3.162277660168379e-06,0.0
57.55102040816327,4.641588833612773e-06,0.0
57.55102040816327,6.8129206905796085e-06,0.0
57.55102040816327,1e-05,0.0
58.775510204081634,1e-09,8.902985063332341e-07
58.775510204081634,1.4677992676220676e-09,8.898286460494019e-07
58.775510204081634,2.1544346900318866e-09,8.891392057555002e-07
58.775510204081634,3.1622776601683795e-09,8.881277195178377e-07
58.775510204081634,4.641588833612773e-09,8.866440785283582e-07
58.775510204081634,6.812920690579622e-09,8.844685751763907e-07
58.775510204081634,1e-08,8.812800499141037e-07
58.775510204081634,1.4677992676220675e-08,8.76609924212814e-07
58.775510204081634,2.1544346900318822e-08,8.697763696275893e-07
58.775510204081634,3.162277660168379e-08,8.597910463041609e-07
58.775510204081634,4.641588833612773e-08,8.452289748197413e-07
58.775510204081634,6.812920690579608e-08,8.240507208218666e-07
58.775510204081634,1e-07,7.933660909907543e-07
58.775510204081634,1.4677992676220674e-07,7.491310974079052e-07
58.775510204081634,2.1544346900318822e-07,6.85775735777811e-07
58.775510204081634,3.162277660168379e-07,5.957683668841993e-07
58.775510204081634,4.6415888336127725e-07,4.6913056674432497e-07
58.775510204081634,6.812920690579608e-07,2.929209526322234e-07
58.775510204081634,1e-06,5.0703780959211765e-08
58.775510204081634,1.4677992676220675e-06,0.0
58.775510204081634,2.1544346900318822e-06,0.0
58.775510204081634,3.162277660168379e-06,0.0
58.775510204081634,4.641588833612773e-06,0.0
58.775510204081634,6.8129206905796085e-06,0.0
58.775510204081634,1e-05,0.0
60.0,1e-09,7.730947086503178e-07
60.0,1.4677992676220676e-09,7.726248961883272e-07
60.0,2.1544346900318866e-09,7.719355592865634e-07
60.0,3.1622776601683795e-09,7.709242960365617e-07
60.0,4.641588833612773e-09,7.694411348893343e-07
60.0,6.812920690579622e-09,7.672666616314596e-07
60.0,1e-08,7.640803413105688e-07
60.0,1.4677992676220675e-08,7.594149174874284e-07
60.0,2.1544346900318822e-08,7.525913375955271e-07
60.0,3.162277660168379e-08,7.426270238285279e-07
60.0,4.641588833612773e-08,7.281087682684133e-07
60.0,6.812920690579608e-08,7.070206673131577e-07
60.0,1e-07,6.765182252583798e-07
60.0,1.4677992676220674e-07,6.326429882717259e-07
60.0,2.1544346900318822e-07,5.699780498677467e-07
60.0,3.162277660168379e-07,4.81252204225675e-07
60.0,4.6415888336127725e-07,3.569067571790525e-07
60.0,6.812920690579608e-07,1.846412378425947e-07
60.0,1e-06,0.0
60.0,1.4677992676220675e-06,0.0
60.0,2.1544346900318822e-06,0.0
60.0,3.162277660168379e-06,0.0
60.0,4.641588833612773e-06,0.0
60.0,6.8129206905796085e-06,0.0
60.0,1e-05,0.0
