loss_dB_total,M,rate
0.0,4.0,0.003300538416749168
0.0,8.0,0.001650269208374584
0.0,16.0,0.000825134604187292
0.0,32.0,0.000412567302093646
0.0,64.0,0.000206283651046823
1.2244897959183674,4.0,0.002842717887004958
1.2244897959183674,8.0,0.001421358943502479
1.2244897959183674,16.0,0.0007106794717512395
1.2244897959183674,32.0,0.00035533973587561975
1.2244897959183674,64.0,0.00017766986793780988
2.4489795918367347,4.0,0.002451033924963157
2.4489795918367347,8.0,0.0012255169624815784
2.4489795918367347,16.0,0.0006127584812407892
2.4489795918367347,32.0,0.0003063792406203946
2.4489795918367347,64.0,0.0001531896203101973
3.673469387755102,4.0,0.002115298926571216
3.673469387755102,8.0,0.001057649463285608
3.673469387755102,16.0,0.000528824731642804
3.673469387755102,32.0,0.000264412365821402
3.673469387755102,64.0,0.000132206182910701
4.8979591836734695,4.0,0.0018270427017675528
4.8979591836734695,8.0,0.0009135213508837764
4.8979591836734695,16.0,0.0004567606754418882
4.8979591836734695,32.0,0.0002283803377209441
4.8979591836734695,64.0,0.00011419016886047205
6.122448979591837,4.0,0.001579189756294832
6.122448979591837,8.0,0.000789594878147416
6.122448979591837,16.0,0.000394797439073708
6.122448979591837,32.0,0.000197398719536854
6.122448979591837,64.0,9.8699359768427e-05
7.346938775510204,4.0,0.0013658042662541435
7.346938775510204,8.0,0.0006829021331270717
7.346938775510204,16.0,0.0003414510665635359
7.346938775510204,32.0,0.00017072553328176794
7.346938775510204,64.0,8.536276664088397e-05
8.571428571428571,4.0,0.001181887115033121
8.571428571428571,8.0,0.0005909435575165605
8.571428571428571,16.0,0.00029547177875828025
8.571428571428571,32.0,0.00014773588937914013
8.571428571428571,64.0,7.386794468957006e-05
9.795918367346939,4.0,0.0010232132616347339
9.795918367346939,8.0,0.0005116066308173669
9.795918367346939,16.0,0.00025580331540868347
9.795918367346939,32.0,0.00012790165770434173
9.795918367346939,64.0,6.395082885217087e-05
11.020408163265307,4.0,0.0008862005726261184
11.020408163265307,8.0,0.0004431002863130592
11.020408163265307,16.0,0.0002215501431565296
11.020408163265307,32.0,0.0001107750715782648
11.020408163265307,64.0,5.53875357891324e-05
12.244897959183675,4.0,0.0007678033681203122
12.244897959183675,8.0,0.0003839016840601561
12.244897959183675,16.0,0.00019195084203007805
12.244897959183675,32.0,9.597542101503902e-05
12.244897959183675,64.0,4.798771050751951e-05
13.46938775510204,4.0,0.0006654255102136522
13.46938775510204,8.0,0.0003327127551068261
13.46938775510204,16.0,0.00016635637755341306
13.46938775510204,32.0,8.317818877670653e-05
13.46938775510204,64.0,4.1589094388353264e-05
14.693877551020408,4.0,0.0005768490456233479
14.693877551020408,8.0,0.00028842452281167396
14.693877551020408,16.0,0.00014421226140583698
14.693877551020408,32.0,7.210613070291849e-05
14.693877551020408,64.0,3.6053065351459245e-05
15.918367346938776,4.0,0.0005001753071833175
15.918367346938776,8.0,0.00025008765359165873
15.918367346938776,16.0,0.00012504382679582937
15.918367346938776,32.0,6.252191339791468e-05
15.918367346938776,64.0,3.126095669895734e-05
17.142857142857142,4.0,0.0004337760567051492
17.142857142857142,8.0,0.0002168880283525746
17.142857142857142,16.0,0.0001084440141762873
17.142857142857142,32.0,5.422200708814365e-05
17.142857142857142,64.0,2.7111003544071824e-05
18.367346938775512,4.0,0.0003762527693265784
18.367346938775512,8.0,0.0001881263846632892
18.367346938775512,16.0,9.40631923316446e-05
18.367346938775512,32.0,4.70315961658223e-05
18.367346938775512,64.0,2.351579808291115e-05
19.591836734693878,4.0,0.0003264025570210178
19.591836734693878,8.0,0.0001632012785105089
19.591836734693878,16.0,8.160063925525445e-05
19.591836734693878,32.0,4.0800319627627224e-05
19.591836734693878,64.0,2.0400159813813612e-05
20.816326530612244,4.0,0.00028318953603504756
20.816326530612244,8.0,0.00014159476801752378
20.816326530612244,16.0,7.079738400876189e-05
20.816326530612244,32.0,3.5398692004380944e-05
20.816326530612244,64.0,1.7699346002190472e-05
22.040816326530614,4.0,0.0002457206816013237
22.040816326530614,8.0,0.00012286034080066186
22.040816326530614,16.0,6.143017040033093e-05
22.040816326530614,32.0,3.0715085200165465e-05
22.040816326530614,64.0,1.5357542600082733e-05
23.26530612244898,4.0,0.0002132253996917007
23.26530612244898,8.0,0.00010661269984585035
23.26530612244898,16.0,5.330634992292518e-05
23.26530612244898,32.0,2.665317496146259e-05
23.26530612244898,64.0,1.3326587480731294e-05
24.48979591836735,4.0,0.00018503819207615254
24.48979591836735,8.0,9.251909603807627e-05
24.48979591836735,16.0,4.6259548019038134e-05
24.48979591836735,32.0,2.3129774009519067e-05
24.48979591836735,64.0,1.1564887004759533e-05
25.714285714285715,4.0,0.00016058390674779016
25.714285714285715,8.0,8.029195337389508e-05
25.714285714285715,16.0,4.014597668694754e-05
25.714285714285715,32.0,2.007298834347377e-05
25.714285714285715,64.0,1.0036494171736885e-05
26.93877551020408,4.0,0.00013936515782928666
26.93877551020408,8.0,6.968257891464333e-05
26.93877551020408,16.0,3.4841289457321665e-05
26.93877551020408,32.0,1.7420644728660832e-05
26.93877551020408,64.0,8.710322364330416e-06
28.16326530612245,4.0,0.00012095157267919099
28.16326530612245,8.0,6.0475786339595495e-05
28.16326530612245,16.0,3.0237893169797747e-05
28.16326530612245,32.0,1.5118946584898874e-05
28.16326530612245,64.0,7.559473292449437e-06
29.387755102040817,4.0,0.00010497058310240567
29.387755102040817,8.0,5.2485291551202834e-05
29.387755102040817,16.0,2.6242645775601417e-05
29.387755102040817,32.0,1.3121322887800708e-05
29.387755102040817,64.0,6.560661443900354e-06
30.612244897959183,4.0,9.109952542989682e-05
30.612244897959183,8.0,4.554976271494841e-05
30.612244897959183,16.0,2.2774881357474205e-05
30.612244897959183,32.0,1.1387440678737102e-05
30.612244897959183,64.0,5.693720339368551e-06
31.836734693877553,4.0,7.905885314783682e-05
31.836734693877553,8.0,3.952942657391841e-05
31.836734693877553,16.0,1.9764713286959204e-05
31.836734693877553,32.0,9.882356643479602e-06
31.836734693877553,64.0,4.941178321739801e-06
33.06122448979592,4.0,6.860629756834509e-05
33.06122448979592,8.0,3.430314878417254e-05
33.06122448979592,16.0,1.715157439208627e-05
33.06122448979592,32.0,8.575787196043136e-06
33.06122448979592,64.0,4.287893598021568e-06
34.285714285714285,4.0,5.953183817231444e-05
34.285714285714285,8.0,2.976591908615722e-05
34.285714285714285,16.0,1.488295954307861e-05
34.285714285714285,32.0,7.441479771539305e-06
34.285714285714285,64.0,3.7207398857696526e-06
35.51020408163265,4.0,5.165336583844936e-05
35.51020408163265,8.0,2.582668291922468e-05
35.51020408163265,16.0,1.291334145961234e-05
35.51020408163265,32.0,6.45667072980617e-06
35.51020408163265,64.0,3.228335364903085e-06
36.734693877551024,4.0,4.481294007839077e-05
36.734693877551024,8.0,2.2406470039195383e-05
36.734693877551024,16.0,1.1203235019597692e-05
36.734693877551024,32.0,5.601617509798846e-06
36.734693877551024,64.0,2.800808754899423e-06
37.95918367346939,4.0,3.887355631813084e-05
37.95918367346939,8.0,1.943677815906542e-05
37.95918367346939,16.0,9.71838907953271e-06
37.95918367346939,32.0,4.859194539766355e-06
37.95918367346939,64.0,2.4295972698831777e-06
39.183673469387756,4.0,3.3716351749800714e-05
39.183673469387756,8.0,1.6858175874900357e-05
39.183673469387756,16.0,8.429087937450179e-06
39.183673469387756,32.0,4.214543968725089e-06
39.183673469387756,64.0,2.1072719843625447e-06
40.40816326530612,4.0,2.9238188763972694e-05
40.40816326530612,8.0,1.4619094381986347e-05
40.40816326530612,16.0,7.309547190993174e-06
40.40816326530612,32.0,3.654773595496587e-06
40.40816326530612,64.0,1.8273867977482934e-06
41.63265306122449,4.0,2.5349563810805003e-05
41.63265306122449,8.0,1.2674781905402502e-05
41.63265306122449,16.0,6.337390952701251e-06
41.63265306122449,32.0,3.1686954763506254e-06
41.63265306122449,64.0,1.5843477381753127e-06
42.85714285714286,4.0,2.1972797012872742e-05
42.85714285714286,8.0,1.0986398506436371e-05
42.85714285714286,16.0,5.4931992532181854e-06
42.85714285714286,32.0,2.7465996266090927e-06
42.85714285714286,64.0,1.3732998133045464e-06
44.08163265306123,4.0,1.9040464191793684e-05
44.08163265306123,8.0,9.520232095896842e-06
44.08163265306123,16.0,4.760116047948421e-06
44.08163265306123,32.0,2.3800580239742105e-06
44.08163265306123,64.0,1.1900290119871052e-06
45.30612244897959,4.0,1.6494038361842272e-05
45.30612244897959,8.0,8.247019180921136e-06
45.30612244897959,16.0,4.123509590460568e-06
45.30612244897959,32.0,2.061754795230284e-06
45.30612244897959,64.0,1.030877397615142e-06
46.53061224489796,4.0,1.4282712339925519e-05
46.53061224489796,8.0,7.141356169962759e-06
46.53061224489796,16.0,3.5706780849813797e-06
46.53061224489796,32.0,1.7853390424906898e-06
46.53061224489796,64.0,8.926695212453449e-07
47.755102040816325,4.0,1.2362378047730625e-05
47.755102040816325,8.0,6.181189023865313e-06
47.755102040816325,16.0,3.0905945119326563e-06
47.755102040816325,32.0,1.5452972559663282e-06
47.755102040816325,64.0,7.726486279831641e-07
48.9795918367347,4.0,1.0694741443190747e-05
48.9795918367347,8.0,5.347370721595373e-06
48.9795918367347,16.0,2.6736853607976867e-06
48.9795918367347,32.0,1.3368426803988433e-06
48.9795918367347,64.0,6.684213401994217e-07
50.204081632653065,4.0,9.246554900551174e-06
50.204081632653065,8.0,4.623277450275587e-06
50.204081632653065,16.0,2.3116387251377934e-06
50.204081632653065,32.0,1.1558193625688967e-06
50.204081632653065,64.0,5.779096812844484e-07
51.42857142857143,4.0,7.988951333879056e-06
51.42857142857143,8.0,3.994475666939528e-06
51.42857142857143,16.0,1.997237833469764e-06
51.42857142857143,32.0,9.98618916734882e-07
51.42857142857143,64.0,4.99309458367441e-07
52.6530612244898,4.0,6.896866487444958e-06
52.6530612244898,8.0,3.448433243722479e-06
52.6530612244898,16.0,1.7242166218612396e-06
52.6530612244898,32.0,8.621083109306198e-07
52.6530612244898,64.0,4.310541554653099e-07
53.87755102040816,4.0,5.948537649471544e-06
53.87755102040816,8.0,2.974268824735772e-06
53.87755102040816,16.0,1.487134412367886e-06
53.87755102040816,32.0,7.43567206183943e-07
53.87755102040816,64.0,3.717836030919715e-07
55.10204081632653,4.0,5.125068625546949e-06
55.10204081632653,8.0,2.5625343127734745e-06
55.10204081632653,16.0,1.2812671563867372e-06
55.10204081632653,32.0,6.406335781933686e-07
55.10204081632653,64.0,3.203167890966843e-07
56.3265306122449,4.0,4.41005217106468e-06
56.3265306122449,8.0,2.20502608553234e-06
56.3265306122449,16.0,1.10251304276617e-06
56.3265306122449,32.0,5.51256521383085e-07
56.3265306122449,64.0,2.756282606915425e-07
57.55102040816327,4.0,3.7892422590660725e-06
57.55102040816327,8.0,1.8946211295330363e-06
57.55102040816327,16.0,9.473105647665181e-07
57.55102040816327,32.0,4.7365528238325907e-07
57.55102040816327,64.0,2.3682764119162953e-07
58.775510204081634,4.0,3.2502695767013177e-06
58.775510204081634,8.0,1.6251347883506588e-06
58.775510204081634,16.0,8.125673941753294e-07
58.775510204081634,32.0,4.062836970876647e-07
58.775510204081634,64.0,2.0314184854383235e-07
60.0,4.0,2.782394523242435e-06
60.0,8.0,1.3911972616212176e-06
60.0,16.0,6.955986308106088e-07
60.0,32.0,3.477993154053044e-07
60.0,64.0,1.738996577026522e-07
