loss_dB_total,e_delta,rate
0.0,0.001,0.001306880659882326
0.0,0.001177154137232303,0.0012970417112856691
0.0,0.0013856918628031274,0.001285706846726618
0.0,0.001631172909227838,0.0012726551137731737
0.0,0.001920141938638801,0.0012576342988565893
0.0,0.0022603030271419193,0.0012424751233191095
0.0,0.0026607250597988083,0.0012259958909961192
0.0,0.003132083512179837,0.0012070509781632697
0.0,0.0036869450645195733,0.0011852850680233295
0.0,0.00434010263644744,0.0011602947293392373
0.0,0.005108969774506924,0.00113162267041703
0.0,0.006014044907055618,0.0010987515237911698
0.0,0.00707945784384138,0.001061097196653596
0.0,0.008333613090239559,0.0010180018568202822
0.0,0.009809947127268775,0.0009687266726545237
0.0,0.011547819846894581,0.0009124444925691097
0.0,0.013593563908785255,0.0008592538015001612
0.0,0.016001719994958277,0.0008012206301204431
0.0,0.018836490894898,0.0007351225100313643
0.0,0.022173453187867787,0.00065995744303601
0.0,0.026101572156825358,0.0005746336816202864
0.0,0.03072557365267447,0.0004913479325548892
0.0,0.036168736144081594,0.0004126933366918172
0.0,0.04257617739046918,0.0003239861136811313
0.0,0.05011872336272722,0.00022426187821393177
1.2244897959183674,0.001,0.0011253506357022554
1.2244897959183674,0.001177154137232303,0.001116780256438069
1.2244897959183674,0.0013856918628031274,0.0011069071579868303
1.2244897959183674,0.001631172909227838,0.0010955389997185441
1.2244897959183674,0.001920141938638801,0.0010836247996992298
1.2244897959183674,0.0022603030271419193,0.0010711591377094204
1.2244897959183674,0.0026607250597988083,0.0010568204276931452
1.2244897959183674,0.003132083512179837,0.0010403369776239885
1.2244897959183674,0.0036869450645195733,0.0010213998624528128
1.2244897959183674,0.00434010263644744,0.0009996583527813448
1.2244897959183674,0.005108969774506924,0.000974714927906164
1.2244897959183674,0.006014044907055618,0.0009461198826993675
1.2244897959183674,0.00707945784384138,0.0009133655590453941
1.2244897959183674,0.008333613090239559,0.0008758802627625528
1.2244897959183674,0.009809947127268775,0.0008330219691912083
1.2244897959183674,0.011547819846894581,0.0007845419960084452
1.2244897959183674,0.013593563908785255,0.0007403274796169091
1.2244897959183674,0.016001719994958277,0.0006898998398726933
1.2244897959183674,0.018836490894898,0.0006324670360497755
1.2244897959183674,0.022173453187867787,0.0005671591862621783
1.2244897959183674,0.026101572156825358,0.0004930285529904815
1.2244897959183674,0.03072557365267447,0.0004233822132271769
1.2244897959183674,0.036168736144081594,0.00035508915690874246
1.2244897959183674,0.04257617739046918,0.0002780692125029013
1.2244897959183674,0.05011872336272722,0.00019148518591921782
2.4489795918367347,0.001,0.0009701296030789211
2.4489795918367347,0.001177154137232303,0.0009626670768075208
2.4489795918367347,0.0013856918628031274,0.0009540704567715401
2.4489795918367347,0.001631172909227838,0.0009446284520327031
2.4489795918367347,0.001920141938638801,0.0009352057139497168
2.4489795918367347,0.0022603030271419193,0.0009243614149551058
2.4489795918367347,0.0026607250597988083,0.0009118880883523398
2.4489795918367347,0.003132083512179837,0.0008975495280479827
2.4489795918367347,0.0036869450645195733,0.0008810771757850085
2.4489795918367347,0.00434010263644744,0.0008621661525865245
2.4489795918367347,0.005108969774506924,0.0008404709301001579
2.4489795918367347,0.006014044907055618,0.0008156006502608071
2.4489795918367347,0.00707945784384138,0.0007871141201715887
2.4489795918367347,0.008333613090239559,0.000754514535361358
2.4489795918367347,0.009809947127268775,0.0007172440212934543
2.4489795918367347,0.011547819846894581,0.0006769394350993408
2.4489795918367347,0.013593563908785255,0.0006385198462344996
2.4489795918367347,0.016001719994958277,0.000594703292043287
2.4489795918367347,0.018836490894898,0.0005448020798420044
2.4489795918367347,0.022173453187867787,0.00048806097372755156
2.4489795918367347,0.026101572156825358,0.00042365718955394706
2.4489795918367347,0.03072557365267447,0.00036518502544706256
2.4489795918367347,0.036168736144081594,0.0003058858220896278
2.4489795918367347,0.04257617739046918,0.00023901013466067508
2.4489795918367347,0.05011872336272722,0.0001638311443587489
3.673469387755102,0.001,0.0008371365690203188
3.673469387755102,0.001177154137232303,0.0008306408782683408
3.673469387755102,0.0013856918628031274,0.0008231581840427066
3.673469387755102,0.001631172909227838,0.0008159806499562728
3.673469387755102,0.001920141938638801,0.0008077850339194397
3.673469387755102,0.0022603030271419193,0.0007983532180960106
3.673469387755102,0.0026607250597988083,0.0007875048445650202
3.673469387755102,0.003132083512179837,0.0007750345825547767
3.673469387755102,0.0036869450645195733,0.0007607089914061399
3.673469387755102,0.00434010263644744,0.0007442630750589647
3.673469387755102,0.005108969774506924,0.0007253965244495672
3.673469387755102,0.006014044907055618,0.0007037696552797803
3.673469387755102,0.00707945784384138,0.0006789990646886893
3.673469387755102,0.008333613090239559,0.000650653053181534
3.673469387755102,0.009809947127268775,0.0006182468900743913
3.673469387755102,0.011547819846894581,0.0005845901357528599
3.673469387755102,0.013593563908785255,0.0005512078248964573
3.673469387755102,0.016001719994958277,0.0005131375332046874
3.673469387755102,0.018836490894898,0.00046978213965410216
3.673469387755102,0.022173453187867787,0.0004204859084628072
3.673469387755102,0.026101572156825358,0.0003645344906511826
3.673469387755102,0.03072557365267447,0.0003152644593055975
3.673469387755102,0.036168736144081594,0.0002637727635187559
3.673469387755102,0.04257617739046918,0.00020570297420187246
3.673469387755102,0.05011872336272722,0.00014042406445172843
4.8979591836734695,0.001,0.000722987750960178
4.8979591836734695,0.001177154137232303,0.0007173353175860676
4.8979591836734695,0.0013856918628031274,0.0007115438880842606
4.8979591836734695,0.001631172909227838,0.0007053542682191334
4.8979591836734695,0.001920141938638801,0.0006982273486136809
4.8979591836734695,0.0022603030271419193,0.0006900255885228491
4.8979591836734695,0.0026607250597988083,0.0006805922144326133
4.8979591836734695,0.003132083512179837,0.0006697487540399896
4.8979591836734695,0.0036869450645195733,0.0006572923121900706
4.8979591836734695,0.00434010263644744,0.0006429925792954361
4.8979591836734695,0.005108969774506924,0.0006265885692002184
4.8979591836734695,0.006014044907055618,0.000607785093082436
4.8979591836734695,0.00707945784384138,0.0005862489899602408
4.8979591836734695,0.008333613090239559,0.0005616051542041247
4.8979591836734695,0.009809947127268775,0.0005334324281790186
4.8979591836734695,0.011547819846894581,0.0005052115753259872
4.8979591836734695,0.013593563908785255,0.00047620759010900883
4.8979591836734695,0.016001719994958277,0.00044313151128266674
4.8979591836734695,0.018836490894898,0.0004054648402744654
4.8979591836734695,0.022173453187867787,0.0003626382065926003
4.8979591836734695,0.026101572156825358,0.00031403137379789773
4.8979591836734695,0.03072557365267447,0.00027237683139637965
4.8979591836734695,0.036168736144081594,0.00022766334938361096
4.8979591836734695,0.04257617739046918,0.00017723833426364503
4.8979591836734695,0.05011872336272722,0.00012055390177071639
6.122448979591837,0.001,0.0006248626349216747
6.122448979591837,0.001177154137232303,0.0006201547217265894
6.122448979591837,0.0013856918628031274,0.0006154831772277698
6.122448979591837,0.001631172909227838,0.0006101015325590627
6.122448979591837,0.001920141938638801,0.0006039050217061053
6.122448979591837,0.0022603030271419193,0.0005967740967749466
6.122448979591837,0.0026607250597988083,0.000588572498480681
6.122448979591837,0.003132083512179837,0.0005791451144942379
6.122448979591837,0.0036869450645195733,0.0005683156139101255
6.122448979591837,0.00434010263644744,0.0005558838496709547
6.122448979591837,0.005108969774506924,0.000541623026385887
6.122448979591837,0.006014044907055618,0.000525276639356371
6.122448979591837,0.00707945784384138,0.0005065552027687845
6.122448979591837,0.008333613090239559,0.00048513280225279164
6.122448979591837,0.009809947127268775,0.0004606435310913103
6.122448979591837,0.011547819846894581,0.00043689131070514777
6.122448979591837,0.013593563908785255,0.0004116925978614232
6.122448979591837,0.016001719994958277,0.00038295680395748213
6.122448979591837,0.018836490894898,0.00035023368600928993
6.122448979591837,0.022173453187867787,0.0003130288450857143
6.122448979591837,0.026101572156825358,0.0002708037350723639
6.122448979591837,0.03072557365267447,0.0002354808720968316
6.122448979591837,0.036168736144081594,0.00019665240202383993
6.122448979591837,0.04257617739046918,0.00015286460666509552
6.122448979591837,0.05011872336272722,0.0001036417711272881
7.346938775510204,0.001,0.0005403990393127686
7.346938775510204,0.001177154137232303,0.0005367329719933115
7.346938775510204,0.0013856918628031274,0.0005326718510923174
7.346938775510204,0.001631172909227838,0.0005279934488877401
7.346938775510204,0.001920141938638801,0.00052260671038685
7.346938775510204,0.0022603030271419193,0.0005164077366652525
7.346938775510204,0.0026607250597988083,0.0005092781090023019
7.346938775510204,0.003132083512179837,0.0005010830289033094
7.346938775510204,0.0036869450645195733,0.0004916692638558927
7.346938775510204,0.00434010263644744,0.0004808628917787292
7.346938775510204,0.005108969774506924,0.0004684668419940146
7.346938775510204,0.006014044907055618,0.00045425823783849144
7.346938775510204,0.00707945784384138,0.0004379855565858908
7.346938775510204,0.008333613090239559,0.0004193656373347197
7.346938775510204,0.009809947127268775,0.00039808058844343784
7.346938775510204,0.011547819846894581,0.00037802044952750443
7.346938775510204,0.013593563908785255,0.0003561287124741895
7.346938775510204,0.016001719994958277,0.000331164647938688
7.346938775510204,0.018836490894898,0.0003027372727471544
7.346938775510204,0.022173453187867787,0.00027041727406263875
7.346938775510204,0.026101572156825358,0.00023373701975545785
7.346938775510204,0.03072557365267447,0.00020370130968909328
7.346938775510204,0.036168736144081594,0.00016998263113395166
7.346938775510204,0.04257617739046918,0.00013195762412544592
7.346938775510204,0.05011872336272722,8.921322252336853e-05
8.571428571428571,0.001,0.0004678057010386244
8.571428571428571,0.001177154137232303,0.00046474300879053475
8.571428571428571,0.0013856918628031274,0.000461213060635781
8.571428571428571,0.001631172909227838,0.00045714657853269806
8.571428571428571,0.001920141938638801,0.0004524644311275993
8.571428571428571,0.0022603030271419193,0.00044707632761182
8.571428571428571,0.0026607250597988083,0.0004408793621596421
8.571428571428571,0.003132083512179837,0.0004337563985624839
8.571428571428571,0.0036869450645195733,0.00042557428627283813
8.571428571428571,0.00434010263644744,0.0004161819017791025
8.571428571428571,0.005108969774506924,0.00040540801347110114
8.571428571428571,0.006014044907055618,0.0003930589744885866
8.571428571428571,0.00707945784384138,0.0003789162572215693
8.571428571428571,0.008333613090239559,0.00036273385614932175
8.571428571428571,0.009809947127268775,0.0003442356038876106
8.571428571428571,0.011547819846894581,0.00032724050126562056
8.571428571428571,0.013593563908785255,0.0003082224962492979
8.571428571428571,0.016001719994958277,0.0002865358799334094
8.571428571428571,0.018836490894898,0.0002618411217236946
8.571428571428571,0.022173453187867787,0.00023376541656968975
8.571428571428571,0.026101572156825358,0.00020219380664988253
8.571428571428571,0.03072557365267447,0.00017629973826640698
8.571428571428571,0.036168736144081594,0.0001470179471303731
8.571428571428571,0.04257617739046918,0.00011399673642618402
8.571428571428571,0.05011872336272722,7.687742748268543e-05
9.795918367346939,0.001,0.00040522794087254733
9.795918367346939,0.001177154137232303,0.0004025661914351342
9.795918367346939,0.0013856918628031274,0.0003994983421364787
9.795918367346939,0.001631172909227838,0.00039596419016110513
9.795918367346939,0.001920141938638801,0.00039189497176426964
9.795918367346939,0.0022603030271419193,0.00038721222776951647
9.795918367346939,0.0026607250597988083,0.00038182653935003944
9.795918367346939,0.003132083512179837,0.00037563612509421645
9.795918367346939,0.0036869450645195733,0.0003685252917476373
9.795918367346939,0.00434010263644744,0.00036036273338004894
9.795918367346939,0.005108969774506924,0.0003509996774117572
9.795918367346939,0.006014044907055618,0.0003402678814389836
9.795918367346939,0.00707945784384138,0.00032797749277286035
9.795918367346939,0.008333613090239559,0.00031391479391823046
9.795918367346939,0.009809947127268775,0.00029787041263014944
9.795918367346939,0.011547819846894581,0.0002834006239712367
9.795918367346939,0.013593563908785255,0.00026687970827711
9.795918367346939,0.016001719994958277,0.0002480408713930159
9.795918367346939,0.018836490894898,0.00022658925874451737
9.795918367346939,0.022173453187867787,0.000202201128045748
9.795918367346939,0.026101572156825358,0.0001751383945475591
9.795918367346939,0.03072557365267447,0.00015265116739608035
9.795918367346939,0.036168736144081594,0.00012722211504698037
9.795918367346939,0.04257617739046918,9.854584133095114e-05
9.795918367346939,0.05011872336272722,6.655183992953596e-05
11.020408163265307,0.001,0.00035113872409388655
11.020408163265307,0.001177154137232303,0.00034882571293689136
11.020408163265307,0.0013856918628031274,0.00034615978539796326
11.020408163265307,0.001631172909227838,0.0003430886288053455
11.020408163265307,0.001920141938638801,0.00033955249278006325
11.020408163265307,0.0022603030271419193,0.00033548320382710155
11.020408163265307,0.0026607250597988083,0.0003308030673086024
11.020408163265307,0.003132083512179837,0.00032542364899751516
11.020408163265307,0.0036869450645195733,0.0003192444296221003
11.020408163265307,0.00434010263644744,0.0003121513278613577
11.020408163265307,0.005108969774506924,0.00030401509045656106
11.020408163265307,0.006014044907055618,0.0002946895528890922
11.020408163265307,0.00707945784384138,0.00028400978100532606
11.020408163265307,0.008333613090239559,0.0002717901137974941
11.020408163265307,0.009809947127268775,0.00025809263718789844
11.020408163265307,0.011547819846894581,0.00024552300723416903
11.020408163265307,0.013593563908785255,0.00023117177821025122
11.020408163265307,0.016001719994958277,0.00021480725231433324
11.020408163265307,0.018836490894898,0.0001961733684450772
11.020408163265307,0.022173453187867787,0.00017498898489273402
11.020408163265307,0.026101572156825358,0.00015175381499336267
11.020408163265307,0.03072557365267447,0.0001322250316358732
11.020408163265307,0.036168736144081594,0.00011014157815854575
11.020408163265307,0.04257617739046918,8.523825722341366e-05
11.020408163265307,0.05011872336272722,5.768580477870874e-05
12.244897959183675,0.001,0.0003043571950223335
12.244897959183675,0.001177154137232303,0.0003023474572212903
12.244897959183675,0.0013856918628031274,0.0003000310456959158
12.244897959183675,0.001631172909227838,0.00029736250669004936
12.244897959183675,0.001920141938638801,0.0002942899248623239
12.244897959183675,0.0022603030271419193,0.00029075406738432105
12.244897959183675,0.0026607250597988083,0.00028668743026029705
12.244897959183675,0.003132083512179837,0.00028201318010382016
12.244897959183675,0.0036869450645195733,0.00027664398566158184
12.244897959183675,0.00434010263644744,0.0002704807351573489
12.244897959183675,0.005108969774506924,0.000263411138315504
12.244897959183675,0.006014044907055618,0.00025530821608242126
12.244897959183675,0.00707945784384138,0.0002460286870862644
12.244897959183675,0.008333613090239559,0.00023541126841476298
12.244897959183675,0.009809947127268775,0.00022369331261566454
12.244897959183675,0.011547819846894581,0.00021277466821873742
12.244897959183675,0.013593563908785255,0.00020030855312169892
12.244897959183675,0.016001719994958277,0.00018609374695359646
12.244897959183675,0.018836490894898,0.00016990787518693528
12.244897959183675,0.022173453187867787,0.00015150678706091477
12.244897959183675,0.026101572156825358,0.00013152938356091919
12.244897959183675,0.03072557365267447,0.00011456972245874771
12.244897959183675,0.036168736144081594,9.539155623415248e-05
12.244897959183675,0.04257617739046918,7.376459025988815e-05
12.244897959183675,0.05011872336272722,5.001177193857613e-05
13.46938775510204,0.001,0.0002638739306992396
13.46938775510204,0.001177154137232303,0.0002621278846881773
13.46938775510204,0.0013856918628031274,0.0002601153668329986
13.46938775510204,0.001631172909227838,0.00025779688515591967
13.46938775510204,0.001920141938638801,0.0002551273343180752
13.46938775510204,0.0022603030271419193,0.0002520552522097366
13.46938775510204,0.0026607250597988083,0.0002485219916426209
13.46938775510204,0.003132083512179837,0.0002444608012774697
13.46938775510204,0.0036869450645195733,0.00023979581083802425
13.46938775510204,0.00434010263644744,0.0002344409172127761
13.46938775510204,0.005108969774506924,0.00022829857046806766
13.46938775510204,0.006014044907055618,0.00022125846241034886
13.46938775510204,0.00707945784384138,0.00021319612556820652
13.46938775510204,0.008333613090239559,0.0002039714578833296
13.46938775510204,0.009809947127268775,0.0001939285662905894
13.46938775510204,0.011547819846894581,0.00018444433742027092
13.46938775510204,0.013593563908785255,0.00017361601221973168
13.46938775510204,0.016001719994958277,0.00016126883727980693
13.46938775510204,0.018836490894898,0.0001472096908216932
13.46938775510204,0.022173453187867787,0.0001312265431093571
13.46938775510204,0.026101572156825358,0.00011402850349541334
13.46938775510204,0.03072557365267447,9.929991921522467e-05
13.46938775510204,0.036168736144081594,8.264473047631356e-05
13.46938775510204,0.04257617739046918,6.386294817319234e-05
13.46938775510204,0.05011872336272722,4.336654837033003e-05
14.693877551020408,0.001,0.00022882433568766953
14.693877551020408,0.001177154137232303,0.00022730753247685013
14.693877551020408,0.0013856918628031274,0.00022555920325069244
14.693877551020408,0.001631172909227838,0.00022354503748991765
14.693877551020408,0.001920141938638801,0.0002212258483504321
14.693877551020408,0.0022603030271419193,0.00021855692696494145
14.693877551020408,0.0026607250597988083,0.00021548732302770421
14.693877551020408,0.003132083512179837,0.00021195904657332558
14.693877551020408,0.0036869450645195733,0.00020790618665905307
14.693877551020408,0.00434010263644744,0.00020325394400792454
14.693877551020408,0.005108969774506924,0.00019791757677542086
14.693877551020408,0.006014044907055618,0.00019180126174300383
14.693877551020408,0.00707945784384138,0.00018479687778843939
14.693877551020408,0.008333613090239559,0.00017678272492771806
14.693877551020408,0.009809947127268775,0.00016816144069780724
14.693877551020408,0.011547819846894581,0.00015992341086463509
14.693877551020408,0.013593563908785255,0.00015051794175482543
14.693877551020408,0.016001719994958277,0.0001397932645917068
14.693877551020408,0.018836490894898,0.00012758166067031526
14.693877551020408,0.022173453187867787,0.00011369899324404004
14.693877551020408,0.026101572156825358,9.887719972942024e-05
14.693877551020408,0.03072557365267447,8.608615774340939e-05
14.693877551020408,0.036168736144081594,7.162198361991457e-05
14.693877551020408,0.04257617739046918,5.5311002993170625e-05
14.693877551020408,0.05011872336272722,3.7609991546627694e-05
15.918367346938776,0.001,0.00019846656595443962
15.918367346938776,0.001177154137232303,0.00019714903161288275
15.918367346938776,0.0013856918628031274,0.00019563034488531242
15.918367346938776,0.001631172909227838,0.00019388069812202585
15.918367346938776,0.001920141938638801,0.00019186604773504826
15.918367346938776,0.0022603030271419193,0.00018954755337153076
15.918367346938776,0.0026607250597988083,0.00018688095307679384
15.918367346938776,0.003132083512179837,0.00018381587003182416
15.918367346938776,0.0036869450645195733,0.000180295047144585
15.918367346938776,0.00434010263644744,0.00017625350694626282
15.918367346938776,0.005108969774506924,0.0001716176360732829
15.918367346938776,0.006014044907055618,0.00016630419634496398
15.918367346938776,0.00707945784384138,0.0001602192683967576
15.918367346938776,0.008333613090239559,0.00015325713942785193
15.918367346938776,0.009809947127268775,0.0001458455652385157
15.918367346938776,0.011547819846894581,0.0001386901722116913
15.918367346938776,0.013593563908785255,0.00013052078711037
15.918367346938776,0.016001719994958277,0.00012120560193550683
15.918367346938776,0.018836490894898,0.00011059895841602704
15.918367346938776,0.022173453187867787,9.854094184331879e-05
15.918367346938776,0.026101572156825358,8.575459101945975e-05
15.918367346938776,0.03072557365267447,7.464619844576559e-05
15.918367346938776,0.036168736144081594,6.208478233876653e-05
15.918367346938776,0.04257617739046918,4.79195184901849e-05
15.918367346938776,0.05011872336272722,3.262158533104613e-05
17.142857142857142,0.001,0.00017216312168632567
17.142857142857142,0.001177154137232303,0.0001710187821120334
17.142857142857142,0.0013856918628031274,0.0001696996872728044
17.142857142857142,0.001631172909227838,0.0001681799423630065
17.142857142857142,0.001920141938638801,0.00016642997302154862
17.142857142857142,0.0022603030271419193,0.00016441603822376976
17.142857142857142,0.0026607250597988083,0.00016209968758992285
17.142857142857142,0.003132083512179837,0.00015943715927918447
17.142857142857142,0.0036869450645195733,0.0001563787152420931
17.142857142857142,0.00434010263644744,0.00015286791162285741
17.142857142857142,0.005108969774506924,0.00014884080369300653
17.142857142857142,0.006014044907055618,0.00014422508706905007
17.142857142857142,0.00707945784384138,0.00013893918039851856
17.142857142857142,0.008333613090239559,0.00013289125956244367
17.142857142857142,0.009809947127268775,0.00012651154434151397
17.142857142857142,0.011547819846894581,0.00012029666064115871
17.142857142857142,0.013593563908785255,0.00011320106973235206
17.142857142857142,0.016001719994958277,0.00010511029857006476
17.142857142857142,0.018836490894898,9.589784681966735e-05
17.142857142857142,0.022173453187867787,8.542483439623146e-05
17.142857142857142,0.026101572156825358,7.438493721030162e-05
17.142857142857142,0.03072557365267447,6.473784985537577e-05
17.142857142857142,0.036168736144081594,5.382887956867764e-05
17.142857142857142,0.04257617739046918,4.1527044371114514e-05
17.142857142857142,0.05011872336272722,2.8297563395319174e-05
18.367346938775512,0.001,0.00014936543101699268
18.367346938775512,0.001177154137232303,0.00014837160916372156
18.367346938775512,0.0013856918628031274,0.0001472259713600687
18.367346938775512,0.001631172909227838,0.0001459060226964942
18.367346938775512,0.001920141938638801,0.00014438607208519652
18.367346938775512,0.0022603030271419193,0.0001426368091822005
18.367346938775512,0.0026607250597988083,0.00014062483304249637
18.367346938775512,0.003132083512179837,0.00013831212918359728
18.367346938775512,0.0036869450645195733,0.00013565549225799905
18.367346938775512,0.00434010263644744,0.00013260589242027198
18.367346938775512,0.005108969774506924,0.00012910778485617291
18.367346938775512,0.006014044907055618,0.00012509836400131225
18.367346938775512,0.00707945784384138,0.00012050676695816384
18.367346938775512,0.008333613090239559,0.00011525323484515063
18.367346938775512,0.009809947127268775,0.00010975556077767252
18.367346938775512,0.011547819846894581,0.0001043576923278818
18.367346938775512,0.013593563908785255,9.819488698156516e-05
18.367346938775512,0.016001719994958277,9.116772640384586e-05
18.367346938775512,0.018836490894898,8.31663478047925e-05
18.367346938775512,0.022173453187867787,7.407013804781106e-05
18.367346938775512,0.026101572156825358,6.453097377364057e-05
18.367346938775512,0.03072557365267447,5.61529761111172e-05
18.367346938775512,0.036168736144081594,4.6679083633447733e-05
18.367346938775512,0.04257617739046918,3.59955450020133e-05
18.367346938775512,0.05011872336272722,2.4548484033065036e-05
19.591836734693878,0.001,0.00012960088643827357
19.591836734693878,0.001177154137232303,0.00012873786322953237
19.591836734693878,0.0013856918628031274,0.00012774295709290758
19.591836734693878,0.001631172909227838,0.00012659662713076418
19.591836734693878,0.001920141938638801,0.00012527655620219578
19.591836734693878,0.0022603030271419193,0.00012375728345971938
19.591836734693878,0.0026607250597988083,0.00012200979497161705
19.591836734693878,0.003132083512179837,0.00012000106954446627
19.591836734693878,0.0036869450645195733,0.00011769357731690389
19.591836734693878,0.00434010263644744,0.00011504472946498195
19.591836734693878,0.005108969774506924,0.00011200627855998725
19.591836734693878,0.006014044907055618,0.0001085236709094162
19.591836734693878,0.00707945784384138,0.00010453535480162703
19.591836734693878,0.008333613090239559,9.997205224470147e-05
19.591836734693878,0.009809947127268775,9.522979575502121e-05
19.591836734693878,0.011547819846894581,9.054164487997077e-05
19.591836734693878,0.013593563908785255,8.518911326259672e-05
19.591836734693878,0.016001719994958277,7.908585709082556e-05
19.591836734693878,0.018836490894898,7.213646247119188e-05
19.591836734693878,0.022173453187867787,6.42361799267349e-05
19.591836734693878,0.026101572156825358,5.598830399760892e-05
19.591836734693878,0.03072557365267447,4.871247268605001e-05
19.591836734693878,0.036168736144081594,4.048489436428633e-05
19.591836734693878,0.04257617739046918,3.12067807672174e-05
19.591836734693878,0.05011872336272722,2.1297178886101878e-05
20.816326530612244,0.001,0.00011246190372779952
20.816326530612244,0.001177154137232303,0.00011171253486346064
20.816326530612244,0.0013856918628031274,0.00011084860271877564
20.816326530612244,0.001631172909227838,0.00010985313286146148
20.816326530612244,0.001920141938638801,0.00010870673942339388
20.816326530612244,0.0022603030271419193,0.00010738730594194468
20.816326530612244,0.0026607250597988083,0.00010586962980288528
20.816326530612244,0.003132083512179837,0.00010412502778033546
20.816326530612244,0.0036869450645195733,0.00010212090056602969
20.816326530612244,0.00434010263644744,9.982025484868553e-05
20.816326530612244,0.005108969774506924,9.718118254730936e-05
20.816326530612244,0.006014044907055618,9.415629835717409e-05
20.816326530612244,0.00707945784384138,9.069213901693848e-05
20.816326530612244,0.008333613090239559,8.672853089326433e-05
20.816326530612244,0.009809947127268775,8.2634347007954e-05
20.816326530612244,0.011547819846894581,7.856269277957845e-05
20.816326530612244,0.013593563908785255,7.391399832331512e-05
20.816326530612244,0.016001719994958277,6.861327470422898e-05
20.816326530612244,0.018836490894898,6.257765631207204e-05
20.816326530612244,0.022173453187867787,5.5716170395228777e-05
20.816326530612244,0.026101572156825358,4.85806645789194e-05
20.816326530612244,0.03072557365267447,4.226203813872917e-05
20.816326530612244,0.036168736144081594,3.511684761212086e-05
20.816326530612244,0.04257617739046918,2.7059298873486577e-05
20.816326530612244,0.05011872336272722,1.847701279645224e-05
22.040816326530614,0.001,9.759665732437545e-05
22.040816326530614,0.001177154137232303,9.694603907291456e-05
22.040816326530614,0.0013856918628031274,9.619590565239297e-05
22.040816326530614,0.001631172909227838,9.533151228599906e-05
22.040816326530614,0.001920141938638801,9.43360196689567e-05
22.040816326530614,0.0022603030271419193,9.319021676500328e-05
22.040816326530614,0.0026607250597988083,9.187221199402832e-05
22.040816326530614,0.003132083512179837,9.035709063683466e-05
22.040816326530614,0.0036869450645195733,8.861653662782583e-05
22.040816326530614,0.00434010263644744,8.661841748730535e-05
22.040816326530614,0.005108969774506924,8.432633205126283e-05
22.040816326530614,0.006014044907055618,8.169912200728099e-05
22.040816326530614,0.00707945784384138,7.869035019944893e-05
22.040816326530614,0.008333613090239559,7.524775143420973e-05
22.040816326530614,0.009809947127268775,7.171038823980812e-05
22.040816326530614,0.011547819846894581,6.817424316304824e-05
22.040816326530614,0.013593563908785255,6.41369189314982e-05
22.040816326530614,0.016001719994958277,5.953328808062259e-05
22.040816326530614,0.018836490894898,5.4291382766827774e-05
22.040816326530614,0.022173453187867787,4.833219469823954e-05
22.040816326530614,0.026101572156825358,4.215591592478956e-05
22.040816326530614,0.03072557365267447,3.6668603554138595e-05
22.040816326530614,0.036168736144081594,3.04634415648833e-05
22.040816326530614,0.04257617739046918,2.346592028675167e-05
22.040816326530614,0.05011872336272722,1.6030403635008054e-05
23.26530612244898,0.001,8.470121197722702e-05
23.26530612244898,0.001177154137232303,8.413638984946003e-05
23.26530612244898,0.0013856918628031274,8.348512646301509e-05
23.26530612244898,0.001631172909227838,8.273461400492896e-05
23.26530612244898,0.001920141938638801,8.187022542524568e-05
23.26530612244898,0.0022603030271419193,8.087527367348223e-05
23.26530612244898,0.0026607250597988083,7.973074348527614e-05
23.26530612244898,0.003132083512179837,7.841499383192919e-05
23.26530612244898,0.0036869450645195733,7.69034294452279e-05
23.26530612244898,0.00434010263644744,7.516814033461475e-05
23.26530612244898,0.005108969774506924,7.317750900103333e-05
23.26530612244898,0.006014044907055618,7.089578622515405e-05
23.26530612244898,0.00707945784384138,6.828263800521689e-05
23.26530612244898,0.008333613090239559,6.529266862491425e-05
23.26530612244898,0.009809947127268775,6.223436207233098e-05
23.26530612244898,0.011547819846894581,5.9163369326686546e-05
23.26530612244898,0.013593563908785255,5.5657087323234594e-05
23.26530612244898,0.016001719994958277,5.1658953119508156e-05
23.26530612244898,0.018836490894898,4.710646328573793e-05
23.26530612244898,0.022173453187867787,4.1931000211078044e-05
23.26530612244898,0.026101572156825358,3.658263648857547e-05
23.26530612244898,0.03072557365267447,3.1817307941357164e-05
23.26530612244898,0.036168736144081594,2.6428543273512997e-05
23.26530612244898,0.04257617739046918,2.03516326596303e-05
23.26530612244898,0.05011872336272722,1.3907560222120256e-05
24.48979591836735,0.001,7.351282246953058e-05
24.48979591836735,0.001177154137232303,7.30225373917369e-05
24.48979591836735,0.0013856918628031274,7.245716934127726e-05
24.48979591836735,0.001631172909227838,7.180559313467356e-05
24.48979591836735,0.001920141938638801,7.10551034858897e-05
24.48979591836735,0.0022603030271419193,7.019120589241756e-05
24.48979591836735,0.0026607250597988083,6.919738368308091e-05
24.48979591836735,0.003132083512179837,6.805483958912398e-05
24.48979591836735,0.0036869450645195733,6.674221046053078e-05
24.48979591836735,0.00434010263644744,6.523525418798686e-05
24.48979591836735,0.005108969774506924,6.350650857478578e-05
24.48979591836735,0.006014044907055618,6.152492292224786e-05
24.48979591836735,0.00707945784384138,5.925546456671789e-05
24.48979591836735,0.008333613090239559,5.665870469532018e-05
24.48979591836735,0.009809947127268775,5.401303720087362e-05
24.48979591836735,0.011547819846894581,5.1346077235698596e-05
24.48979591836735,0.013593563908785255,4.8301056953800106e-05
24.48979591836735,0.016001719994958277,4.482885158873449e-05
24.48979591836735,0.018836490894898,4.0875177345223736e-05
24.48979591836735,0.022173453187867787,3.638044059414468e-05
24.48979591836735,0.026101572156825358,3.1747222664232395e-05
24.48979591836735,0.03072557365267447,2.7608928842500673e-05
24.48979591836735,0.036168736144081594,2.2929193399777885e-05
24.48979591836735,0.04257617739046918,1.7651817157799008e-05
24.48979591836735,0.05011872336272722,1.2065403869921666e-05
25.714285714285715,0.001,6.380421447851526e-05
25.714285714285715,0.001177154137232303,6.337868172897361e-05
25.714285714285715,0.0013856918628031274,6.28879335012225e-05
25.714285714285715,0.001631172909227838,6.232230625095064e-05
25.714285714285715,0.001920141938638801,6.167076405444993e-05
25.714285714285715,0.0022603030271419193,6.092071698355997e-05
25.714285714285715,0.0026607250597988083,6.0057818778489946e-05
25.714285714285715,0.003132083512179837,5.9065742396081647e-05
25.714285714285715,0.0036869450645195733,5.792593223729393e-05
25.714285714285715,0.00434010263644744,5.6617332238585334e-05
25.714285714285715,0.005108969774506924,5.511608960595297e-05
25.714285714285715,0.006014044907055618,5.339523485574363e-05
25.714285714285715,0.00707945784384138,5.142434010709982e-05
25.714285714285715,0.008333613090239559,4.9169159385447037e-05
25.714285714285715,0.009809947127268775,4.6879291087199845e-05
25.714285714285715,0.011547819846894581,4.4563270372328726e-05
25.714285714285715,0.013593563908785255,4.191889547787876e-05
25.714285714285715,0.016001719994958277,3.890350161960732e-05
25.714285714285715,0.018836490894898,3.54699436090895e-05
25.714285714285715,0.022173453187867787,3.156646491373563e-05
25.714285714285715,0.026101572156825358,2.7551413456872185e-05
25.714285714285715,0.03072557365267447,2.3957694056767782e-05
25.714285714285715,0.036168736144081594,1.9893742664741114e-05
25.714285714285715,0.04257617739046918,1.531075122011333e-05
25.714285714285715,0.05011872336272722,1.0466645041785947e-05
26.93877551020408,0.001,5.537869260161583e-05
26.93877551020408,0.001177154137232303,5.5009409350411384e-05
26.93877551020408,0.0013856918628031274,5.458348278832601e-05
26.93877551020408,0.001631172909227838,5.4092519002560495e-05
26.93877551020408,0.001920141938638801,5.352693213626632e-05
26.93877551020408,0.0022603030271419193,5.28757866385096e-05
26.93877551020408,0.0026607250597988083,5.21266215354799e-05
26.93877551020408,0.003132083512179837,5.126525548801997e-05
26.93877551020408,0.0036869450645195733,5.027557159705437e-05
26.93877551020408,0.00434010263644744,4.9139281249367184e-05
26.93877551020408,0.005108969774506924,4.783566681220901e-05
26.93877551020408,0.006014044907055618,4.6341303754241814e-05
26.93877551020408,0.00707945784384138,4.4629763882755176e-05
26.93877551020408,0.008333613090239559,4.267130296312851e-05
26.93877551020408,0.009809947127268775,4.0688504012898224e-05
26.93877551020408,0.011547819846894581,3.8677302245811125e-05
26.93877551020408,0.013593563908785255,3.638091829173328e-05
26.93877551020408,0.016001719994958277,3.37622978134828e-05
26.93877551020408,0.018836490894898,3.0780495402277835e-05
26.93877551020408,0.022173453187867787,2.739056088003169e-05
26.93877551020408,0.026101572156825358,2.3910173324977675e-05
26.93877551020408,0.03072557365267447,2.0789413663768946e-05
26.93877551020408,0.036168736144081594,1.726026573834257e-05
26.93877551020408,0.04257617739046918,1.3280340396956695e-05
26.93877551020408,0.05011872336272722,9.078991450116138e-06
28.16326530612245,0.001,4.806594808250102e-05
28.16326530612245,0.001177154137232303,4.774552588580732e-05
28.16326530612245,0.0013856918628031274,4.7375907129382955e-05
28.16326530612245,0.001631172909227838,4.694980071351404e-05
28.16326530612245,0.001920141938638801,4.6458880324818835e-05
28.16326530612245,0.0022603030271419193,4.58936474224953e-05
28.16326530612245,0.0026607250597988083,4.524327861071016e-05
28.16326530612245,0.003132083512179837,4.449545632501342e-05
28.16326530612245,0.0036869450645195733,4.3636181931330976e-05
28.16326530612245,0.00434010263644744,4.264957062347632e-05
28.16326530612245,0.005108969774506924,4.1517627953338493e-05
28.16326530612245,0.006014044907055618,4.0220008495859016e-05
28.16326530612245,0.00707945784384138,3.8733758117121844e-05
28.16326530612245,0.008333613090239559,3.7033042682740835e-05
28.16326530612245,0.009809947127268775,3.531547001244758e-05
28.16326530612245,0.011547819846894581,3.356902513999649e-05
28.16326530612245,0.013593563908785255,3.1574894714030524e-05
28.16326530612245,0.016001719994958277,2.9300897040978744e-05
28.16326530612245,0.018836490894898,2.671147115239929e-05
28.16326530612245,0.022173453187867787,2.3767578074227265e-05
28.16326530612245,0.026101572156825358,2.07498780158469e-05
28.16326530612245,0.03072557365267447,1.803988218189642e-05
28.16326530612245,0.036168736144081594,1.497520808388409e-05
28.16326530612245,0.04257617739046918,1.1519041191685719e-05
28.16326530612245,0.05011872336272722,7.874467838017746e-06
29.387755102040817,0.001,4.171846020841064e-05
29.387755102040817,0.001177154137232303,4.144047926115335e-05
29.387755102040817,0.0013856918628031274,4.111977077114844e-05
29.387755102040817,0.001631172909227838,4.075000152379223e-05
29.387755102040817,0.001920141938638801,4.0323939229104904e-05
29.387755102040817,0.0022603030271419193,3.983333351824694e-05
29.387755102040817,0.0026607250597988083,3.9268783379749996e-05
29.387755102040817,0.003132083512179837,3.86195901047325e-05
29.387755102040817,0.0036869450645195733,3.7873594958577144e-05
29.387755102040817,0.00434010263644744,3.701700104614139e-05
29.387755102040817,0.005108969774506924,3.6034179226862864e-05
29.387755102040817,0.006014044907055618,3.490745851626986e-05
29.387755102040817,0.00707945784384138,3.361690224959984e-05
29.387755102040817,0.008333613090239559,3.2140072472128986e-05
29.387755102040817,0.009809947127268775,3.0651746136364785e-05
29.387755102040817,0.011547819846894581,2.9135259217565457e-05
29.387755102040817,0.013593563908785255,2.7403653978995183e-05
29.387755102040817,0.016001719994958277,2.5428980600132298e-05
29.387755102040817,0.018836490894898,2.318035445314561e-05
29.387755102040817,0.022173453187867787,2.062387036488502e-05
29.387755102040817,0.026101572156825358,1.800675747461378e-05
29.387755102040817,0.03072557365267447,1.565350928748812e-05
29.387755102040817,0.036168736144081594,1.2992229103004053e-05
29.387755102040817,0.04257617739046918,9.990943804884834e-06
29.387755102040817,0.05011872336272722,6.828830897743161e-06
30.612244897959183,0.001,3.6208402791326385e-05
30.612244897959183,0.001177154137232303,3.5967285141880224e-05
30.612244897959183,0.0013856918628031274,3.5689059581436684e-05
30.612244897959183,0.001631172909227838,3.536822487489412e-05
30.612244897959183,0.001920141938638801,3.499849896232328e-05
30.612244897959183,0.0022603030271419193,3.457271559827691e-05
30.612244897959183,0.0026607250597988083,3.4082709213985916e-05
30.612244897959183,0.003132083512179837,3.35191871945235e-05
30.612244897959183,0.0036869450645195733,3.287158889169115e-05
30.612244897959183,0.00434010263644744,3.212793091012793e-05
30.612244897959183,0.005108969774506924,3.127463854223128e-05
30.612244897959183,0.006014044907055618,3.0296363731341734e-05
30.612244897959183,0.00707945784384138,2.917579067149588e-05
30.612244897959183,0.008333613090239559,2.789343118463259e-05
30.612244897959183,0.009809947127268775,2.660337445379846e-05
30.612244897959183,0.011547819846894581,2.5286618718398857e-05
30.612244897959183,0.013593563908785255,2.3783030443692186e-05
30.612244897959183,0.016001719994958277,2.206833518028443e-05
30.612244897959183,0.018836490894898,2.0115709671689334e-05
30.612244897959183,0.022173453187867787,1.7895707395895554e-05
30.612244897959183,0.026101572156825358,1.5625557450256054e-05
30.612244897959183,0.03072557365267447,1.3582144485437586e-05
30.612244897959183,0.036168736144081594,1.1271211236358701e-05
30.612244897959183,0.04257617739046918,8.664989250354668e-06
30.612244897959183,0.05011872336272722,5.921065414017024e-06
31.836734693877553,0.001,3.1424981414756946e-05
31.836734693877553,0.001177154137232303,3.121588069752298e-05
31.836734693877553,0.0013856918628031274,3.0974553853093364e-05
31.836734693877553,0.001631172909227838,3.069622224943078e-05
31.836734693877553,0.001920141938638801,3.0375429141724404e-05
31.836734693877553,0.0022603030271419193,3.000594989849698e-05
31.836734693877553,0.0026607250597988083,2.95806919988925e-05
31.836734693877553,0.003132083512179837,2.9091584099926226e-05
31.836734693877553,0.0036869450645195733,2.852945358416593e-05
31.836734693877553,0.00434010263644744,2.7883892186509378e-05
31.836734693877553,0.005108969774506924,2.714310959231952e-05
31.836734693877553,0.006014044907055618,2.6293775336764742e-05
31.836734693877553,0.00707945784384138,2.5320849968212676e-05
31.836734693877553,0.008333613090239559,2.4207407335322513e-05
31.836734693877553,0.009809947127268775,2.3088921802211927e-05
31.836734693877553,0.011547819846894581,2.19456422900299e-05
31.836734693877553,0.013593563908785255,2.0640097369915962e-05
31.836734693877553,0.016001719994958277,1.91512046457787e-05
31.836734693877553,0.018836490894898,1.745566814179729e-05
31.836734693877553,0.022173453187867787,1.55279136367572e-05
31.836734693877553,0.026101572156825358,1.355838759931897e-05
31.836734693877553,0.03072557365267447,1.1784066798963e-05
31.836734693877553,0.036168736144081594,9.77740978547516e-06
31.836734693877553,0.04257617739046918,7.514299781684999e-06
31.836734693877553,0.05011872336272722,5.132949895240194e-06
33.06122448979592,0.001,2.7272138864843302e-05
33.06122448979592,0.001177154137232303,2.7090844416261066e-05
33.06122448979592,0.0013856918628031274,2.6881564696569167e-05
33.06122448979592,0.001631172909227838,2.664014866256823e-05
33.06122448979592,0.001920141938638801,2.636185637245404e-05
33.06122448979592,0.0022603030271419193,2.6041281013334466e-05
33.06122448979592,0.0026607250597988083,2.5672262044179894e-05
33.06122448979592,0.003132083512179837,2.5247788845713554e-05
33.06122448979592,0.0036869450645195733,2.4759894365668996e-05
33.06122448979592,0.00434010263644744,2.4199538411221528e-05
33.06122448979592,0.005108969774506924,2.3556480495335407e-05
33.06122448979592,0.006014044907055618,2.2819142523772192e-05
33.06122448979592,0.00707945784384138,2.1974462159239674e-05
33.06122448979592,0.008333613090239559,2.1007738478008694e-05
33.06122448979592,0.009809947127268775,2.0037791004990378e-05
33.06122448979592,0.011547819846894581,1.9045182940676145e-05
33.06122448979592,0.013593563908785255,1.7911646795037138e-05
33.06122448979592,0.016001719994958277,1.661887246550227e-05
33.06122448979592,0.018836490894898,1.5146627405449702e-05
33.06122448979592,0.022173453187867787,1.347270046082465e-05
33.06122448979592,0.026101572156825358,1.176372897293508e-05
33.06122448979592,0.03072557365267447,1.0223115198008347e-05
33.06122448979592,0.036168736144081594,8.480722382406026e-06
33.06122448979592,0.04257617739046918,6.515605175328518e-06
33.06122448979592,0.05011872336272722,4.448681759488854e-06
34.285714285714285,0.001,2.3666575867294568e-05
34.285714285714285,0.001177154137232303,2.350942936274206e-05
34.285714285714285,0.0013856918628031274,2.3327981728134386e-05
34.285714285714285,0.001631172909227838,2.311862697397441e-05
34.285714285714285,0.001920141938638801,2.287724770080511e-05
34.285714285714285,0.0022603030271419193,2.259914737785541e-05
34.285714285714285,0.0026607250597988083,2.227897490410444e-05
34.285714285714285,0.003132083512179837,2.191064092386831e-05
34.285714285714285,0.0036869450645195733,2.1487225453100375e-05
34.285714285714285,0.00434010263644744,2.1000876514407278e-05
34.285714285714285,0.005108969774506924,2.044269970012295e-05
34.285714285714285,0.006014044907055618,1.9802638912755575e-05
34.285714285714285,0.00707945784384138,1.906934900952058e-05
34.285714285714285,0.008333613090239559,1.8230061754063753e-05
34.285714285714285,0.009809947127268775,1.738876447660165e-05
34.285714285714285,0.011547819846894581,1.6527020076324395e-05
34.285714285714285,0.013593563908785255,1.554287971616298e-05
34.285714285714285,0.016001719994958277,1.4420441025729687e-05
34.285714285714285,0.018836490894898,1.3142132036064415e-05
34.285714285714285,0.022173453187867787,1.1688662398349507e-05
34.285714285714285,0.026101572156825358,1.0205577977851927e-05
34.285714285714285,0.03072557365267447,8.867939315665141e-06
34.285714285714285,0.036168736144081594,7.3550604387906925e-06
34.285714285714285,0.04257617739046918,5.648750341215758e-06
34.285714285714285,0.05011872336272722,3.854553644212022e-06
35.51020408163265,0.001,2.0536042311313966e-05
35.51020408163265,0.001177154137232303,2.039986529871118e-05
35.51020408163265,0.0013856918628031274,2.024258774815674e-05
35.51020408163265,0.001631172909227838,2.006107703159316e-05
35.51020408163265,0.001920141938638801,1.9851756413356142e-05
35.51020408163265,0.0022603030271419193,1.961054623393329e-05
35.51020408163265,0.0026607250597988083,1.933279838911174e-05
35.51020408163265,0.003132083512179837,1.9013223646683633e-05
35.51020408163265,0.0036869450645195733,1.864581141582099e-05
35.51020408163265,0.00434010263644744,1.8223741707301905e-05
35.51020408163265,0.005108969774506924,1.7739289214916417e-05
35.51020408163265,0.006014044907055618,1.7183719734885702e-05
35.51020408163265,0.00707945784384138,1.6547179554682503e-05
35.51020408163265,0.008333613090239559,1.581857903003193e-05
35.51020408163265,0.009809947127268775,1.5088747110800656e-05
35.51020408163265,0.011547819846894581,1.4340661860203686e-05
35.51020408163265,0.013593563908785255,1.3486276360985102e-05
35.51020408163265,0.016001719994958277,1.251177935219122e-05
35.51020408163265,0.018836490894898,1.1401909567335864e-05
35.51020408163265,0.022173453187867787,1.0139913362781899e-05
35.51020408163265,0.026101572156825358,8.852707396420159e-06
35.51020408163265,0.03072557365267447,7.691353171100972e-06
35.51020408163265,0.036168736144081594,6.377807706866417e-06
35.51020408163265,0.04257617739046918,4.896272117223789e-06
35.51020408163265,0.05011872336272722,3.3386736652651992e-06
36.734693877551024,0.001,1.7817860866189568e-05
36.734693877551024,0.001177154137232303,1.7699891780820163e-05
36.734693877551024,0.0013856918628031274,1.7563602764482493e-05
36.734693877551024,0.001631172909227838,1.7406272279679986e-05
36.734693877551024,0.001920141938638801,1.7224793134009573e-05
36.734693877551024,0.0022603030271419193,1.7015621400480492e-05
36.734693877551024,0.0026607250597988083,1.6774719512383392e-05
36.734693877551024,0.003132083512179837,1.649749313578545e-05
36.734693877551024,0.0036869450645195733,1.617872148600415e-05
36.734693877551024,0.00434010263644744,1.5812480861206956e-05
36.734693877551024,0.005108969774506924,1.5392061333066045e-05
36.734693877551024,0.006014044907055618,1.4909876783137134e-05
36.734693877551024,0.00707945784384138,1.4357368833588091e-05
36.734693877551024,0.008333613090239559,1.3724905730981693e-05
36.734693877551024,0.009809947127268775,1.3091680329874261e-05
36.734693877551024,0.011547819846894581,1.2442310941781263e-05
36.734693877551024,0.013593563908785255,1.1700620928674859e-05
36.734693877551024,0.016001719994958277,1.0854615150013178e-05
36.734693877551024,0.018836490894898,9.891039175004448e-06
36.734693877551024,0.022173453187867787,8.795342476436838e-06
36.734693877551024,0.026101572156825358,7.678027965792512e-06
36.734693877551024,0.03072557365267447,6.6697772508456035e-06
36.734693877551024,0.036168736144081594,5.529353399157778e-06
36.734693877551024,0.04257617739046918,4.243035057691612e-06
36.734693877551024,0.05011872336272722,2.890723505417588e-06
37.95918367346939,0.001,1.5457650529979268e-05
37.95918367346939,0.001177154137232303,1.5355489957564935e-05
37.95918367346939,0.0013856918628031274,1.5237425293336757e-05
37.95918367346939,0.001631172909227838,1.5101092006077285e-05
37.95918367346939,0.001920141938638801,1.4943790673320112e-05
37.95918367346939,0.0022603030271419193,1.4762442623833138e-05
37.95918367346939,0.0026607250597988083,1.4553540517579421e-05
37.95918367346939,0.003132083512179837,1.4313093519155636e-05
37.95918367346939,0.0036869450645195733,1.4036566775622592e-05
37.95918367346939,0.00434010263644744,1.3718815002313551e-05
37.95918367346939,0.005108969774506924,1.335401012495905e-05
37.95918367346939,0.006014044907055618,1.2935563142395624e-05
37.95918367346939,0.00707945784384138,1.2456040686652925e-05
37.95918367346939,0.008333613090239559,1.1907077200127089e-05
37.95918367346939,0.009809947127268775,1.135760334436641e-05
37.95918367346939,0.011547819846894581,1.0793970622316692e-05
37.95918367346939,0.013593563908785255,1.0150159030707005e-05
37.95918367346939,0.016001719994958277,9.415750718574931e-06
37.95918367346939,0.018836490894898,8.579234181185869e-06
37.95918367346939,0.022173453187867787,7.6279722863621635e-06
37.95918367346939,0.026101572156825358,6.6580364594348615e-06
37.95918367346939,0.03072557365267447,5.782756498694183e-06
37.95918367346939,0.036168736144081594,4.7926892352883816e-06
37.95918367346939,0.04257617739046918,3.675917635583589e-06
37.95918367346939,0.05011872336272722,2.501749101208031e-06
39.183673469387756,0.001,1.3408222387770967e-05
39.183673469387756,0.001177154137232303,1.3319785502285867e-05
39.183673469387756,0.0013856918628031274,1.3217543558557921e-05
39.183673469387756,0.001631172909227838,1.3099442061460282e-05
39.183673469387756,0.001920141938638801,1.2963135706930974e-05
39.183673469387756,0.0022603030271419193,1.2805949866101691e-05
39.183673469387756,0.0026607250597988083,1.2624837668901942e-05
39.183673469387756,0.003132083512179837,1.2416332389083608e-05
39.183673469387756,0.0036869450645195733,1.2176494880316177e-05
39.183673469387756,0.00434010263644744,1.1900855893436988e-05
39.183673469387756,0.005108969774506924,1.1584353230572162e-05
39.183673469387756,0.006014044907055618,1.122126387927474e-05
39.183673469387756,0.00707945784384138,1.080513154114994e-05
39.183673469387756,0.008333613090239559,1.0328690354004833e-05
39.183673469387756,0.009809947127268775,9.851841178453921e-06
39.183673469387756,0.011547819846894581,9.36267189759959e-06
39.183673469387756,0.013593563908785255,8.803869283939702e-06
39.183673469387756,0.016001719994958277,8.166385348116004e-06
39.183673469387756,0.018836490894898,7.440222303716192e-06
39.183673469387756,0.022173453187867787,6.6144047897328335e-06
39.183673469387756,0.026101572156825358,5.772338267808094e-06
39.183673469387756,0.03072557365267447,5.012543606146644e-06
39.183673469387756,0.036168736144081594,4.153061385969813e-06
39.183673469387756,0.04257617739046918,3.1835416086034426e-06
39.183673469387756,0.05011872336272722,2.163979448134633e-06
40.40816326530612,0.001,1.1628623855594745e-05
40.40816326530612,0.001177154137232303,1.1552099097464469e-05
40.40816326530612,0.0013856918628031274,1.1463593164905072e-05
40.40816326530612,0.001631172909227838,1.136132081127837e-05
40.40816326530612,0.001920141938638801,1.1243244256906626e-05
40.40816326530612,0.0022603030271419193,1.1107039750535553e-05
40.40816326530612,0.0026607250597988083,1.095006030469186e-05
40.40816326530612,0.003132083512179837,1.0769294346697977e-05
40.40816326530612,0.0036869450645195733,1.0561320068625694e-05
40.40816326530612,0.00434010263644744,1.03222553293272e-05
40.40816326530612,0.005108969774506924,1.0047703070732186e-05
40.40816326530612,0.006014044907055618,9.732692373289758e-06
40.40816326530612,0.00707945784384138,9.371615510968422e-06
40.40816326530612,0.008333613090239559,8.958161700110842e-06
40.40816326530612,0.009809947127268775,8.544301972858834e-06
40.40816326530612,0.011547819846894581,8.11980466006466e-06
40.40816326530612,0.013593563908785255,7.634833218178742e-06
40.40816326530612,0.016001719994958277,7.081529364451555e-06
40.40816326530612,0.018836490894898,6.451209960993909e-06
40.40816326530612,0.022173453187867787,5.734342880837629e-06
40.40816326530612,0.026101572156825358,5.0032342085640505e-06
40.40816326530612,0.03072557365267447,4.343738544838795e-06
40.40816326530612,0.036168736144081594,3.5976696255921338e-06
40.40816326530612,0.04257617739046918,2.756038406023249e-06
40.40816326530612,0.05011872336272722,1.8706696809607533e-06
41.63265306122449,0.001,1.0083311071492166e-05
41.63265306122449,0.001177154137232303,1.0017124253135229e-05
41.63265306122449,0.0013856918628031274,9.940541168230513e-06
41.63265306122449,0.001631172909227838,9.852010404537093e-06
41.63265306122449,0.001920141938638801,9.749761245960283e-06
41.63265306122449,0.0022603030271419193,9.631774647830665e-06
41.63265306122449,0.0026607250597988083,9.495750884590013e-06
41.63265306122449,0.003132083512179837,9.339073646055762e-06
41.63265306122449,0.0036869450645195733,9.158770394681054e-06
41.63265306122449,0.00434010263644744,8.951468856969978e-06
41.63265306122449,0.005108969774506924,8.71334961690418e-06
41.63265306122449,0.006014044907055618,8.440094920463497e-06
41.63265306122449,0.00707945784384138,8.126834004782556e-06
41.63265306122449,0.008333613090239559,7.768085555346056e-06
41.63265306122449,0.009809947127268775,7.408868578721816e-06
41.63265306122449,0.011547819846894581,7.040538743695664e-06
41.63265306122449,0.013593563908785255,6.619689946978165e-06
41.63265306122449,0.016001719994958277,6.139497143719139e-06
41.63265306122449,0.018836490894898,5.5924189490425025e-06
41.63265306122449,0.022173453187867787,4.970176667974589e-06
41.63265306122449,0.026101572156825358,4.3353627634398055e-06
41.63265306122449,0.03072557365267447,3.762976589581254e-06
41.63265306122449,0.036168736144081594,3.115407131317196e-06
41.63265306122449,0.04257617739046918,2.3848473155959536e-06
41.63265306122449,0.05011872336272722,1.615965127073177e-06
42.85714285714286,0.001,8.741431969930583e-06
42.85714285714286,0.001177154137232303,8.684215101240639e-06
42.85714285714286,0.0013856918628031274,8.61797930629774e-06
42.85714285714286,0.001631172909227838,8.541376263827851e-06
42.85714285714286,0.001920141938638801,8.452867190991962e-06
42.85714285714286,0.0022603030271419193,8.35069765629093e-06
42.85714285714286,0.0026607250597988083,8.232869497707152e-06
42.85714285714286,0.003132083512179837,8.097109651865738e-06
42.85714285714286,0.0036869450645195733,7.94083573177913e-06
42.85714285714286,0.00434010263644744,7.761118243661018e-06
42.85714285714286,0.005108969774506924,7.554639415595265e-06
42.85714285714286,0.006014044907055618,7.317648733474422e-06
42.85714285714286,0.00707945784384138,7.045915457114414e-06
42.85714285714286,0.008333613090239559,6.734678641084856e-06
42.85714285714286,0.009809947127268775,6.422871578695292e-06
42.85714285714286,0.011547819846894581,6.1033225306104345e-06
42.85714285714286,0.013593563908785255,5.738163986061453e-06
42.85714285714286,0.016001719994958277,5.321468240725092e-06
42.85714285714286,0.018836490894898,4.8466854992161e-06
42.85714285714286,0.022173453187867787,4.306625652364046e-06
42.85714285714286,0.026101572156825358,3.7553901847100707e-06
42.85714285714286,0.03072557365267447,3.2586581877701697e-06
42.85714285714286,0.036168736144081594,2.6966353169869945e-06
42.85714285714286,0.04257617739046918,2.062541023490068e-06
42.85714285714286,0.05011872336272722,1.3947834923859413e-06
44.08163265306123,0.001,7.576205022983158e-06
44.08163265306123,0.001177154137232303,7.526769241234434e-06
44.08163265306123,0.0013856918628031274,7.4695115716930194e-06
44.08163265306123,0.001631172909227838,7.403260100512215e-06
44.08163265306123,0.001920141938638801,7.326677480968294e-06
44.08163265306123,0.0022603030271419193,7.238239083355194e-06
44.08163265306123,0.0026607250597988083,7.136208626233799e-06
44.08163265306123,0.003132083512179837,7.018611120157919e-06
44.08163265306123,0.0036869450645195733,6.8832029830248044e-06
44.08163265306123,0.00434010263644744,6.727439232441095e-06
44.08163265306123,0.005108969774506924,6.548437732121008e-06
44.08163265306123,0.006014044907055618,6.342940575875322e-06
44.08163265306123,0.00707945784384138,6.107272846861972e-06
44.08163265306123,0.008333613090239559,5.837299208219717e-06
44.08163265306123,0.009809947127268775,5.566632677570746e-06
44.08163265306123,0.011547819846894581,5.289448568240352e-06
44.08163265306123,0.013593563908785255,4.9726562468707394e-06
44.08163265306123,0.016001719994958277,4.61110731839274e-06
44.08163265306123,0.018836490894898,4.19911315584832e-06
44.08163265306123,0.022173453187867787,3.73042906340478e-06
44.08163265306123,0.026101572156825358,3.2517419738618715e-06
44.08163265306123,0.03072557365267447,2.8207149704683836e-06
44.08163265306123,0.036168736144081594,2.332988893626111e-06
44.08163265306123,0.04257617739046918,1.782674710143983e-06
44.08163265306123,0.05011872336272722,1.2027127329287364e-06
45.30612244897959,0.001,6.564380720188141e-06
45.30612244897959,0.001177154137232303,6.521692788672835e-06
45.30612244897959,0.0013856918628031274,6.472223370852643e-06
45.30612244897959,0.001631172909227838,6.41495380562193e-06
45.30612244897959,0.001920141938638801,6.3487217125445175e-06
45.30612244897959,0.0022603030271419193,6.272202043363926e-06
45.30612244897959,0.0026607250597988083,6.183885942142402e-06
45.30612244897959,0.003132083512179837,6.082057266688882e-06
45.30612244897959,0.0036869450645195733,5.96476664880774e-06
45.30612244897959,0.00434010263644744,5.829803011464862e-06
45.30612244897959,0.005108969774506924,5.674662523433739e-06
45.30612244897959,0.006014044907055618,5.496515064643935e-06
45.30612244897959,0.00707945784384138,5.292168409322892e-06
45.30612244897959,0.008333613090239559,5.058030523691361e-06
45.30612244897959,0.009809947127268775,4.823068945058142e-06
45.30612244897959,0.011547819846894581,4.5826771201448615e-06
45.30612244897959,0.013593563908785255,4.307889631256699e-06
45.30612244897959,0.016001719994958277,3.9942348780158305e-06
45.30612244897959,0.018836490894898,3.6367721269866955e-06
45.30612244897959,0.022173453187867787,3.2300777465230057e-06
45.30612244897959,0.026101572156825358,2.814370139551761e-06
45.30612244897959,0.03072557365267447,2.4404070004789615e-06
45.30612244897959,0.036168736144081594,2.017207030265019e-06
45.30612244897959,0.04257617739046918,1.5396554536814288e-06
45.30612244897959,0.05011872336272722,1.0359225025844843e-06
46.53061224489796,0.001,5.685774645085177e-06
46.53061224489796,0.001177154137232303,5.648936554072442e-06
46.53061224489796,0.0013856918628031274,5.606221276628983e-06
46.53061224489796,0.001631172909227838,5.556743316493308e-06
46.53061224489796,0.001920141938638801,5.499492290281218e-06
46.53061224489796,0.0022603030271419193,5.433316501518187e-06
46.53061224489796,0.0026607250597988083,5.356904608615152e-06
46.53061224489796,0.003132083512179837,5.268765257623579e-06
46.53061224489796,0.0036869450645195733,5.16720457281171e-06
46.53061224489796,0.00434010263644744,5.050301433848557e-06
46.53061224489796,0.005108969774506924,4.915880523014484e-06
46.53061224489796,0.006014044907055618,4.76148320656915e-06
46.53061224489796,0.00707945784384138,4.584336430779989e-06
46.53061224489796,0.008333613090239559,4.3813199778458994e-06
46.53061224489796,0.009809947127268775,4.177349709850733e-06
46.53061224489796,0.011547819846894581,3.96890983244922e-06
46.53061224489796,0.013593563908785255,3.730601846493312e-06
46.53061224489796,0.016001719994958277,3.4585419081303656e-06
46.53061224489796,0.018836490894898,3.148438793930169e-06
46.53061224489796,0.022173453187867787,2.7955819351235768e-06
46.53061224489796,0.026101572156825358,2.4345514149597833e-06
46.53061224489796,0.03072557365267447,2.1101470351677993e-06
46.53061224489796,0.036168736144081594,1.7429870687344686e-06
46.53061224489796,0.04257617739046918,1.3286291568142542e-06
46.53061224489796,0.05011872336272722,8.910873563665293e-07
47.755102040816325,0.001,4.922862536589406e-06
47.755102040816325,0.001177154137232303,4.8910938002845506e-06
47.755102040816325,0.0013856918628031274,4.854233892175514e-06
47.755102040816325,0.001631172909227838,4.811513057305997e-06
47.755102040816325,0.001920141938638801,4.762052982448292e-06
47.755102040816325,0.0022603030271419193,4.704852562049858e-06
47.755102040816325,0.0026607250597988083,4.638772007456215e-06
47.755102040816325,0.003132083512179837,4.562515185497339e-06
47.755102040816325,0.0036869450645195733,4.47461009242648e-06
47.755102040816325,0.00434010263644744,4.3733874008393185e-06
47.755102040816325,0.005108969774506924,4.256957065144891e-06
47.755102040816325,0.006014044907055618,4.123183041615638e-06
47.755102040816325,0.00707945784384138,3.969656280326791e-06
47.755102040816325,0.008333613090239559,3.793666289450661e-06
47.755102040816325,0.009809947127268775,3.616599031356588e-06
47.755102040816325,0.011547819846894581,3.4359067750749846e-06
47.755102040816325,0.013593563908785255,3.2292790797806706e-06
47.755102040816325,0.016001719994958277,2.9933425245276675e-06
47.755102040816325,0.018836490894898,2.724369945627008e-06
47.755102040816325,0.022173453187867787,2.418270033888351e-06
47.755102040816325,0.026101572156825358,2.104712276724091e-06
47.755102040816325,0.03072557365267447,1.8233481651977442e-06
47.755102040816325,0.036168736144081594,1.504857740503758e-06
47.755102040816325,0.04257617739046918,1.1453826072072088e-06
47.755102040816325,0.05011872336272722,7.653201366334084e-07
48.9795918367347,0.001,4.2604290367464975e-06
48.9795918367347,0.001177154137232303,4.233051332045903e-06
48.9795918367347,0.0013856918628031274,4.201265640095434e-06
48.9795918367347,0.001631172909227838,4.16440283719652e-06
48.9795918367347,0.001920141938638801,4.121699396656316e-06
48.9795918367347,0.0022603030271419193,4.072285057814366e-06
48.9795918367347,0.0026607250597988083,4.015169056825172e-06
48.9795918367347,0.003132083512179837,3.949224818062874e-06
48.9795918367347,0.0036869450645195733,3.873173022843284e-06
48.9795918367347,0.00434010263644744,3.7855630002543486e-06
48.9795918367347,0.005108969774506924,3.684752427107358e-06
48.9795918367347,0.006014044907055618,3.5688853856871606e-06
48.9795918367347,0.00707945784384138,3.4358689162768734e-06
48.9795918367347,0.008333613090239559,3.2833483259522605e-06
48.9795918367347,0.009809947127268775,3.1296376424691428e-06
48.9795918367347,0.011547819846894581,2.9730410403783196e-06
48.9795918367347,0.013593563908785255,2.793925045100121e-06
48.9795918367347,0.016001719994958277,2.5893594908757185e-06
48.9795918367347,0.018836490894898,2.356107056269453e-06
48.9795918367347,0.022173453187867787,2.0906142193875963e-06
48.9795918367347,0.026101572156825358,1.818277175838546e-06
48.9795918367347,0.03072557365267447,1.574291690251442e-06
48.9795918367347,0.036168736144081594,1.2980692563113712e-06
48.9795918367347,0.04257617739046918,9.86258616829651e-07
48.9795918367347,0.05011872336272722,6.561141831490089e-07
50.204081632653065,0.001,3.6852629551311657e-06
50.204081632653065,0.001177154137232303,3.661686793216872e-06
50.204081632653065,0.0013856918628031274,3.6342964046270595e-06
50.204081632653065,0.001631172909227838,3.6025101941526956e-06
50.204081632653065,0.001920141938638801,3.565664433385203e-06
50.204081632653065,0.0022603030271419193,3.5230025800566166e-06
50.204081632653065,0.0026607250597988083,3.4736633510796393e-06
50.204081632653065,0.003132083512179837,3.4166674589364243e-06
50.204081632653065,0.0036869450645195733,3.3509029369272483e-06
50.204081632653065,0.00434010263644744,3.2751090037512165e-06
50.204081632653065,0.005108969774506924,3.187858455176111e-06
50.204081632653065,0.006014044907055618,3.087538624679176e-06
50.204081632653065,0.00707945784384138,2.9723310320792906e-06
50.204081632653065,0.008333613090239559,2.8401899476333697e-06
50.204081632653065,0.009809947127268775,2.706759087399253e-06
50.204081632653065,0.011547819846894581,2.5710858746003643e-06
50.204081632653065,0.013593563908785255,2.415860664826614e-06
50.204081632653065,0.016001719994958277,2.2385382096163607e-06
50.204081632653065,0.018836490894898,2.036306568411246e-06
50.204081632653065,0.022173453187867787,1.8060792440234734e-06
50.204081632653065,0.026101572156825358,1.5695368788205413e-06
50.204081632653065,0.03072557365267447,1.358012521433472e-06
50.204081632653065,0.036168736144081594,1.1184980008616448e-06
50.204081632653065,0.04257617739046918,8.480824716729959e-07
50.204081632653065,0.05011872336272722,5.612931913799634e-07
51.42857142857143,0.001,3.185892851376598e-06
51.42857142857143,0.001177154137232303,3.165606012564331e-06
51.42857142857143,0.0013856918628031274,3.1420209130717324e-06
51.42857142857143,0.001631172909227838,3.1146321232649057e-06
51.42857142857143,0.001920141938638801,3.0828627165219383e-06
51.42857142857143,0.0022603030271419193,3.0460550174083615e-06
51.42857142857143,0.0026607250597988083,3.0034602725103585e-06
51.42857142857143,0.003132083512179837,2.954227162849951e-06
51.42857142857143,0.0036869450645195733,2.897389090704979e-06
51.42857142857143,0.00434010263644744,2.8318501957434626e-06
51.42857142857143,0.005108969774506924,2.756370088336124e-06
51.42857142857143,0.006014044907055618,2.6695473355294395e-06
51.42857142857143,0.00707945784384138,2.5698018027073177e-06
51.42857142857143,0.008333613090239559,2.455356048588293e-06
51.42857142857143,0.009809947127268775,2.3395354931730396e-06
51.42857142857143,0.011547819846894581,2.2220299992100677e-06
51.42857142857143,0.013593563908785255,2.0875502925978382e-06
51.42857142857143,0.016001719994958277,1.9338853740288067e-06
51.42857142857143,0.018836490894898,1.7585926963179014e-06
51.42857142857143,0.022173453187867787,1.5589913261592097e-06
51.42857142857143,0.026101572156825358,1.3535342375580573e-06
51.42857142857143,0.03072557365267447,1.1701997686916907e-06
51.42857142857143,0.036168736144081594,9.625638753118757e-07
51.42857142857143,0.04257617739046918,7.28098168017481e-07
51.42857142857143,0.05011872336272722,4.789677016164879e-07
52.6530612244898,0.001,2.7523575740089097e-06
52.6530612244898,0.001177154137232303,2.7349150706380463e-06
52.6530612244898,0.0013856918628031274,2.7146225684446435e-06
52.6530612244898,0.001631172909227838,2.6910409467345747e-06
52.6530612244898,0.001920141938638801,2.6636688107507072e-06
52.6530612244898,0.0022603030271419193,2.631934474555709e-06
52.6530612244898,0.0026607250597988083,2.5951870153836362e-06
52.6530612244898,0.003132083512179837,2.5526863266293555e-06
52.6530612244898,0.0036869450645195733,2.5035921085196037e-06
52.6530612244898,0.00434010263644744,2.4469517548572953e-06
52.6530612244898,0.005108969774506924,2.3816871232868786e-06
52.6530612244898,0.006014044907055618,2.306580218466546e-06
52.6530612244898,0.00707945784384138,2.220257876800395e-06
52.6530612244898,0.008333613090239559,2.121175624090841e-06
52.6530612244898,0.009809947127268775,2.020649028769563e-06
52.6530612244898,0.011547819846894581,1.918917365967291e-06
52.6530612244898,0.013593563908785255,1.8024509380033469e-06
52.6530612244898,0.016001719994958277,1.6693289891340056e-06
52.6530612244898,0.018836490894898,1.5174297385789525e-06
52.6530612244898,0.022173453187867787,1.3444244353114888e-06
52.6530612244898,0.026101572156825358,1.1659650677354048e-06
52.6530612244898,0.03072557365267447,1.0071104883672875e-06
52.6530612244898,0.036168736144081594,8.2715859646179e-07
52.6530612244898,0.04257617739046918,6.2391312056736e-07
52.6530612244898,0.05011872336272722,4.0749733804408504e-07
53.87755102040816,0.001,2.3760071150099042e-06
53.87755102040816,0.001177154137232303,2.361022477305155e-06
53.87755102040816,0.0013856918628031274,2.34357715731454e-06
53.87755102040816,0.001631172909227838,2.3232897890735173e-06
53.87755102040816,0.001920141938638801,2.299724734689338e-06
53.87755102040816,0.0022603030271419193,2.2723851319479086e-06
53.87755102040816,0.0026607250597988083,2.240705144270251e-06
53.87755102040816,0.003132083512179837,2.204041347826414e-06
53.87755102040816,0.0036869450645195733,2.161663200397069e-06
53.87755102040816,0.00434010263644744,2.1127425532309895e-06
53.87755102040816,0.005108969774506924,2.0563421925880173e-06
53.87755102040816,0.006014044907055618,1.991403434539921e-06
53.87755102040816,0.00707945784384138,1.9167328486617982e-06
53.87755102040816,0.008333613090239559,1.8309882586707968e-06
53.87755102040816,0.009809947127268775,1.7437456364482332e-06
53.87755102040816,0.011547819846894581,1.6557080952352908e-06
53.87755102040816,0.013593563908785255,1.554881430962527e-06
53.87755102040816,0.016001719994958277,1.439596914037055e-06
53.87755102040816,0.018836490894898,1.308011297050781e-06
53.87755102040816,0.022173453187867787,1.1581016473773542e-06
53.87755102040816,0.026101572156825358,1.0030921277398844e-06
53.87755102040816,0.03072557365267447,8.65494839200475e-07
53.87755102040816,0.036168736144081594,7.095834909056331e-07
53.87755102040816,0.04257617739046918,5.334502076403038e-07
53.87755102040816,0.05011872336272722,3.454580346393518e-07
55.10204081632653,0.001,2.049329761835842e-06
55.10204081632653,0.001177154137232303,2.0364674682186163e-06
55.10204081632653,0.0013856918628031274,2.0214824712509925e-06
55.10204081632653,0.001631172909227838,2.00404373032081e-06
55.10204081632653,0.001920141938638801,1.983772882078387e-06
55.10204081632653,0.0022603030271419193,1.9602382043247376e-06
55.10204081632653,0.0026607250597988083,1.932947896912719e-06
55.10204081632653,0.003132083512179837,1.9013426218315602e-06
55.10204081632653,0.0036869450645195733,1.8647872523162434e-06
55.10204081632653,0.00434010263644744,1.8225617948092204e-06
55.10204081632653,0.005108969774506924,1.7738514696012487e-06
55.10204081632653,0.006014044907055618,1.7177359682548634e-06
55.10204081632653,0.00707945784384138,1.6531779516083607e-06
55.10204081632653,0.008333613090239559,1.5790109156467367e-06
55.10204081632653,0.009809947127268775,1.5033080776547673e-06
55.10204081632653,0.011547819846894581,1.4271577832691194e-06
55.10204081632653,0.013593563908785255,1.339908875163801e-06
55.10204081632653,0.016001719994958277,1.2401114616550177e-06
55.10204081632653,0.018836490894898,1.1261641504882443e-06
55.10204081632653,0.022173453187867787,9.963095596993754e-07
55.10204081632653,0.026101572156825358,8.61670458933896e-07
55.10204081632653,0.03072557365267447,7.425311303906459e-07
55.10204081632653,0.036168736144081594,6.074955195530717e-07
55.10204081632653,0.04257617739046918,4.549061727410357e-07
55.10204081632653,0.05011872336272722,2.916135863821115e-07
56.3265306122449,0.001,1.7658020657672936e-06
56.3265306122449,0.001177154137232303,1.754770962563009e-06
56.3265306122449,0.0013856918628031274,1.741910410757263e-06
56.3265306122449,0.001631172909227838,1.7269332362825668e-06
56.3265306122449,0.001920141938638801,1.7095109844231011e-06
56.3265306122449,0.0022603030271419193,1.6892686709304891e-06
56.3265306122449,0.0026607250597988083,1.6657789499513275e-06
56.3265306122449,0.003132083512179837,1.638555648223321e-06
56.3265306122449,0.0036869450645195733,1.6070466206359125e-06
56.3265306122449,0.00434010263644744,1.5706258936122605e-06
56.3265306122449,0.005108969774506924,1.5285850814438856e-06
56.3265306122449,0.006014044907055618,1.48012408869226e-06
56.3265306122449,0.00707945784384138,1.424341151735863e-06
56.3265306122449,0.008333613090239559,1.360222328177469e-06
56.3265306122449,0.009809947127268775,1.2945457313271843e-06
56.3265306122449,0.011547819846894581,1.228712740818008e-06
56.3265306122449,0.013593563908785255,1.1532500950859278e-06
56.3265306122449,0.016001719994958277,1.066897922466084e-06
56.3265306122449,0.018836490894898,9.682648340644506e-07
56.3265306122449,0.022173453187867787,8.558240269525668e-07
56.3265306122449,0.026101572156825358,7.388825805889548e-07
56.3265306122449,0.03072557365267447,6.357694484685542e-07
56.3265306122449,0.036168736144081594,5.188604380013827e-07
56.3265306122449,0.04257617739046918,3.867155346128725e-07
56.3265306122449,0.05011872336272722,2.448909523439771e-07
57.55102040816327,0.001,1.5197586095839336e-06
57.55102040816327,0.001177154137232303,1.5103061858527007e-06
57.55102040816327,0.0013856918628031274,1.4992785989132216e-06
57.55102040816327,0.001631172909227838,1.4864269195235936e-06
57.55102040816327,0.001920141938638801,1.4714661989106142e-06
57.55102040816327,0.0022603030271419193,1.4540708955970657e-06
57.55102040816327,0.0026607250597988083,1.4338698051209677e-06
57.55102040816327,0.003132083512179837,1.4104404493676982e-06
57.55102040816327,0.0036869450645195733,1.3833028860479317e-06
57.55102040816327,0.00434010263644744,1.3519129077189847e-06
57.55102040816327,0.005108969774506924,1.3156546152207257e-06
57.55102040816327,0.006014044907055618,1.2738323743174147e-06
57.55102040816327,0.00707945784384138,1.2256621990413187e-06
57.55102040816327,0.008333613090239559,1.1702626538636475e-06
57.55102040816327,0.009809947127268775,1.1132989242654977e-06
57.55102040816327,0.011547819846894581,1.0564190508268387e-06
57.55102040816327,0.013593563908785255,9.911860878878612e-07
57.55102040816327,0.016001719994958277,9.16505164404416e-07
57.55102040816327,0.018836490894898,8.311672372524854e-07
57.55102040816327,0.022173453187867787,7.338457125869777e-07
57.55102040816327,0.026101572156825358,6.322822336868279e-07
57.55102040816327,0.03072557365267447,5.43082725236831e-07
57.55102040816327,0.036168736144081594,4.419121450086041e-07
57.55102040816327,0.04257617739046918,3.275192722255589e-07
57.55102040816327,0.05011872336272722,2.0435881298857161e-07
58.775510204081634,0.001,1.3062789585778296e-06
58.775510204081634,0.001177154137232303,1.2981863601802338e-06
58.775510204081634,0.0013856918628031274,1.2887389278937332e-06
58.775510204081634,0.001631172909227838,1.2777210776923884e-06
58.775510204081634,0.001920141938638801,1.2648857946426529e-06
58.775510204081634,0.0022603030271419193,1.2499506397783484e-06
58.775510204081634,0.0026607250597988083,1.2325933333058656e-06
58.775510204081634,0.003132083512179837,1.212446878020811e-06
58.775510204081634,0.0036869450645195733,1.1890941891286274e-06
58.775510204081634,0.00434010263644744,1.1620622032731843e-06
58.775510204081634,0.005108969774506924,1.1308154520372516e-06
58.775510204081634,0.006014044907055618,1.0947491052498415e-06
58.775510204081634,0.00707945784384138,1.0531815192412944e-06
58.775510204081634,0.008333613090239559,1.0053463674594473e-06
58.775510204081634,0.009809947127268775,9.559558688531295e-07
58.775510204081634,0.011547819846894581,9.068436143674746e-07
58.775510204081634,0.013593563908785255,8.50487756543967e-07
58.775510204081634,0.016001719994958277,7.859367076157477e-07
58.775510204081634,0.018836490894898,7.121397580923065e-07
58.775510204081634,0.022173453187867787,6.279441522013142e-07
58.775510204081634,0.026101572156825358,5.397455413459734e-07
58.775510204081634,0.03072557365267447,4.6262426050583896e-07
58.775510204081634,0.036168736144081594,3.751173978268566e-07
58.775510204081634,0.04257617739046918,2.76137649521448e-07
58.775510204081634,0.05011872336272722,1.6920894992844585e-07
60.0,0.001,1.1210895258852832e-06
60.0,0.001177154137232303,1.1141672090952967e-06
60.0,0.0013856918628031274,1.106080803926753e-06
60.0,0.001631172909227838,1.096643795484335e-06
60.0,0.001920141938638801,1.0856422468569366e-06
60.0,0.0022603030271419193,1.072831304606708e-06
60.0,0.0026607250597988083,1.0579313424959537e-06
60.0,0.003132083512179837,1.0406237142073438e-06
60.0,0.0036869450645195733,1.0205460870381849e-06
60.0,0.00434010263644744,9.972873332671613e-07
60.0,0.005108969774506924,9.70381965626917e-07
60.0,0.006014044907055618,9.393041197942963e-07
60.0,0.00707945784384138,9.034611120349805e-07
60.0,0.008333613090239559,8.621866365643438e-07
60.0,0.009809947127268775,8.193805394287131e-07
60.0,0.011547819846894581,7.77005597491619e-07
60.0,0.013593563908785255,7.283514300018329e-07
60.0,0.016001719994958277,6.725908860884634e-07
60.0,0.018836490894898,6.088107468669722e-07
60.0,0.022173453187867787,5.360091994430384e-07
60.0,0.026101572156825358,4.594286039437123e-07
60.0,0.03072557365267447,3.9279084448125517e-07
60.0,0.036168736144081594,3.1714518260964995e-07
60.0,0.04257617739046918,2.3154662976288224e-07
60.0,0.05011872336272722,1.387400732009268e-07
